{
  "dataset_revision": "c22ab2a51041ffd869aaddef7af8d8215647e41a",
  "task_name": "ArguAna",
  "mteb_version": "1.26.3",
  "scores": {
    "test": [
      {
        "ndcg_at_1": 0.21266,
        "ndcg_at_3": 0.33095,
        "ndcg_at_5": 0.37921,
        "ndcg_at_10": 0.43979,
        "ndcg_at_20": 0.47854,
        "ndcg_at_100": 0.49833,
        "ndcg_at_1000": 0.50031,
        "map_at_1": 0.21266,
        "map_at_3": 0.3005,
        "map_at_5": 0.32706,
        "map_at_10": 0.35196,
        "map_at_20": 0.36274,
        "map_at_100": 0.36566,
        "map_at_1000": 0.36575,
        "recall_at_1": 0.21266,
        "recall_at_3": 0.41963,
        "recall_at_5": 0.5377,
        "recall_at_10": 0.72546,
        "recall_at_20": 0.87767,
        "recall_at_100": 0.98151,
        "recall_at_1000": 0.99644,
        "precision_at_1": 0.21266,
        "precision_at_3": 0.13988,
        "precision_at_5": 0.10754,
        "precision_at_10": 0.07255,
        "precision_at_20": 0.04388,
        "precision_at_100": 0.00982,
        "precision_at_1000": 0.001,
        "mrr_at_1": 0.21266,
        "mrr_at_3": 0.300735,
        "mrr_at_5": 0.327086,
        "mrr_at_10": 0.351922,
        "mrr_at_20": 0.362765,
        "mrr_at_100": 0.365687,
        "mrr_at_1000": 0.365772,
        "nauc_ndcg_at_1_max": 0.036763,
        "nauc_ndcg_at_1_std": -0.078728,
        "nauc_ndcg_at_1_diff1": 0.189851,
        "nauc_ndcg_at_3_max": 0.046528,
        "nauc_ndcg_at_3_std": -0.073287,
        "nauc_ndcg_at_3_diff1": 0.128851,
        "nauc_ndcg_at_5_max": 0.055529,
        "nauc_ndcg_at_5_std": -0.076023,
        "nauc_ndcg_at_5_diff1": 0.110117,
        "nauc_ndcg_at_10_max": 0.066999,
        "nauc_ndcg_at_10_std": -0.085439,
        "nauc_ndcg_at_10_diff1": 0.097626,
        "nauc_ndcg_at_20_max": 0.065844,
        "nauc_ndcg_at_20_std": -0.090017,
        "nauc_ndcg_at_20_diff1": 0.105637,
        "nauc_ndcg_at_100_max": 0.061533,
        "nauc_ndcg_at_100_std": -0.077615,
        "nauc_ndcg_at_100_diff1": 0.117954,
        "nauc_ndcg_at_1000_max": 0.058921,
        "nauc_ndcg_at_1000_std": -0.08212,
        "nauc_ndcg_at_1000_diff1": 0.120315,
        "nauc_map_at_1_max": 0.036763,
        "nauc_map_at_1_std": -0.078728,
        "nauc_map_at_1_diff1": 0.189851,
        "nauc_map_at_3_max": 0.045278,
        "nauc_map_at_3_std": -0.077099,
        "nauc_map_at_3_diff1": 0.142538,
        "nauc_map_at_5_max": 0.050386,
        "nauc_map_at_5_std": -0.07857,
        "nauc_map_at_5_diff1": 0.132216,
        "nauc_map_at_10_max": 0.054964,
        "nauc_map_at_10_std": -0.083145,
        "nauc_map_at_10_diff1": 0.128159,
        "nauc_map_at_20_max": 0.054443,
        "nauc_map_at_20_std": -0.084772,
        "nauc_map_at_20_diff1": 0.130827,
        "nauc_map_at_100_max": 0.054031,
        "nauc_map_at_100_std": -0.083221,
        "nauc_map_at_100_diff1": 0.132587,
        "nauc_map_at_1000_max": 0.053937,
        "nauc_map_at_1000_std": -0.08339,
        "nauc_map_at_1000_diff1": 0.132684,
        "nauc_recall_at_1_max": 0.036763,
        "nauc_recall_at_1_std": -0.078728,
        "nauc_recall_at_1_diff1": 0.189851,
        "nauc_recall_at_3_max": 0.049464,
        "nauc_recall_at_3_std": -0.062334,
        "nauc_recall_at_3_diff1": 0.092918,
        "nauc_recall_at_5_max": 0.070563,
        "nauc_recall_at_5_std": -0.068508,
        "nauc_recall_at_5_diff1": 0.04641,
        "nauc_recall_at_10_max": 0.118269,
        "nauc_recall_at_10_std": -0.096053,
        "nauc_recall_at_10_diff1": -0.026346,
        "nauc_recall_at_20_max": 0.158318,
        "nauc_recall_at_20_std": -0.136151,
        "nauc_recall_at_20_diff1": -0.08008,
        "nauc_recall_at_100_max": 0.319346,
        "nauc_recall_at_100_std": 0.472113,
        "nauc_recall_at_100_diff1": -0.238593,
        "nauc_recall_at_1000_max": 0.063433,
        "nauc_recall_at_1000_std": 0.490264,
        "nauc_recall_at_1000_diff1": -0.547332,
        "nauc_precision_at_1_max": 0.036763,
        "nauc_precision_at_1_std": -0.078728,
        "nauc_precision_at_1_diff1": 0.189851,
        "nauc_precision_at_3_max": 0.049464,
        "nauc_precision_at_3_std": -0.062334,
        "nauc_precision_at_3_diff1": 0.092918,
        "nauc_precision_at_5_max": 0.070563,
        "nauc_precision_at_5_std": -0.068508,
        "nauc_precision_at_5_diff1": 0.04641,
        "nauc_precision_at_10_max": 0.118269,
        "nauc_precision_at_10_std": -0.096053,
        "nauc_precision_at_10_diff1": -0.026346,
        "nauc_precision_at_20_max": 0.158318,
        "nauc_precision_at_20_std": -0.136151,
        "nauc_precision_at_20_diff1": -0.08008,
        "nauc_precision_at_100_max": 0.319346,
        "nauc_precision_at_100_std": 0.472113,
        "nauc_precision_at_100_diff1": -0.238593,
        "nauc_precision_at_1000_max": 0.063433,
        "nauc_precision_at_1000_std": 0.490264,
        "nauc_precision_at_1000_diff1": -0.547332,
        "nauc_mrr_at_1_max": 0.036763,
        "nauc_mrr_at_1_std": -0.078728,
        "nauc_mrr_at_1_diff1": 0.189851,
        "nauc_mrr_at_3_max": 0.045022,
        "nauc_mrr_at_3_std": -0.077737,
        "nauc_mrr_at_3_diff1": 0.142461,
        "nauc_mrr_at_5_max": 0.050128,
        "nauc_mrr_at_5_std": -0.078634,
        "nauc_mrr_at_5_diff1": 0.132002,
        "nauc_mrr_at_10_max": 0.054719,
        "nauc_mrr_at_10_std": -0.083619,
        "nauc_mrr_at_10_diff1": 0.127948,
        "nauc_mrr_at_20_max": 0.054045,
        "nauc_mrr_at_20_std": -0.084898,
        "nauc_mrr_at_20_diff1": 0.130474,
        "nauc_mrr_at_100_max": 0.053629,
        "nauc_mrr_at_100_std": -0.083349,
        "nauc_mrr_at_100_diff1": 0.13223,
        "nauc_mrr_at_1000_max": 0.053535,
        "nauc_mrr_at_1000_std": -0.083518,
        "nauc_mrr_at_1000_diff1": 0.132328,
        "main_score": 0.43979,
        "hf_subset": "default",
        "languages": [
          "eng-Latn"
        ]
      }
    ]
  },
  "evaluation_time": 22.673591136932373,
  "kg_co2_emissions": null
}