{
  "dataset_revision": "0fd18e25b25c072e09e0d92ab615fda904d66300",
  "task_name": "Banking77Classification",
  "mteb_version": "1.26.3",
  "scores": {
    "test": [
      {
        "accuracy": 0.796396,
        "f1": 0.789762,
        "f1_weighted": 0.789762,
        "scores_per_experiment": [
          {
            "accuracy": 0.788636,
            "f1": 0.778506,
            "f1_weighted": 0.778506
          },
          {
            "accuracy": 0.798701,
            "f1": 0.792542,
            "f1_weighted": 0.792542
          },
          {
            "accuracy": 0.811688,
            "f1": 0.806854,
            "f1_weighted": 0.806854
          },
          {
            "accuracy": 0.804221,
            "f1": 0.79878,
            "f1_weighted": 0.79878
          },
          {
            "accuracy": 0.78539,
            "f1": 0.777324,
            "f1_weighted": 0.777324
          },
          {
            "accuracy": 0.802273,
            "f1": 0.797982,
            "f1_weighted": 0.797982
          },
          {
            "accuracy": 0.782468,
            "f1": 0.774078,
            "f1_weighted": 0.774078
          },
          {
            "accuracy": 0.787338,
            "f1": 0.779914,
            "f1_weighted": 0.779914
          },
          {
            "accuracy": 0.803571,
            "f1": 0.797483,
            "f1_weighted": 0.797483
          },
          {
            "accuracy": 0.799675,
            "f1": 0.794162,
            "f1_weighted": 0.794162
          }
        ],
        "main_score": 0.796396,
        "hf_subset": "default",
        "languages": [
          "eng-Latn"
        ]
      }
    ]
  },
  "evaluation_time": 11.808137655258179,
  "kg_co2_emissions": null
}