{
  "dataset_revision": "258694dd0231531bc1fd9de6ceb52a0853c6d908",
  "task_name": "BiorxivClusteringS2S",
  "mteb_version": "1.26.3",
  "scores": {
    "test": [
      {
        "v_measure": 0.340461,
        "v_measure_std": 0.008173,
        "v_measures": [
          0.331547,
          0.328599,
          0.346615,
          0.340603,
          0.340027,
          0.348397,
          0.326382,
          0.347051,
          0.347224,
          0.348169
        ],
        "main_score": 0.340461,
        "hf_subset": "default",
        "languages": [
          "eng-Latn"
        ]
      }
    ]
  },
  "evaluation_time": 23.378072023391724,
  "kg_co2_emissions": null
}