{
  "dataset_revision": "4f58c6b202a23cf9a4da393831edf4f9183cad37",
  "task_name": "EmotionClassification",
  "mteb_version": "1.26.3",
  "scores": {
    "validation": [
      {
        "accuracy": 0.40205,
        "f1": 0.363928,
        "f1_weighted": 0.420726,
        "scores_per_experiment": [
          {
            "accuracy": 0.423,
            "f1": 0.373156,
            "f1_weighted": 0.444436
          },
          {
            "accuracy": 0.3845,
            "f1": 0.347576,
            "f1_weighted": 0.392153
          },
          {
            "accuracy": 0.3915,
            "f1": 0.351637,
            "f1_weighted": 0.410094
          },
          {
            "accuracy": 0.4115,
            "f1": 0.372901,
            "f1_weighted": 0.435853
          },
          {
            "accuracy": 0.3965,
            "f1": 0.360209,
            "f1_weighted": 0.4155
          },
          {
            "accuracy": 0.3995,
            "f1": 0.377889,
            "f1_weighted": 0.415689
          },
          {
            "accuracy": 0.427,
            "f1": 0.369183,
            "f1_weighted": 0.444784
          },
          {
            "accuracy": 0.383,
            "f1": 0.354159,
            "f1_weighted": 0.397827
          },
          {
            "accuracy": 0.422,
            "f1": 0.380946,
            "f1_weighted": 0.44643
          },
          {
            "accuracy": 0.382,
            "f1": 0.351622,
            "f1_weighted": 0.404491
          }
        ],
        "main_score": 0.40205,
        "hf_subset": "default",
        "languages": [
          "eng-Latn"
        ]
      }
    ],
    "test": [
      {
        "accuracy": 0.4065,
        "f1": 0.361544,
        "f1_weighted": 0.429862,
        "scores_per_experiment": [
          {
            "accuracy": 0.4205,
            "f1": 0.365708,
            "f1_weighted": 0.444707
          },
          {
            "accuracy": 0.38,
            "f1": 0.340612,
            "f1_weighted": 0.394953
          },
          {
            "accuracy": 0.392,
            "f1": 0.346915,
            "f1_weighted": 0.415658
          },
          {
            "accuracy": 0.4115,
            "f1": 0.363465,
            "f1_weighted": 0.442331
          },
          {
            "accuracy": 0.43,
            "f1": 0.389875,
            "f1_weighted": 0.45096
          },
          {
            "accuracy": 0.372,
            "f1": 0.345698,
            "f1_weighted": 0.39262
          },
          {
            "accuracy": 0.4485,
            "f1": 0.384532,
            "f1_weighted": 0.472526
          },
          {
            "accuracy": 0.3845,
            "f1": 0.344209,
            "f1_weighted": 0.406574
          },
          {
            "accuracy": 0.4295,
            "f1": 0.376485,
            "f1_weighted": 0.459022
          },
          {
            "accuracy": 0.3965,
            "f1": 0.357944,
            "f1_weighted": 0.419273
          }
        ],
        "main_score": 0.4065,
        "hf_subset": "default",
        "languages": [
          "eng-Latn"
        ]
      }
    ]
  },
  "evaluation_time": 9.844995498657227,
  "kg_co2_emissions": null
}