{
  "dataset_revision": "4672e20407010da34463acc759c162ca9734bca6",
  "task_name": "MassiveIntentClassification",
  "mteb_version": "1.26.3",
  "scores": {
    "validation": [
      {
        "accuracy": 0.662322,
        "f1": 0.615004,
        "f1_weighted": 0.651471,
        "scores_per_experiment": [
          {
            "accuracy": 0.673881,
            "f1": 0.626626,
            "f1_weighted": 0.668628
          },
          {
            "accuracy": 0.693064,
            "f1": 0.641376,
            "f1_weighted": 0.685064
          },
          {
            "accuracy": 0.660108,
            "f1": 0.606139,
            "f1_weighted": 0.648269
          },
          {
            "accuracy": 0.67634,
            "f1": 0.623226,
            "f1_weighted": 0.663741
          },
          {
            "accuracy": 0.664043,
            "f1": 0.612496,
            "f1_weighted": 0.649696
          },
          {
            "accuracy": 0.637482,
            "f1": 0.599486,
            "f1_weighted": 0.624284
          },
          {
            "accuracy": 0.664535,
            "f1": 0.622682,
            "f1_weighted": 0.65382
          },
          {
            "accuracy": 0.646827,
            "f1": 0.603937,
            "f1_weighted": 0.640148
          },
          {
            "accuracy": 0.642892,
            "f1": 0.597704,
            "f1_weighted": 0.625377
          },
          {
            "accuracy": 0.664043,
            "f1": 0.616365,
            "f1_weighted": 0.65568
          }
        ],
        "main_score": 0.662322,
        "hf_subset": "en",
        "languages": [
          "eng-Latn"
        ]
      }
    ],
    "test": [
      {
        "accuracy": 0.650168,
        "f1": 0.62924,
        "f1_weighted": 0.639974,
        "scores_per_experiment": [
          {
            "accuracy": 0.661399,
            "f1": 0.634839,
            "f1_weighted": 0.651108
          },
          {
            "accuracy": 0.681237,
            "f1": 0.664152,
            "f1_weighted": 0.673914
          },
          {
            "accuracy": 0.635508,
            "f1": 0.606391,
            "f1_weighted": 0.621292
          },
          {
            "accuracy": 0.664425,
            "f1": 0.633439,
            "f1_weighted": 0.656972
          },
          {
            "accuracy": 0.642569,
            "f1": 0.618994,
            "f1_weighted": 0.629938
          },
          {
            "accuracy": 0.624075,
            "f1": 0.613854,
            "f1_weighted": 0.612108
          },
          {
            "accuracy": 0.642905,
            "f1": 0.629198,
            "f1_weighted": 0.631267
          },
          {
            "accuracy": 0.656355,
            "f1": 0.631237,
            "f1_weighted": 0.651105
          },
          {
            "accuracy": 0.637525,
            "f1": 0.622793,
            "f1_weighted": 0.622475
          },
          {
            "accuracy": 0.655683,
            "f1": 0.6375,
            "f1_weighted": 0.649563
          }
        ],
        "main_score": 0.650168,
        "hf_subset": "en",
        "languages": [
          "eng-Latn"
        ]
      }
    ]
  },
  "evaluation_time": 7.023536920547485,
  "kg_co2_emissions": null
}