{
  "dataset_revision": "35191c8c0dca72d8ff3efcd72aa802307d469663",
  "task_name": "MedrxivClusteringS2S",
  "mteb_version": "1.26.3",
  "scores": {
    "test": [
      {
        "v_measure": 0.321565,
        "v_measure_std": 0.014114,
        "v_measures": [
          0.305414,
          0.305828,
          0.313796,
          0.307104,
          0.312525,
          0.343592,
          0.333214,
          0.340116,
          0.334363,
          0.319693
        ],
        "main_score": 0.321565,
        "hf_subset": "default",
        "languages": [
          "eng-Latn"
        ]
      }
    ]
  },
  "evaluation_time": 14.233259677886963,
  "kg_co2_emissions": null
}