{
  "dataset_revision": "ec0fa4fe99da2ff19ca1214b7966684033a58814",
  "task_name": "NFCorpus",
  "mteb_version": "1.26.3",
  "scores": {
    "test": [
      {
        "ndcg_at_1": 0.4257,
        "ndcg_at_3": 0.37898,
        "ndcg_at_5": 0.36187,
        "ndcg_at_10": 0.33158,
        "ndcg_at_20": 0.31459,
        "ndcg_at_100": 0.31517,
        "ndcg_at_1000": 0.40559,
        "map_at_1": 0.05004,
        "map_at_3": 0.08486,
        "map_at_5": 0.10092,
        "map_at_10": 0.11877,
        "map_at_20": 0.13399,
        "map_at_100": 0.1559,
        "map_at_1000": 0.17097,
        "recall_at_1": 0.05004,
        "recall_at_3": 0.0998,
        "recall_at_5": 0.12573,
        "recall_at_10": 0.163,
        "recall_at_20": 0.20757,
        "recall_at_100": 0.33865,
        "recall_at_1000": 0.66608,
        "precision_at_1": 0.44272,
        "precision_at_3": 0.35913,
        "precision_at_5": 0.32074,
        "precision_at_10": 0.24985,
        "precision_at_20": 0.18994,
        "precision_at_100": 0.08353,
        "precision_at_1000": 0.02129,
        "mrr_at_1": 0.439628,
        "mrr_at_3": 0.506192,
        "mrr_at_5": 0.518731,
        "mrr_at_10": 0.52715,
        "mrr_at_20": 0.53051,
        "mrr_at_100": 0.533018,
        "mrr_at_1000": 0.533371,
        "nauc_ndcg_at_1_max": 0.300097,
        "nauc_ndcg_at_1_std": 0.196034,
        "nauc_ndcg_at_1_diff1": 0.302794,
        "nauc_ndcg_at_3_max": 0.347413,
        "nauc_ndcg_at_3_std": 0.236281,
        "nauc_ndcg_at_3_diff1": 0.268722,
        "nauc_ndcg_at_5_max": 0.358144,
        "nauc_ndcg_at_5_std": 0.250894,
        "nauc_ndcg_at_5_diff1": 0.246699,
        "nauc_ndcg_at_10_max": 0.363211,
        "nauc_ndcg_at_10_std": 0.267694,
        "nauc_ndcg_at_10_diff1": 0.2244,
        "nauc_ndcg_at_20_max": 0.350701,
        "nauc_ndcg_at_20_std": 0.254996,
        "nauc_ndcg_at_20_diff1": 0.210439,
        "nauc_ndcg_at_100_max": 0.369564,
        "nauc_ndcg_at_100_std": 0.277863,
        "nauc_ndcg_at_100_diff1": 0.233485,
        "nauc_ndcg_at_1000_max": 0.432201,
        "nauc_ndcg_at_1000_std": 0.357054,
        "nauc_ndcg_at_1000_diff1": 0.247775,
        "nauc_map_at_1_max": 0.010506,
        "nauc_map_at_1_std": -0.128118,
        "nauc_map_at_1_diff1": 0.475286,
        "nauc_map_at_3_max": 0.086082,
        "nauc_map_at_3_std": -0.080746,
        "nauc_map_at_3_diff1": 0.412802,
        "nauc_map_at_5_max": 0.140138,
        "nauc_map_at_5_std": -0.029966,
        "nauc_map_at_5_diff1": 0.376293,
        "nauc_map_at_10_max": 0.194922,
        "nauc_map_at_10_std": 0.027992,
        "nauc_map_at_10_diff1": 0.341326,
        "nauc_map_at_20_max": 0.228566,
        "nauc_map_at_20_std": 0.066778,
        "nauc_map_at_20_diff1": 0.31454,
        "nauc_map_at_100_max": 0.26268,
        "nauc_map_at_100_std": 0.134032,
        "nauc_map_at_100_diff1": 0.284773,
        "nauc_map_at_1000_max": 0.275683,
        "nauc_map_at_1000_std": 0.168713,
        "nauc_map_at_1000_diff1": 0.276287,
        "nauc_recall_at_1_max": 0.010506,
        "nauc_recall_at_1_std": -0.128118,
        "nauc_recall_at_1_diff1": 0.475286,
        "nauc_recall_at_3_max": 0.101654,
        "nauc_recall_at_3_std": -0.071919,
        "nauc_recall_at_3_diff1": 0.370834,
        "nauc_recall_at_5_max": 0.165211,
        "nauc_recall_at_5_std": -0.000249,
        "nauc_recall_at_5_diff1": 0.316808,
        "nauc_recall_at_10_max": 0.201085,
        "nauc_recall_at_10_std": 0.052394,
        "nauc_recall_at_10_diff1": 0.271955,
        "nauc_recall_at_20_max": 0.218881,
        "nauc_recall_at_20_std": 0.076332,
        "nauc_recall_at_20_diff1": 0.231173,
        "nauc_recall_at_100_max": 0.238867,
        "nauc_recall_at_100_std": 0.173713,
        "nauc_recall_at_100_diff1": 0.151615,
        "nauc_recall_at_1000_max": 0.221403,
        "nauc_recall_at_1000_std": 0.209034,
        "nauc_recall_at_1000_diff1": 0.106286,
        "nauc_precision_at_1_max": 0.322107,
        "nauc_precision_at_1_std": 0.205056,
        "nauc_precision_at_1_diff1": 0.29141,
        "nauc_precision_at_3_max": 0.400144,
        "nauc_precision_at_3_std": 0.294736,
        "nauc_precision_at_3_diff1": 0.19117,
        "nauc_precision_at_5_max": 0.409574,
        "nauc_precision_at_5_std": 0.325171,
        "nauc_precision_at_5_diff1": 0.122571,
        "nauc_precision_at_10_max": 0.382865,
        "nauc_precision_at_10_std": 0.351441,
        "nauc_precision_at_10_diff1": 0.043217,
        "nauc_precision_at_20_max": 0.329906,
        "nauc_precision_at_20_std": 0.34726,
        "nauc_precision_at_20_diff1": -0.024071,
        "nauc_precision_at_100_max": 0.207285,
        "nauc_precision_at_100_std": 0.360948,
        "nauc_precision_at_100_diff1": -0.062088,
        "nauc_precision_at_1000_max": 0.076515,
        "nauc_precision_at_1000_std": 0.248095,
        "nauc_precision_at_1000_diff1": -0.062861,
        "nauc_mrr_at_1_max": 0.320276,
        "nauc_mrr_at_1_std": 0.189773,
        "nauc_mrr_at_1_diff1": 0.299749,
        "nauc_mrr_at_3_max": 0.392435,
        "nauc_mrr_at_3_std": 0.275558,
        "nauc_mrr_at_3_diff1": 0.292864,
        "nauc_mrr_at_5_max": 0.392424,
        "nauc_mrr_at_5_std": 0.278364,
        "nauc_mrr_at_5_diff1": 0.2879,
        "nauc_mrr_at_10_max": 0.39629,
        "nauc_mrr_at_10_std": 0.282921,
        "nauc_mrr_at_10_diff1": 0.287182,
        "nauc_mrr_at_20_max": 0.395926,
        "nauc_mrr_at_20_std": 0.28219,
        "nauc_mrr_at_20_diff1": 0.288823,
        "nauc_mrr_at_100_max": 0.395715,
        "nauc_mrr_at_100_std": 0.283338,
        "nauc_mrr_at_100_diff1": 0.290038,
        "nauc_mrr_at_1000_max": 0.395471,
        "nauc_mrr_at_1000_std": 0.282987,
        "nauc_mrr_at_1000_diff1": 0.290095,
        "main_score": 0.33158,
        "hf_subset": "default",
        "languages": [
          "eng-Latn"
        ]
      }
    ]
  },
  "evaluation_time": 10.950348854064941,
  "kg_co2_emissions": null
}