{
  "dataset_revision": "d3c5e1fc0b855ab6097bf1cda04dd73947d7caab",
  "task_name": "SciDocsRR",
  "mteb_version": "1.26.3",
  "scores": {
    "test": [
      {
        "map": 0.877694,
        "mrr": 0.965045,
        "nAUC_map_max": 0.561021,
        "nAUC_map_std": 0.716743,
        "nAUC_map_diff1": 0.00944,
        "nAUC_mrr_max": 0.88061,
        "nAUC_mrr_std": 0.854478,
        "nAUC_mrr_diff1": 0.456579,
        "main_score": 0.877694,
        "hf_subset": "default",
        "languages": [
          "eng-Latn"
        ]
      }
    ]
  },
  "evaluation_time": 28.66462016105652,
  "kg_co2_emissions": null
}