{
  "dataset_revision": "0228b52cf27578f30900b9e5271d331663a030d7",
  "task_name": "SciFact",
  "mteb_version": "1.26.3",
  "scores": {
    "train": [
      {
        "ndcg_at_1": 0.53894,
        "ndcg_at_3": 0.60766,
        "ndcg_at_5": 0.63728,
        "ndcg_at_10": 0.66054,
        "ndcg_at_20": 0.67442,
        "ndcg_at_100": 0.69142,
        "ndcg_at_1000": 0.6988,
        "map_at_1": 0.51061,
        "map_at_3": 0.58062,
        "map_at_5": 0.60049,
        "map_at_10": 0.61159,
        "map_at_20": 0.61604,
        "map_at_100": 0.61864,
        "map_at_1000": 0.61893,
        "recall_at_1": 0.51061,
        "recall_at_3": 0.65841,
        "recall_at_5": 0.72752,
        "recall_at_10": 0.7959,
        "recall_at_20": 0.84693,
        "recall_at_100": 0.93407,
        "recall_at_1000": 0.99135,
        "precision_at_1": 0.53894,
        "precision_at_3": 0.2398,
        "precision_at_5": 0.16168,
        "precision_at_10": 0.08986,
        "precision_at_20": 0.04827,
        "precision_at_100": 0.01067,
        "precision_at_1000": 0.00113,
        "mrr_at_1": 0.538937,
        "mrr_at_3": 0.604656,
        "mrr_at_5": 0.619056,
        "mrr_at_10": 0.626254,
        "mrr_at_20": 0.629583,
        "mrr_at_100": 0.631856,
        "mrr_at_1000": 0.632119,
        "nauc_ndcg_at_1_max": 0.438541,
        "nauc_ndcg_at_1_std": 0.099096,
        "nauc_ndcg_at_1_diff1": 0.633318,
        "nauc_ndcg_at_3_max": 0.448144,
        "nauc_ndcg_at_3_std": 0.11365,
        "nauc_ndcg_at_3_diff1": 0.587729,
        "nauc_ndcg_at_5_max": 0.453431,
        "nauc_ndcg_at_5_std": 0.135038,
        "nauc_ndcg_at_5_diff1": 0.569288,
        "nauc_ndcg_at_10_max": 0.470437,
        "nauc_ndcg_at_10_std": 0.154742,
        "nauc_ndcg_at_10_diff1": 0.569341,
        "nauc_ndcg_at_20_max": 0.478507,
        "nauc_ndcg_at_20_std": 0.166151,
        "nauc_ndcg_at_20_diff1": 0.573406,
        "nauc_ndcg_at_100_max": 0.480884,
        "nauc_ndcg_at_100_std": 0.162019,
        "nauc_ndcg_at_100_diff1": 0.583457,
        "nauc_ndcg_at_1000_max": 0.473295,
        "nauc_ndcg_at_1000_std": 0.154981,
        "nauc_ndcg_at_1000_diff1": 0.583088,
        "nauc_map_at_1_max": 0.38813,
        "nauc_map_at_1_std": 0.055654,
        "nauc_map_at_1_diff1": 0.645353,
        "nauc_map_at_3_max": 0.424379,
        "nauc_map_at_3_std": 0.087516,
        "nauc_map_at_3_diff1": 0.60345,
        "nauc_map_at_5_max": 0.437154,
        "nauc_map_at_5_std": 0.105613,
        "nauc_map_at_5_diff1": 0.589703,
        "nauc_map_at_10_max": 0.447557,
        "nauc_map_at_10_std": 0.117578,
        "nauc_map_at_10_diff1": 0.590151,
        "nauc_map_at_20_max": 0.450399,
        "nauc_map_at_20_std": 0.122505,
        "nauc_map_at_20_diff1": 0.590781,
        "nauc_map_at_100_max": 0.450995,
        "nauc_map_at_100_std": 0.122193,
        "nauc_map_at_100_diff1": 0.59216,
        "nauc_map_at_1000_max": 0.45077,
        "nauc_map_at_1000_std": 0.122017,
        "nauc_map_at_1000_diff1": 0.592223,
        "nauc_recall_at_1_max": 0.38813,
        "nauc_recall_at_1_std": 0.055654,
        "nauc_recall_at_1_diff1": 0.645353,
        "nauc_recall_at_3_max": 0.448501,
        "nauc_recall_at_3_std": 0.122474,
        "nauc_recall_at_3_diff1": 0.551599,
        "nauc_recall_at_5_max": 0.455518,
        "nauc_recall_at_5_std": 0.183179,
        "nauc_recall_at_5_diff1": 0.490544,
        "nauc_recall_at_10_max": 0.520965,
        "nauc_recall_at_10_std": 0.262729,
        "nauc_recall_at_10_diff1": 0.478499,
        "nauc_recall_at_20_max": 0.585707,
        "nauc_recall_at_20_std": 0.353747,
        "nauc_recall_at_20_diff1": 0.489372,
        "nauc_recall_at_100_max": 0.737961,
        "nauc_recall_at_100_std": 0.46712,
        "nauc_recall_at_100_diff1": 0.583603,
        "nauc_recall_at_1000_max": 0.764255,
        "nauc_recall_at_1000_std": 0.84591,
        "nauc_recall_at_1000_diff1": 0.412764,
        "nauc_precision_at_1_max": 0.438541,
        "nauc_precision_at_1_std": 0.099096,
        "nauc_precision_at_1_diff1": 0.633318,
        "nauc_precision_at_3_max": 0.51957,
        "nauc_precision_at_3_std": 0.221634,
        "nauc_precision_at_3_diff1": 0.406119,
        "nauc_precision_at_5_max": 0.499451,
        "nauc_precision_at_5_std": 0.287868,
        "nauc_precision_at_5_diff1": 0.242064,
        "nauc_precision_at_10_max": 0.47564,
        "nauc_precision_at_10_std": 0.352898,
        "nauc_precision_at_10_diff1": 0.131812,
        "nauc_precision_at_20_max": 0.446828,
        "nauc_precision_at_20_std": 0.394844,
        "nauc_precision_at_20_diff1": 0.053505,
        "nauc_precision_at_100_max": 0.376997,
        "nauc_precision_at_100_std": 0.385081,
        "nauc_precision_at_100_diff1": -0.064854,
        "nauc_precision_at_1000_max": 0.278577,
        "nauc_precision_at_1000_std": 0.366747,
        "nauc_precision_at_1000_diff1": -0.220452,
        "nauc_mrr_at_1_max": 0.438541,
        "nauc_mrr_at_1_std": 0.099096,
        "nauc_mrr_at_1_diff1": 0.633318,
        "nauc_mrr_at_3_max": 0.470529,
        "nauc_mrr_at_3_std": 0.140728,
        "nauc_mrr_at_3_diff1": 0.590666,
        "nauc_mrr_at_5_max": 0.468033,
        "nauc_mrr_at_5_std": 0.148613,
        "nauc_mrr_at_5_diff1": 0.584963,
        "nauc_mrr_at_10_max": 0.469948,
        "nauc_mrr_at_10_std": 0.150251,
        "nauc_mrr_at_10_diff1": 0.585088,
        "nauc_mrr_at_20_max": 0.470621,
        "nauc_mrr_at_20_std": 0.151193,
        "nauc_mrr_at_20_diff1": 0.586566,
        "nauc_mrr_at_100_max": 0.471189,
        "nauc_mrr_at_100_std": 0.151002,
        "nauc_mrr_at_100_diff1": 0.587971,
        "nauc_mrr_at_1000_max": 0.470927,
        "nauc_mrr_at_1000_std": 0.150811,
        "nauc_mrr_at_1000_diff1": 0.587957,
        "main_score": 0.66054,
        "hf_subset": "default",
        "languages": [
          "eng-Latn"
        ]
      }
    ],
    "test": [
      {
        "ndcg_at_1": 0.52333,
        "ndcg_at_3": 0.59321,
        "ndcg_at_5": 0.62071,
        "ndcg_at_10": 0.64806,
        "ndcg_at_20": 0.66607,
        "ndcg_at_100": 0.68416,
        "ndcg_at_1000": 0.69108,
        "map_at_1": 0.50456,
        "map_at_3": 0.56869,
        "map_at_5": 0.58736,
        "map_at_10": 0.60105,
        "map_at_20": 0.60651,
        "map_at_100": 0.60922,
        "map_at_1000": 0.60954,
        "recall_at_1": 0.50456,
        "recall_at_3": 0.63783,
        "recall_at_5": 0.70544,
        "recall_at_10": 0.78178,
        "recall_at_20": 0.84967,
        "recall_at_100": 0.945,
        "recall_at_1000": 0.99667,
        "precision_at_1": 0.52333,
        "precision_at_3": 0.23222,
        "precision_at_5": 0.156,
        "precision_at_10": 0.08833,
        "precision_at_20": 0.04833,
        "precision_at_100": 0.01073,
        "precision_at_1000": 0.00113,
        "mrr_at_1": 0.523333,
        "mrr_at_3": 0.584444,
        "mrr_at_5": 0.599444,
        "mrr_at_10": 0.609626,
        "mrr_at_20": 0.614043,
        "mrr_at_100": 0.616317,
        "mrr_at_1000": 0.616624,
        "nauc_ndcg_at_1_max": 0.387627,
        "nauc_ndcg_at_1_std": 0.064915,
        "nauc_ndcg_at_1_diff1": 0.695028,
        "nauc_ndcg_at_3_max": 0.465868,
        "nauc_ndcg_at_3_std": 0.10746,
        "nauc_ndcg_at_3_diff1": 0.688399,
        "nauc_ndcg_at_5_max": 0.456289,
        "nauc_ndcg_at_5_std": 0.097994,
        "nauc_ndcg_at_5_diff1": 0.68008,
        "nauc_ndcg_at_10_max": 0.478888,
        "nauc_ndcg_at_10_std": 0.137745,
        "nauc_ndcg_at_10_diff1": 0.66831,
        "nauc_ndcg_at_20_max": 0.49617,
        "nauc_ndcg_at_20_std": 0.149797,
        "nauc_ndcg_at_20_diff1": 0.666772,
        "nauc_ndcg_at_100_max": 0.475428,
        "nauc_ndcg_at_100_std": 0.140012,
        "nauc_ndcg_at_100_diff1": 0.66751,
        "nauc_ndcg_at_1000_max": 0.468461,
        "nauc_ndcg_at_1000_std": 0.127183,
        "nauc_ndcg_at_1000_diff1": 0.671892,
        "nauc_map_at_1_max": 0.353437,
        "nauc_map_at_1_std": 0.02766,
        "nauc_map_at_1_diff1": 0.704767,
        "nauc_map_at_3_max": 0.431641,
        "nauc_map_at_3_std": 0.073047,
        "nauc_map_at_3_diff1": 0.694912,
        "nauc_map_at_5_max": 0.43619,
        "nauc_map_at_5_std": 0.080357,
        "nauc_map_at_5_diff1": 0.686132,
        "nauc_map_at_10_max": 0.44991,
        "nauc_map_at_10_std": 0.101462,
        "nauc_map_at_10_diff1": 0.679961,
        "nauc_map_at_20_max": 0.454224,
        "nauc_map_at_20_std": 0.105045,
        "nauc_map_at_20_diff1": 0.679239,
        "nauc_map_at_100_max": 0.45105,
        "nauc_map_at_100_std": 0.103154,
        "nauc_map_at_100_diff1": 0.679282,
        "nauc_map_at_1000_max": 0.45069,
        "nauc_map_at_1000_std": 0.102697,
        "nauc_map_at_1000_diff1": 0.67945,
        "nauc_recall_at_1_max": 0.353437,
        "nauc_recall_at_1_std": 0.02766,
        "nauc_recall_at_1_diff1": 0.704767,
        "nauc_recall_at_3_max": 0.507843,
        "nauc_recall_at_3_std": 0.141839,
        "nauc_recall_at_3_diff1": 0.69047,
        "nauc_recall_at_5_max": 0.49312,
        "nauc_recall_at_5_std": 0.123471,
        "nauc_recall_at_5_diff1": 0.658806,
        "nauc_recall_at_10_max": 0.576592,
        "nauc_recall_at_10_std": 0.265289,
        "nauc_recall_at_10_diff1": 0.617439,
        "nauc_recall_at_20_max": 0.738147,
        "nauc_recall_at_20_std": 0.387251,
        "nauc_recall_at_20_diff1": 0.593055,
        "nauc_recall_at_100_max": 0.662366,
        "nauc_recall_at_100_std": 0.576635,
        "nauc_recall_at_100_diff1": 0.505998,
        "nauc_recall_at_1000_max": 0.358077,
        "nauc_recall_at_1000_std": 0.358077,
        "nauc_recall_at_1000_diff1": 0.554155,
        "nauc_precision_at_1_max": 0.387627,
        "nauc_precision_at_1_std": 0.064915,
        "nauc_precision_at_1_diff1": 0.695028,
        "nauc_precision_at_3_max": 0.550915,
        "nauc_precision_at_3_std": 0.267492,
        "nauc_precision_at_3_diff1": 0.517976,
        "nauc_precision_at_5_max": 0.520551,
        "nauc_precision_at_5_std": 0.288355,
        "nauc_precision_at_5_diff1": 0.388469,
        "nauc_precision_at_10_max": 0.513882,
        "nauc_precision_at_10_std": 0.40771,
        "nauc_precision_at_10_diff1": 0.208199,
        "nauc_precision_at_20_max": 0.5196,
        "nauc_precision_at_20_std": 0.477828,
        "nauc_precision_at_20_diff1": 0.072398,
        "nauc_precision_at_100_max": 0.335297,
        "nauc_precision_at_100_std": 0.489591,
        "nauc_precision_at_100_diff1": -0.147614,
        "nauc_precision_at_1000_max": 0.240035,
        "nauc_precision_at_1000_std": 0.443635,
        "nauc_precision_at_1000_diff1": -0.293264,
        "nauc_mrr_at_1_max": 0.387627,
        "nauc_mrr_at_1_std": 0.064915,
        "nauc_mrr_at_1_diff1": 0.695028,
        "nauc_mrr_at_3_max": 0.456911,
        "nauc_mrr_at_3_std": 0.10995,
        "nauc_mrr_at_3_diff1": 0.685501,
        "nauc_mrr_at_5_max": 0.447582,
        "nauc_mrr_at_5_std": 0.097631,
        "nauc_mrr_at_5_diff1": 0.681594,
        "nauc_mrr_at_10_max": 0.455683,
        "nauc_mrr_at_10_std": 0.113087,
        "nauc_mrr_at_10_diff1": 0.678094,
        "nauc_mrr_at_20_max": 0.457045,
        "nauc_mrr_at_20_std": 0.112538,
        "nauc_mrr_at_20_diff1": 0.678074,
        "nauc_mrr_at_100_max": 0.454391,
        "nauc_mrr_at_100_std": 0.110203,
        "nauc_mrr_at_100_diff1": 0.678259,
        "nauc_mrr_at_1000_max": 0.454046,
        "nauc_mrr_at_1000_std": 0.109776,
        "nauc_mrr_at_1000_diff1": 0.67843,
        "main_score": 0.64806,
        "hf_subset": "default",
        "languages": [
          "eng-Latn"
        ]
      }
    ]
  },
  "evaluation_time": 31.049986600875854,
  "kg_co2_emissions": null
}