{
  "dataset_revision": "20a6d6f312dd54037fe07a32d58e5e168867909d",
  "task_name": "SICK-R",
  "mteb_version": "1.26.3",
  "scores": {
    "test": [
      {
        "pearson": 0.826784,
        "spearman": 0.780371,
        "cosine_pearson": 0.826784,
        "cosine_spearman": 0.780371,
        "manhattan_pearson": 0.791358,
        "manhattan_spearman": 0.777865,
        "euclidean_pearson": 0.794718,
        "euclidean_spearman": 0.780371,
        "main_score": 0.780371,
        "hf_subset": "default",
        "languages": [
          "eng-Latn"
        ]
      }
    ]
  },
  "evaluation_time": 3.361412763595581,
  "kg_co2_emissions": null
}