{
  "dataset_revision": "d66bd1f72af766a5cc4b0ca5e00c162f89e8cc46",
  "task_name": "SprintDuplicateQuestions",
  "mteb_version": "1.26.3",
  "scores": {
    "validation": [
      {
        "similarity_accuracy": 0.99601,
        "similarity_accuracy_threshold": 0.680757,
        "similarity_f1": 0.798025,
        "similarity_f1_threshold": 0.64436,
        "similarity_precision": 0.788293,
        "similarity_recall": 0.808,
        "similarity_ap": 0.873406,
        "cosine_accuracy": 0.99601,
        "cosine_accuracy_threshold": 0.680757,
        "cosine_f1": 0.798025,
        "cosine_f1_threshold": 0.64436,
        "cosine_precision": 0.788293,
        "cosine_recall": 0.808,
        "cosine_ap": 0.873407,
        "manhattan_accuracy": 0.995871,
        "manhattan_accuracy_threshold": 17.477634,
        "manhattan_f1": 0.794752,
        "manhattan_f1_threshold": 18.888197,
        "manhattan_precision": 0.747795,
        "manhattan_recall": 0.848,
        "manhattan_ap": 0.866865,
        "euclidean_accuracy": 0.99601,
        "euclidean_accuracy_threshold": 0.799053,
        "euclidean_f1": 0.798025,
        "euclidean_f1_threshold": 0.843374,
        "euclidean_precision": 0.788293,
        "euclidean_recall": 0.808,
        "euclidean_ap": 0.873407,
        "dot_accuracy": 0.99601,
        "dot_accuracy_threshold": 0.680757,
        "dot_f1": 0.798025,
        "dot_f1_threshold": 0.64436,
        "dot_precision": 0.788293,
        "dot_recall": 0.808,
        "dot_ap": 0.873406,
        "max_accuracy": 0.99601,
        "max_f1": 0.798025,
        "max_precision": 0.788293,
        "max_recall": 0.848,
        "max_ap": 0.873407,
        "main_score": 0.873407,
        "hf_subset": "default",
        "languages": [
          "eng-Latn"
        ]
      }
    ],
    "test": [
      {
        "similarity_accuracy": 0.995851,
        "similarity_accuracy_threshold": 0.682409,
        "similarity_f1": 0.783686,
        "similarity_f1_threshold": 0.681748,
        "similarity_precision": 0.810032,
        "similarity_recall": 0.759,
        "similarity_ap": 0.858719,
        "cosine_accuracy": 0.995851,
        "cosine_accuracy_threshold": 0.682409,
        "cosine_f1": 0.783686,
        "cosine_f1_threshold": 0.681748,
        "cosine_precision": 0.810032,
        "cosine_recall": 0.759,
        "cosine_ap": 0.858719,
        "manhattan_accuracy": 0.995653,
        "manhattan_accuracy_threshold": 16.794767,
        "manhattan_f1": 0.776817,
        "manhattan_f1_threshold": 17.525097,
        "manhattan_precision": 0.790072,
        "manhattan_recall": 0.764,
        "manhattan_ap": 0.850735,
        "euclidean_accuracy": 0.995851,
        "euclidean_accuracy_threshold": 0.796983,
        "euclidean_f1": 0.783686,
        "euclidean_f1_threshold": 0.797812,
        "euclidean_precision": 0.810032,
        "euclidean_recall": 0.759,
        "euclidean_ap": 0.858719,
        "dot_accuracy": 0.995851,
        "dot_accuracy_threshold": 0.682409,
        "dot_f1": 0.783686,
        "dot_f1_threshold": 0.681748,
        "dot_precision": 0.810032,
        "dot_recall": 0.759,
        "dot_ap": 0.858719,
        "max_accuracy": 0.995851,
        "max_f1": 0.783686,
        "max_precision": 0.810032,
        "max_recall": 0.764,
        "max_ap": 0.858719,
        "main_score": 0.858719,
        "hf_subset": "default",
        "languages": [
          "eng-Latn"
        ]
      }
    ]
  },
  "evaluation_time": 51.095871686935425,
  "kg_co2_emissions": null
}