{
  "dataset_revision": "e185fbe320c72810689fc5848eb6114e1ef5ec69",
  "task_name": "StackOverflowDupQuestions",
  "mteb_version": "1.26.3",
  "scores": {
    "test": [
      {
        "map": 0.477901,
        "mrr": 0.484337,
        "nAUC_map_max": 0.08084,
        "nAUC_map_std": 0.089834,
        "nAUC_map_diff1": 0.369009,
        "nAUC_mrr_max": 0.082643,
        "nAUC_mrr_std": 0.090738,
        "nAUC_mrr_diff1": 0.368468,
        "main_score": 0.477901,
        "hf_subset": "default",
        "languages": [
          "eng-Latn"
        ]
      }
    ]
  },
  "evaluation_time": 18.317194938659668,
  "kg_co2_emissions": null
}