{
  "dataset_revision": "4d8694f8f0e0100860b497b999b3dbed754a0513",
  "task_name": "STS16",
  "mteb_version": "1.26.3",
  "scores": {
    "test": [
      {
        "pearson": 0.67537,
        "spearman": 0.68196,
        "cosine_pearson": 0.67537,
        "cosine_spearman": 0.68196,
        "manhattan_pearson": 0.678808,
        "manhattan_spearman": 0.67978,
        "euclidean_pearson": 0.681091,
        "euclidean_spearman": 0.68196,
        "main_score": 0.68196,
        "hf_subset": "default",
        "languages": [
          "eng-Latn"
        ]
      }
    ]
  },
  "evaluation_time": 0.5787332057952881,
  "kg_co2_emissions": null
}