{
  "dataset_revision": "7e90230a92c190f1bf69ae9002b8cea547a64cca",
  "task_name": "STS13",
  "mteb_version": "1.26.3",
  "scores": {
    "test": [
      {
        "pearson": 0.756692,
        "spearman": 0.757155,
        "cosine_pearson": 0.756692,
        "cosine_spearman": 0.757155,
        "manhattan_pearson": 0.742237,
        "manhattan_spearman": 0.754473,
        "euclidean_pearson": 0.744751,
        "euclidean_spearman": 0.757155,
        "main_score": 0.757155,
        "hf_subset": "default",
        "languages": [
          "eng-Latn"
        ]
      }
    ]
  },
  "evaluation_time": 0.6246452331542969,
  "kg_co2_emissions": null
}