{
  "dataset_revision": "b0fddb56ed78048fa8b90373c8a3cfc37b684831",
  "task_name": "STSBenchmark",
  "mteb_version": "1.26.3",
  "scores": {
    "test": [
      {
        "pearson": 0.748579,
        "spearman": 0.731903,
        "cosine_pearson": 0.748579,
        "cosine_spearman": 0.731903,
        "manhattan_pearson": 0.733022,
        "manhattan_spearman": 0.727091,
        "euclidean_pearson": 0.737412,
        "euclidean_spearman": 0.731903,
        "main_score": 0.731903,
        "hf_subset": "default",
        "languages": [
          "eng-Latn"
        ]
      }
    ]
  },
  "evaluation_time": 0.57442307472229,
  "kg_co2_emissions": null
}