{
  "dataset_revision": "6125ec4e24fa026cec8a478383ee943acfbd5449",
  "task_name": "TwentyNewsgroupsClustering",
  "mteb_version": "1.26.3",
  "scores": {
    "test": [
      {
        "v_measure": 0.392844,
        "v_measure_std": 0.026256,
        "v_measures": [
          0.431366,
          0.39198,
          0.408337,
          0.444407,
          0.369011,
          0.381377,
          0.366824,
          0.376151,
          0.363705,
          0.395284
        ],
        "main_score": 0.392844,
        "hf_subset": "default",
        "languages": [
          "eng-Latn"
        ]
      }
    ]
  },
  "evaluation_time": 10.748332262039185,
  "kg_co2_emissions": null
}