{
  "dataset_revision": "c22ab2a51041ffd869aaddef7af8d8215647e41a",
  "task_name": "ArguAna",
  "mteb_version": "1.26.3",
  "scores": {
    "test": [
      {
        "ndcg_at_1": 0.21053,
        "ndcg_at_3": 0.31937,
        "ndcg_at_5": 0.36672,
        "ndcg_at_10": 0.42141,
        "ndcg_at_20": 0.45333,
        "ndcg_at_100": 0.47981,
        "ndcg_at_1000": 0.48532,
        "map_at_1": 0.21053,
        "map_at_3": 0.29173,
        "map_at_5": 0.31794,
        "map_at_10": 0.34048,
        "map_at_20": 0.34939,
        "map_at_100": 0.35322,
        "map_at_1000": 0.35346,
        "recall_at_1": 0.21053,
        "recall_at_3": 0.39972,
        "recall_at_5": 0.51494,
        "recall_at_10": 0.68421,
        "recall_at_20": 0.80939,
        "recall_at_100": 0.9495,
        "recall_at_1000": 0.99147,
        "precision_at_1": 0.21053,
        "precision_at_3": 0.13324,
        "precision_at_5": 0.10299,
        "precision_at_10": 0.06842,
        "precision_at_20": 0.04047,
        "precision_at_100": 0.0095,
        "precision_at_1000": 0.00099,
        "mrr_at_1": 0.210526,
        "mrr_at_3": 0.291726,
        "mrr_at_5": 0.317935,
        "mrr_at_10": 0.340418,
        "mrr_at_20": 0.349391,
        "mrr_at_100": 0.353224,
        "mrr_at_1000": 0.353458,
        "nauc_ndcg_at_1_max": -0.040175,
        "nauc_ndcg_at_1_std": -0.10462,
        "nauc_ndcg_at_1_diff1": 0.135171,
        "nauc_ndcg_at_3_max": 0.001018,
        "nauc_ndcg_at_3_std": -0.055436,
        "nauc_ndcg_at_3_diff1": 0.109682,
        "nauc_ndcg_at_5_max": 0.010344,
        "nauc_ndcg_at_5_std": -0.064185,
        "nauc_ndcg_at_5_diff1": 0.103216,
        "nauc_ndcg_at_10_max": 0.026951,
        "nauc_ndcg_at_10_std": -0.077824,
        "nauc_ndcg_at_10_diff1": 0.094978,
        "nauc_ndcg_at_20_max": 0.021432,
        "nauc_ndcg_at_20_std": -0.069255,
        "nauc_ndcg_at_20_diff1": 0.090593,
        "nauc_ndcg_at_100_max": 0.016312,
        "nauc_ndcg_at_100_std": -0.054854,
        "nauc_ndcg_at_100_diff1": 0.100014,
        "nauc_ndcg_at_1000_max": 0.011093,
        "nauc_ndcg_at_1000_std": -0.063859,
        "nauc_ndcg_at_1000_diff1": 0.101461,
        "nauc_map_at_1_max": -0.040175,
        "nauc_map_at_1_std": -0.10462,
        "nauc_map_at_1_diff1": 0.135171,
        "nauc_map_at_3_max": -0.009221,
        "nauc_map_at_3_std": -0.064722,
        "nauc_map_at_3_diff1": 0.114219,
        "nauc_map_at_5_max": -0.004661,
        "nauc_map_at_5_std": -0.069976,
        "nauc_map_at_5_diff1": 0.110037,
        "nauc_map_at_10_max": 0.00196,
        "nauc_map_at_10_std": -0.075554,
        "nauc_map_at_10_diff1": 0.107049,
        "nauc_map_at_20_max": -3e-06,
        "nauc_map_at_20_std": -0.073316,
        "nauc_map_at_20_diff1": 0.106072,
        "nauc_map_at_100_max": -0.000768,
        "nauc_map_at_100_std": -0.071544,
        "nauc_map_at_100_diff1": 0.107358,
        "nauc_map_at_1000_max": -0.000981,
        "nauc_map_at_1000_std": -0.071863,
        "nauc_map_at_1000_diff1": 0.107434,
        "nauc_recall_at_1_max": -0.040175,
        "nauc_recall_at_1_std": -0.10462,
        "nauc_recall_at_1_diff1": 0.135171,
        "nauc_recall_at_3_max": 0.028094,
        "nauc_recall_at_3_std": -0.031837,
        "nauc_recall_at_3_diff1": 0.09827,
        "nauc_recall_at_5_max": 0.053336,
        "nauc_recall_at_5_std": -0.050116,
        "nauc_recall_at_5_diff1": 0.084978,
        "nauc_recall_at_10_max": 0.121313,
        "nauc_recall_at_10_std": -0.094552,
        "nauc_recall_at_10_diff1": 0.050125,
        "nauc_recall_at_20_max": 0.13486,
        "nauc_recall_at_20_std": -0.049945,
        "nauc_recall_at_20_diff1": 0.002093,
        "nauc_recall_at_100_max": 0.279656,
        "nauc_recall_at_100_std": 0.385415,
        "nauc_recall_at_100_diff1": 0.0359,
        "nauc_recall_at_1000_max": 0.424763,
        "nauc_recall_at_1000_std": 0.506366,
        "nauc_recall_at_1000_diff1": 0.003784,
        "nauc_precision_at_1_max": -0.040175,
        "nauc_precision_at_1_std": -0.10462,
        "nauc_precision_at_1_diff1": 0.135171,
        "nauc_precision_at_3_max": 0.028094,
        "nauc_precision_at_3_std": -0.031837,
        "nauc_precision_at_3_diff1": 0.09827,
        "nauc_precision_at_5_max": 0.053336,
        "nauc_precision_at_5_std": -0.050116,
        "nauc_precision_at_5_diff1": 0.084978,
        "nauc_precision_at_10_max": 0.121313,
        "nauc_precision_at_10_std": -0.094552,
        "nauc_precision_at_10_diff1": 0.050125,
        "nauc_precision_at_20_max": 0.13486,
        "nauc_precision_at_20_std": -0.049945,
        "nauc_precision_at_20_diff1": 0.002093,
        "nauc_precision_at_100_max": 0.279656,
        "nauc_precision_at_100_std": 0.385415,
        "nauc_precision_at_100_diff1": 0.0359,
        "nauc_precision_at_1000_max": 0.424763,
        "nauc_precision_at_1000_std": 0.506366,
        "nauc_precision_at_1000_diff1": 0.003784,
        "nauc_mrr_at_1_max": -0.040175,
        "nauc_mrr_at_1_std": -0.10462,
        "nauc_mrr_at_1_diff1": 0.135171,
        "nauc_mrr_at_3_max": -0.009221,
        "nauc_mrr_at_3_std": -0.064722,
        "nauc_mrr_at_3_diff1": 0.114219,
        "nauc_mrr_at_5_max": -0.004661,
        "nauc_mrr_at_5_std": -0.069976,
        "nauc_mrr_at_5_diff1": 0.110037,
        "nauc_mrr_at_10_max": 0.001551,
        "nauc_mrr_at_10_std": -0.075403,
        "nauc_mrr_at_10_diff1": 0.106616,
        "nauc_mrr_at_20_max": -5.4e-05,
        "nauc_mrr_at_20_std": -0.073323,
        "nauc_mrr_at_20_diff1": 0.106009,
        "nauc_mrr_at_100_max": -0.000819,
        "nauc_mrr_at_100_std": -0.071552,
        "nauc_mrr_at_100_diff1": 0.107295,
        "nauc_mrr_at_1000_max": -0.001032,
        "nauc_mrr_at_1000_std": -0.071871,
        "nauc_mrr_at_1000_diff1": 0.107371,
        "main_score": 0.42141,
        "hf_subset": "default",
        "languages": [
          "eng-Latn"
        ]
      }
    ]
  },
  "evaluation_time": 18.54491424560547,
  "kg_co2_emissions": null
}