{
  "dataset_revision": "0fd18e25b25c072e09e0d92ab615fda904d66300",
  "task_name": "Banking77Classification",
  "mteb_version": "1.26.3",
  "scores": {
    "test": [
      {
        "accuracy": 0.752013,
        "f1": 0.741517,
        "f1_weighted": 0.741517,
        "scores_per_experiment": [
          {
            "accuracy": 0.752273,
            "f1": 0.73818,
            "f1_weighted": 0.73818
          },
          {
            "accuracy": 0.759416,
            "f1": 0.751866,
            "f1_weighted": 0.751866
          },
          {
            "accuracy": 0.756494,
            "f1": 0.746946,
            "f1_weighted": 0.746946
          },
          {
            "accuracy": 0.755195,
            "f1": 0.746052,
            "f1_weighted": 0.746052
          },
          {
            "accuracy": 0.750325,
            "f1": 0.737419,
            "f1_weighted": 0.737419
          },
          {
            "accuracy": 0.747727,
            "f1": 0.741224,
            "f1_weighted": 0.741224
          },
          {
            "accuracy": 0.745455,
            "f1": 0.735159,
            "f1_weighted": 0.735159
          },
          {
            "accuracy": 0.751948,
            "f1": 0.741684,
            "f1_weighted": 0.741684
          },
          {
            "accuracy": 0.755519,
            "f1": 0.741495,
            "f1_weighted": 0.741495
          },
          {
            "accuracy": 0.745779,
            "f1": 0.735147,
            "f1_weighted": 0.735147
          }
        ],
        "main_score": 0.752013,
        "hf_subset": "default",
        "languages": [
          "eng-Latn"
        ]
      }
    ]
  },
  "evaluation_time": 14.131576776504517,
  "kg_co2_emissions": null
}