{
  "dataset_revision": "258694dd0231531bc1fd9de6ceb52a0853c6d908",
  "task_name": "BiorxivClusteringS2S",
  "mteb_version": "1.26.3",
  "scores": {
    "test": [
      {
        "v_measure": 0.150215,
        "v_measure_std": 0.007896,
        "v_measures": [
          0.151948,
          0.141419,
          0.150294,
          0.143118,
          0.160039,
          0.138293,
          0.161477,
          0.160412,
          0.145404,
          0.14975
        ],
        "main_score": 0.150215,
        "hf_subset": "default",
        "languages": [
          "eng-Latn"
        ]
      }
    ]
  },
  "evaluation_time": 31.098060131072998,
  "kg_co2_emissions": null
}