{
  "dataset_revision": "4f58c6b202a23cf9a4da393831edf4f9183cad37",
  "task_name": "EmotionClassification",
  "mteb_version": "1.26.3",
  "scores": {
    "validation": [
      {
        "accuracy": 0.50315,
        "f1": 0.444535,
        "f1_weighted": 0.514444,
        "scores_per_experiment": [
          {
            "accuracy": 0.5515,
            "f1": 0.478032,
            "f1_weighted": 0.560611
          },
          {
            "accuracy": 0.5095,
            "f1": 0.445982,
            "f1_weighted": 0.519202
          },
          {
            "accuracy": 0.518,
            "f1": 0.437477,
            "f1_weighted": 0.526662
          },
          {
            "accuracy": 0.494,
            "f1": 0.427742,
            "f1_weighted": 0.502492
          },
          {
            "accuracy": 0.4865,
            "f1": 0.43809,
            "f1_weighted": 0.50849
          },
          {
            "accuracy": 0.548,
            "f1": 0.487894,
            "f1_weighted": 0.556021
          },
          {
            "accuracy": 0.533,
            "f1": 0.455759,
            "f1_weighted": 0.542029
          },
          {
            "accuracy": 0.388,
            "f1": 0.377888,
            "f1_weighted": 0.392897
          },
          {
            "accuracy": 0.492,
            "f1": 0.446389,
            "f1_weighted": 0.505618
          },
          {
            "accuracy": 0.511,
            "f1": 0.4501,
            "f1_weighted": 0.530419
          }
        ],
        "main_score": 0.50315,
        "hf_subset": "default",
        "languages": [
          "eng-Latn"
        ]
      }
    ],
    "test": [
      {
        "accuracy": 0.50195,
        "f1": 0.433252,
        "f1_weighted": 0.516304,
        "scores_per_experiment": [
          {
            "accuracy": 0.5425,
            "f1": 0.458366,
            "f1_weighted": 0.553961
          },
          {
            "accuracy": 0.4915,
            "f1": 0.424234,
            "f1_weighted": 0.505152
          },
          {
            "accuracy": 0.52,
            "f1": 0.434953,
            "f1_weighted": 0.528665
          },
          {
            "accuracy": 0.4985,
            "f1": 0.415202,
            "f1_weighted": 0.511223
          },
          {
            "accuracy": 0.491,
            "f1": 0.433241,
            "f1_weighted": 0.514367
          },
          {
            "accuracy": 0.5325,
            "f1": 0.452542,
            "f1_weighted": 0.542196
          },
          {
            "accuracy": 0.532,
            "f1": 0.44108,
            "f1_weighted": 0.544614
          },
          {
            "accuracy": 0.4075,
            "f1": 0.390622,
            "f1_weighted": 0.416834
          },
          {
            "accuracy": 0.4935,
            "f1": 0.43832,
            "f1_weighted": 0.512337
          },
          {
            "accuracy": 0.5105,
            "f1": 0.443961,
            "f1_weighted": 0.533687
          }
        ],
        "main_score": 0.50195,
        "hf_subset": "default",
        "languages": [
          "eng-Latn"
        ]
      }
    ]
  },
  "evaluation_time": 12.2060227394104,
  "kg_co2_emissions": null
}