{
  "dataset_revision": "4672e20407010da34463acc759c162ca9734bca6",
  "task_name": "MassiveIntentClassification",
  "mteb_version": "1.26.3",
  "scores": {
    "validation": [
      {
        "accuracy": 0.6727,
        "f1": 0.630318,
        "f1_weighted": 0.662243,
        "scores_per_experiment": [
          {
            "accuracy": 0.673881,
            "f1": 0.634418,
            "f1_weighted": 0.66604
          },
          {
            "accuracy": 0.694048,
            "f1": 0.653722,
            "f1_weighted": 0.690035
          },
          {
            "accuracy": 0.675848,
            "f1": 0.629259,
            "f1_weighted": 0.666607
          },
          {
            "accuracy": 0.687654,
            "f1": 0.643002,
            "f1_weighted": 0.676925
          },
          {
            "accuracy": 0.662076,
            "f1": 0.602363,
            "f1_weighted": 0.646205
          },
          {
            "accuracy": 0.672897,
            "f1": 0.634168,
            "f1_weighted": 0.662318
          },
          {
            "accuracy": 0.6606,
            "f1": 0.621934,
            "f1_weighted": 0.650226
          },
          {
            "accuracy": 0.668962,
            "f1": 0.62243,
            "f1_weighted": 0.661463
          },
          {
            "accuracy": 0.643876,
            "f1": 0.615053,
            "f1_weighted": 0.622305
          },
          {
            "accuracy": 0.687162,
            "f1": 0.646831,
            "f1_weighted": 0.680305
          }
        ],
        "main_score": 0.6727,
        "hf_subset": "en",
        "languages": [
          "eng-Latn"
        ]
      }
    ],
    "test": [
      {
        "accuracy": 0.668325,
        "f1": 0.636914,
        "f1_weighted": 0.65703,
        "scores_per_experiment": [
          {
            "accuracy": 0.683255,
            "f1": 0.654197,
            "f1_weighted": 0.675954
          },
          {
            "accuracy": 0.685272,
            "f1": 0.648512,
            "f1_weighted": 0.679299
          },
          {
            "accuracy": 0.659381,
            "f1": 0.628507,
            "f1_weighted": 0.648859
          },
          {
            "accuracy": 0.675185,
            "f1": 0.64562,
            "f1_weighted": 0.666798
          },
          {
            "accuracy": 0.654338,
            "f1": 0.614553,
            "f1_weighted": 0.637481
          },
          {
            "accuracy": 0.652656,
            "f1": 0.628391,
            "f1_weighted": 0.642238
          },
          {
            "accuracy": 0.669805,
            "f1": 0.645224,
            "f1_weighted": 0.659172
          },
          {
            "accuracy": 0.66577,
            "f1": 0.623902,
            "f1_weighted": 0.657112
          },
          {
            "accuracy": 0.653329,
            "f1": 0.62622,
            "f1_weighted": 0.629934
          },
          {
            "accuracy": 0.684264,
            "f1": 0.654019,
            "f1_weighted": 0.673449
          }
        ],
        "main_score": 0.668325,
        "hf_subset": "en",
        "languages": [
          "eng-Latn"
        ]
      }
    ]
  },
  "evaluation_time": 29.591865301132202,
  "kg_co2_emissions": null
}