{
  "dataset_revision": "35191c8c0dca72d8ff3efcd72aa802307d469663",
  "task_name": "MedrxivClusteringS2S",
  "mteb_version": "1.26.3",
  "scores": {
    "test": [
      {
        "v_measure": 0.204122,
        "v_measure_std": 0.016997,
        "v_measures": [
          0.194208,
          0.201054,
          0.207117,
          0.174722,
          0.177348,
          0.211714,
          0.216519,
          0.225338,
          0.227048,
          0.206147
        ],
        "main_score": 0.204122,
        "hf_subset": "default",
        "languages": [
          "eng-Latn"
        ]
      }
    ]
  },
  "evaluation_time": 18.503066539764404,
  "kg_co2_emissions": null
}