{
  "dataset_revision": "ec0fa4fe99da2ff19ca1214b7966684033a58814",
  "task_name": "NFCorpus",
  "mteb_version": "1.26.3",
  "scores": {
    "test": [
      {
        "ndcg_at_1": 0.18885,
        "ndcg_at_3": 0.16355,
        "ndcg_at_5": 0.15444,
        "ndcg_at_10": 0.1365,
        "ndcg_at_20": 0.12503,
        "ndcg_at_100": 0.1375,
        "ndcg_at_1000": 0.26634,
        "map_at_1": 0.01402,
        "map_at_3": 0.02159,
        "map_at_5": 0.02653,
        "map_at_10": 0.03257,
        "map_at_20": 0.03652,
        "map_at_100": 0.04356,
        "map_at_1000": 0.05703,
        "recall_at_1": 0.01402,
        "recall_at_3": 0.02734,
        "recall_at_5": 0.04134,
        "recall_at_10": 0.05866,
        "recall_at_20": 0.08393,
        "recall_at_100": 0.17053,
        "recall_at_1000": 0.60023,
        "precision_at_1": 0.20124,
        "precision_at_3": 0.16305,
        "precision_at_5": 0.14365,
        "precision_at_10": 0.10464,
        "precision_at_20": 0.07368,
        "precision_at_100": 0.03858,
        "precision_at_1000": 0.01964,
        "mrr_at_1": 0.201238,
        "mrr_at_3": 0.262642,
        "mrr_at_5": 0.278741,
        "mrr_at_10": 0.286591,
        "mrr_at_20": 0.291455,
        "mrr_at_100": 0.296189,
        "mrr_at_1000": 0.297221,
        "nauc_ndcg_at_1_max": 0.343322,
        "nauc_ndcg_at_1_std": -0.208367,
        "nauc_ndcg_at_1_diff1": 0.351211,
        "nauc_ndcg_at_3_max": 0.338739,
        "nauc_ndcg_at_3_std": -0.193749,
        "nauc_ndcg_at_3_diff1": 0.260987,
        "nauc_ndcg_at_5_max": 0.338083,
        "nauc_ndcg_at_5_std": -0.205513,
        "nauc_ndcg_at_5_diff1": 0.226893,
        "nauc_ndcg_at_10_max": 0.319448,
        "nauc_ndcg_at_10_std": -0.234435,
        "nauc_ndcg_at_10_diff1": 0.223218,
        "nauc_ndcg_at_20_max": 0.295408,
        "nauc_ndcg_at_20_std": -0.259857,
        "nauc_ndcg_at_20_diff1": 0.220537,
        "nauc_ndcg_at_100_max": 0.270818,
        "nauc_ndcg_at_100_std": -0.325154,
        "nauc_ndcg_at_100_diff1": 0.180456,
        "nauc_ndcg_at_1000_max": 0.351193,
        "nauc_ndcg_at_1000_std": -0.2786,
        "nauc_ndcg_at_1000_diff1": 0.175803,
        "nauc_map_at_1_max": 0.134606,
        "nauc_map_at_1_std": -0.188083,
        "nauc_map_at_1_diff1": 0.47708,
        "nauc_map_at_3_max": 0.165308,
        "nauc_map_at_3_std": -0.224721,
        "nauc_map_at_3_diff1": 0.385362,
        "nauc_map_at_5_max": 0.162011,
        "nauc_map_at_5_std": -0.248427,
        "nauc_map_at_5_diff1": 0.313586,
        "nauc_map_at_10_max": 0.194108,
        "nauc_map_at_10_std": -0.273406,
        "nauc_map_at_10_diff1": 0.27932,
        "nauc_map_at_20_max": 0.202052,
        "nauc_map_at_20_std": -0.275044,
        "nauc_map_at_20_diff1": 0.266449,
        "nauc_map_at_100_max": 0.220788,
        "nauc_map_at_100_std": -0.292671,
        "nauc_map_at_100_diff1": 0.234173,
        "nauc_map_at_1000_max": 0.251912,
        "nauc_map_at_1000_std": -0.256336,
        "nauc_map_at_1000_diff1": 0.208337,
        "nauc_recall_at_1_max": 0.134606,
        "nauc_recall_at_1_std": -0.188083,
        "nauc_recall_at_1_diff1": 0.47708,
        "nauc_recall_at_3_max": 0.117828,
        "nauc_recall_at_3_std": -0.208888,
        "nauc_recall_at_3_diff1": 0.313817,
        "nauc_recall_at_5_max": 0.038214,
        "nauc_recall_at_5_std": -0.229987,
        "nauc_recall_at_5_diff1": 0.155689,
        "nauc_recall_at_10_max": 0.098983,
        "nauc_recall_at_10_std": -0.289408,
        "nauc_recall_at_10_diff1": 0.19464,
        "nauc_recall_at_20_max": 0.058319,
        "nauc_recall_at_20_std": -0.226825,
        "nauc_recall_at_20_diff1": 0.186983,
        "nauc_recall_at_100_max": 0.066685,
        "nauc_recall_at_100_std": -0.277135,
        "nauc_recall_at_100_diff1": 0.0417,
        "nauc_recall_at_1000_max": 0.059295,
        "nauc_recall_at_1000_std": -0.085064,
        "nauc_recall_at_1000_diff1": 0.028158,
        "nauc_precision_at_1_max": 0.348935,
        "nauc_precision_at_1_std": -0.234891,
        "nauc_precision_at_1_diff1": 0.350041,
        "nauc_precision_at_3_max": 0.343006,
        "nauc_precision_at_3_std": -0.205517,
        "nauc_precision_at_3_diff1": 0.236368,
        "nauc_precision_at_5_max": 0.352116,
        "nauc_precision_at_5_std": -0.209336,
        "nauc_precision_at_5_diff1": 0.15661,
        "nauc_precision_at_10_max": 0.355108,
        "nauc_precision_at_10_std": -0.220217,
        "nauc_precision_at_10_diff1": 0.121794,
        "nauc_precision_at_20_max": 0.36237,
        "nauc_precision_at_20_std": -0.222678,
        "nauc_precision_at_20_diff1": 0.117963,
        "nauc_precision_at_100_max": 0.315687,
        "nauc_precision_at_100_std": -0.140309,
        "nauc_precision_at_100_diff1": 0.023242,
        "nauc_precision_at_1000_max": 0.215768,
        "nauc_precision_at_1000_std": 0.106969,
        "nauc_precision_at_1000_diff1": -0.015555,
        "nauc_mrr_at_1_max": 0.348935,
        "nauc_mrr_at_1_std": -0.234891,
        "nauc_mrr_at_1_diff1": 0.350041,
        "nauc_mrr_at_3_max": 0.327083,
        "nauc_mrr_at_3_std": -0.213255,
        "nauc_mrr_at_3_diff1": 0.305995,
        "nauc_mrr_at_5_max": 0.3224,
        "nauc_mrr_at_5_std": -0.220715,
        "nauc_mrr_at_5_diff1": 0.293639,
        "nauc_mrr_at_10_max": 0.319428,
        "nauc_mrr_at_10_std": -0.234054,
        "nauc_mrr_at_10_diff1": 0.290867,
        "nauc_mrr_at_20_max": 0.321065,
        "nauc_mrr_at_20_std": -0.235391,
        "nauc_mrr_at_20_diff1": 0.293818,
        "nauc_mrr_at_100_max": 0.324515,
        "nauc_mrr_at_100_std": -0.238733,
        "nauc_mrr_at_100_diff1": 0.292734,
        "nauc_mrr_at_1000_max": 0.324322,
        "nauc_mrr_at_1000_std": -0.238369,
        "nauc_mrr_at_1000_diff1": 0.292796,
        "main_score": 0.1365,
        "hf_subset": "default",
        "languages": [
          "eng-Latn"
        ]
      }
    ]
  },
  "evaluation_time": 6.968055963516235,
  "kg_co2_emissions": null
}