{
  "dataset_revision": "d3c5e1fc0b855ab6097bf1cda04dd73947d7caab",
  "task_name": "SciDocsRR",
  "mteb_version": "1.26.3",
  "scores": {
    "test": [
      {
        "map": 0.711696,
        "mrr": 0.897477,
        "nAUC_map_max": 0.543134,
        "nAUC_map_std": 0.643893,
        "nAUC_map_diff1": 0.109631,
        "nAUC_mrr_max": 0.725853,
        "nAUC_mrr_std": 0.663846,
        "nAUC_mrr_diff1": 0.4388,
        "main_score": 0.711696,
        "hf_subset": "default",
        "languages": [
          "eng-Latn"
        ]
      }
    ]
  },
  "evaluation_time": 34.127363443374634,
  "kg_co2_emissions": null
}