{
  "dataset_revision": "0228b52cf27578f30900b9e5271d331663a030d7",
  "task_name": "SciFact",
  "mteb_version": "1.26.3",
  "scores": {
    "train": [
      {
        "ndcg_at_1": 0.18047,
        "ndcg_at_3": 0.22335,
        "ndcg_at_5": 0.24662,
        "ndcg_at_10": 0.27177,
        "ndcg_at_20": 0.29043,
        "ndcg_at_100": 0.32701,
        "ndcg_at_1000": 0.36378,
        "map_at_1": 0.17099,
        "map_at_3": 0.20765,
        "map_at_5": 0.22117,
        "map_at_10": 0.23172,
        "map_at_20": 0.23705,
        "map_at_100": 0.24219,
        "map_at_1000": 0.24352,
        "recall_at_1": 0.17099,
        "recall_at_3": 0.25742,
        "recall_at_5": 0.31417,
        "recall_at_10": 0.3892,
        "recall_at_20": 0.45935,
        "recall_at_100": 0.65414,
        "recall_at_1000": 0.94252,
        "precision_at_1": 0.18047,
        "precision_at_3": 0.09353,
        "precision_at_5": 0.06848,
        "precision_at_10": 0.04339,
        "precision_at_20": 0.02608,
        "precision_at_100": 0.00739,
        "precision_at_1000": 0.00107,
        "mrr_at_1": 0.18047,
        "mrr_at_3": 0.217759,
        "mrr_at_5": 0.230367,
        "mrr_at_10": 0.240682,
        "mrr_at_20": 0.245949,
        "mrr_at_100": 0.250583,
        "mrr_at_1000": 0.251702,
        "nauc_ndcg_at_1_max": 0.244157,
        "nauc_ndcg_at_1_std": 0.07141,
        "nauc_ndcg_at_1_diff1": 0.521819,
        "nauc_ndcg_at_3_max": 0.222473,
        "nauc_ndcg_at_3_std": 0.051205,
        "nauc_ndcg_at_3_diff1": 0.443035,
        "nauc_ndcg_at_5_max": 0.209236,
        "nauc_ndcg_at_5_std": 0.062833,
        "nauc_ndcg_at_5_diff1": 0.427449,
        "nauc_ndcg_at_10_max": 0.202279,
        "nauc_ndcg_at_10_std": 0.069907,
        "nauc_ndcg_at_10_diff1": 0.408668,
        "nauc_ndcg_at_20_max": 0.197486,
        "nauc_ndcg_at_20_std": 0.068039,
        "nauc_ndcg_at_20_diff1": 0.397187,
        "nauc_ndcg_at_100_max": 0.198944,
        "nauc_ndcg_at_100_std": 0.053676,
        "nauc_ndcg_at_100_diff1": 0.392003,
        "nauc_ndcg_at_1000_max": 0.204744,
        "nauc_ndcg_at_1000_std": 0.067315,
        "nauc_ndcg_at_1000_diff1": 0.410627,
        "nauc_map_at_1_max": 0.234487,
        "nauc_map_at_1_std": 0.07864,
        "nauc_map_at_1_diff1": 0.516481,
        "nauc_map_at_3_max": 0.221498,
        "nauc_map_at_3_std": 0.057639,
        "nauc_map_at_3_diff1": 0.458556,
        "nauc_map_at_5_max": 0.216036,
        "nauc_map_at_5_std": 0.063746,
        "nauc_map_at_5_diff1": 0.450143,
        "nauc_map_at_10_max": 0.213458,
        "nauc_map_at_10_std": 0.066915,
        "nauc_map_at_10_diff1": 0.442424,
        "nauc_map_at_20_max": 0.212955,
        "nauc_map_at_20_std": 0.065793,
        "nauc_map_at_20_diff1": 0.439694,
        "nauc_map_at_100_max": 0.212802,
        "nauc_map_at_100_std": 0.064132,
        "nauc_map_at_100_diff1": 0.438824,
        "nauc_map_at_1000_max": 0.213078,
        "nauc_map_at_1000_std": 0.064861,
        "nauc_map_at_1000_diff1": 0.439532,
        "nauc_recall_at_1_max": 0.234487,
        "nauc_recall_at_1_std": 0.07864,
        "nauc_recall_at_1_diff1": 0.516481,
        "nauc_recall_at_3_max": 0.210034,
        "nauc_recall_at_3_std": 0.036389,
        "nauc_recall_at_3_diff1": 0.392808,
        "nauc_recall_at_5_max": 0.178731,
        "nauc_recall_at_5_std": 0.060552,
        "nauc_recall_at_5_diff1": 0.357013,
        "nauc_recall_at_10_max": 0.158667,
        "nauc_recall_at_10_std": 0.075147,
        "nauc_recall_at_10_diff1": 0.309766,
        "nauc_recall_at_20_max": 0.135998,
        "nauc_recall_at_20_std": 0.066998,
        "nauc_recall_at_20_diff1": 0.266697,
        "nauc_recall_at_100_max": 0.133659,
        "nauc_recall_at_100_std": -0.019294,
        "nauc_recall_at_100_diff1": 0.204003,
        "nauc_recall_at_1000_max": 0.085542,
        "nauc_recall_at_1000_std": 0.132303,
        "nauc_recall_at_1000_diff1": 0.213421,
        "nauc_precision_at_1_max": 0.244157,
        "nauc_precision_at_1_std": 0.07141,
        "nauc_precision_at_1_diff1": 0.521819,
        "nauc_precision_at_3_max": 0.243109,
        "nauc_precision_at_3_std": 0.029258,
        "nauc_precision_at_3_diff1": 0.407456,
        "nauc_precision_at_5_max": 0.223474,
        "nauc_precision_at_5_std": 0.054413,
        "nauc_precision_at_5_diff1": 0.379336,
        "nauc_precision_at_10_max": 0.207203,
        "nauc_precision_at_10_std": 0.084615,
        "nauc_precision_at_10_diff1": 0.32707,
        "nauc_precision_at_20_max": 0.199609,
        "nauc_precision_at_20_std": 0.086455,
        "nauc_precision_at_20_diff1": 0.282911,
        "nauc_precision_at_100_max": 0.192624,
        "nauc_precision_at_100_std": 0.030955,
        "nauc_precision_at_100_diff1": 0.21651,
        "nauc_precision_at_1000_max": 0.18959,
        "nauc_precision_at_1000_std": 0.137415,
        "nauc_precision_at_1000_diff1": 0.144536,
        "nauc_mrr_at_1_max": 0.244157,
        "nauc_mrr_at_1_std": 0.07141,
        "nauc_mrr_at_1_diff1": 0.521819,
        "nauc_mrr_at_3_max": 0.232253,
        "nauc_mrr_at_3_std": 0.058542,
        "nauc_mrr_at_3_diff1": 0.465467,
        "nauc_mrr_at_5_max": 0.222066,
        "nauc_mrr_at_5_std": 0.064999,
        "nauc_mrr_at_5_diff1": 0.455072,
        "nauc_mrr_at_10_max": 0.219253,
        "nauc_mrr_at_10_std": 0.06917,
        "nauc_mrr_at_10_diff1": 0.446187,
        "nauc_mrr_at_20_max": 0.217851,
        "nauc_mrr_at_20_std": 0.068661,
        "nauc_mrr_at_20_diff1": 0.442471,
        "nauc_mrr_at_100_max": 0.21758,
        "nauc_mrr_at_100_std": 0.066425,
        "nauc_mrr_at_100_diff1": 0.442093,
        "nauc_mrr_at_1000_max": 0.217724,
        "nauc_mrr_at_1000_std": 0.066803,
        "nauc_mrr_at_1000_diff1": 0.442675,
        "main_score": 0.27177,
        "hf_subset": "default",
        "languages": [
          "eng-Latn"
        ]
      }
    ],
    "test": [
      {
        "ndcg_at_1": 0.2,
        "ndcg_at_3": 0.23299,
        "ndcg_at_5": 0.24806,
        "ndcg_at_10": 0.26757,
        "ndcg_at_20": 0.29211,
        "ndcg_at_100": 0.328,
        "ndcg_at_1000": 0.36375,
        "map_at_1": 0.18361,
        "map_at_3": 0.2175,
        "map_at_5": 0.22653,
        "map_at_10": 0.23603,
        "map_at_20": 0.24351,
        "map_at_100": 0.24805,
        "map_at_1000": 0.24929,
        "recall_at_1": 0.18361,
        "recall_at_3": 0.25861,
        "recall_at_5": 0.29639,
        "recall_at_10": 0.35178,
        "recall_at_20": 0.44244,
        "recall_at_100": 0.64156,
        "recall_at_1000": 0.92433,
        "precision_at_1": 0.2,
        "precision_at_3": 0.09556,
        "precision_at_5": 0.066,
        "precision_at_10": 0.041,
        "precision_at_20": 0.026,
        "precision_at_100": 0.0073,
        "precision_at_1000": 0.00105,
        "mrr_at_1": 0.2,
        "mrr_at_3": 0.233889,
        "mrr_at_5": 0.243222,
        "mrr_at_10": 0.249885,
        "mrr_at_20": 0.256597,
        "mrr_at_100": 0.260839,
        "mrr_at_1000": 0.261998,
        "nauc_ndcg_at_1_max": 0.205123,
        "nauc_ndcg_at_1_std": 0.090652,
        "nauc_ndcg_at_1_diff1": 0.325288,
        "nauc_ndcg_at_3_max": 0.229823,
        "nauc_ndcg_at_3_std": 0.054282,
        "nauc_ndcg_at_3_diff1": 0.282482,
        "nauc_ndcg_at_5_max": 0.219664,
        "nauc_ndcg_at_5_std": 0.040391,
        "nauc_ndcg_at_5_diff1": 0.260902,
        "nauc_ndcg_at_10_max": 0.220278,
        "nauc_ndcg_at_10_std": 0.039356,
        "nauc_ndcg_at_10_diff1": 0.281515,
        "nauc_ndcg_at_20_max": 0.221365,
        "nauc_ndcg_at_20_std": 0.033524,
        "nauc_ndcg_at_20_diff1": 0.271472,
        "nauc_ndcg_at_100_max": 0.2068,
        "nauc_ndcg_at_100_std": 0.038223,
        "nauc_ndcg_at_100_diff1": 0.271778,
        "nauc_ndcg_at_1000_max": 0.213987,
        "nauc_ndcg_at_1000_std": 0.050393,
        "nauc_ndcg_at_1000_diff1": 0.279077,
        "nauc_map_at_1_max": 0.19808,
        "nauc_map_at_1_std": 0.077882,
        "nauc_map_at_1_diff1": 0.34737,
        "nauc_map_at_3_max": 0.221728,
        "nauc_map_at_3_std": 0.057644,
        "nauc_map_at_3_diff1": 0.298339,
        "nauc_map_at_5_max": 0.215598,
        "nauc_map_at_5_std": 0.052365,
        "nauc_map_at_5_diff1": 0.284537,
        "nauc_map_at_10_max": 0.216113,
        "nauc_map_at_10_std": 0.051479,
        "nauc_map_at_10_diff1": 0.290896,
        "nauc_map_at_20_max": 0.215955,
        "nauc_map_at_20_std": 0.050614,
        "nauc_map_at_20_diff1": 0.288285,
        "nauc_map_at_100_max": 0.214998,
        "nauc_map_at_100_std": 0.050664,
        "nauc_map_at_100_diff1": 0.288506,
        "nauc_map_at_1000_max": 0.215582,
        "nauc_map_at_1000_std": 0.051007,
        "nauc_map_at_1000_diff1": 0.288894,
        "nauc_recall_at_1_max": 0.19808,
        "nauc_recall_at_1_std": 0.077882,
        "nauc_recall_at_1_diff1": 0.34737,
        "nauc_recall_at_3_max": 0.241189,
        "nauc_recall_at_3_std": 0.030397,
        "nauc_recall_at_3_diff1": 0.253225,
        "nauc_recall_at_5_max": 0.216367,
        "nauc_recall_at_5_std": 0.003703,
        "nauc_recall_at_5_diff1": 0.200353,
        "nauc_recall_at_10_max": 0.2208,
        "nauc_recall_at_10_std": 0.000328,
        "nauc_recall_at_10_diff1": 0.266278,
        "nauc_recall_at_20_max": 0.224003,
        "nauc_recall_at_20_std": -0.024334,
        "nauc_recall_at_20_diff1": 0.23144,
        "nauc_recall_at_100_max": 0.126096,
        "nauc_recall_at_100_std": -0.002852,
        "nauc_recall_at_100_diff1": 0.222528,
        "nauc_recall_at_1000_max": -0.006661,
        "nauc_recall_at_1000_std": 0.27174,
        "nauc_recall_at_1000_diff1": 0.263836,
        "nauc_precision_at_1_max": 0.205123,
        "nauc_precision_at_1_std": 0.090652,
        "nauc_precision_at_1_diff1": 0.325288,
        "nauc_precision_at_3_max": 0.261485,
        "nauc_precision_at_3_std": 0.036287,
        "nauc_precision_at_3_diff1": 0.229024,
        "nauc_precision_at_5_max": 0.235538,
        "nauc_precision_at_5_std": 0.016664,
        "nauc_precision_at_5_diff1": 0.184275,
        "nauc_precision_at_10_max": 0.214458,
        "nauc_precision_at_10_std": 0.037751,
        "nauc_precision_at_10_diff1": 0.209678,
        "nauc_precision_at_20_max": 0.195947,
        "nauc_precision_at_20_std": 0.030319,
        "nauc_precision_at_20_diff1": 0.182332,
        "nauc_precision_at_100_max": 0.106278,
        "nauc_precision_at_100_std": 0.069668,
        "nauc_precision_at_100_diff1": 0.160412,
        "nauc_precision_at_1000_max": 0.138729,
        "nauc_precision_at_1000_std": 0.155949,
        "nauc_precision_at_1000_diff1": 0.104365,
        "nauc_mrr_at_1_max": 0.205123,
        "nauc_mrr_at_1_std": 0.090652,
        "nauc_mrr_at_1_diff1": 0.325288,
        "nauc_mrr_at_3_max": 0.229684,
        "nauc_mrr_at_3_std": 0.067652,
        "nauc_mrr_at_3_diff1": 0.288954,
        "nauc_mrr_at_5_max": 0.22227,
        "nauc_mrr_at_5_std": 0.05824,
        "nauc_mrr_at_5_diff1": 0.275974,
        "nauc_mrr_at_10_max": 0.223504,
        "nauc_mrr_at_10_std": 0.057648,
        "nauc_mrr_at_10_diff1": 0.284907,
        "nauc_mrr_at_20_max": 0.224857,
        "nauc_mrr_at_20_std": 0.055673,
        "nauc_mrr_at_20_diff1": 0.280579,
        "nauc_mrr_at_100_max": 0.223846,
        "nauc_mrr_at_100_std": 0.05549,
        "nauc_mrr_at_100_diff1": 0.280854,
        "nauc_mrr_at_1000_max": 0.224178,
        "nauc_mrr_at_1000_std": 0.055917,
        "nauc_mrr_at_1000_diff1": 0.281309,
        "main_score": 0.26757,
        "hf_subset": "default",
        "languages": [
          "eng-Latn"
        ]
      }
    ]
  },
  "evaluation_time": 20.36724829673767,
  "kg_co2_emissions": null
}