{
  "dataset_revision": "20a6d6f312dd54037fe07a32d58e5e168867909d",
  "task_name": "SICK-R",
  "mteb_version": "1.26.3",
  "scores": {
    "test": [
      {
        "pearson": 0.810002,
        "spearman": 0.763194,
        "cosine_pearson": 0.810002,
        "cosine_spearman": 0.763194,
        "manhattan_pearson": 0.785053,
        "manhattan_spearman": 0.76276,
        "euclidean_pearson": 0.78534,
        "euclidean_spearman": 0.763194,
        "main_score": 0.763194,
        "hf_subset": "default",
        "languages": [
          "eng-Latn"
        ]
      }
    ]
  },
  "evaluation_time": 9.63965392112732,
  "kg_co2_emissions": null
}