{
  "dataset_revision": "d66bd1f72af766a5cc4b0ca5e00c162f89e8cc46",
  "task_name": "SprintDuplicateQuestions",
  "mteb_version": "1.26.3",
  "scores": {
    "validation": [
      {
        "similarity_accuracy": 0.99597,
        "similarity_accuracy_threshold": 0.895661,
        "similarity_f1": 0.798224,
        "similarity_f1_threshold": 0.894976,
        "similarity_precision": 0.787731,
        "similarity_recall": 0.809,
        "similarity_ap": 0.857679,
        "cosine_accuracy": 0.99597,
        "cosine_accuracy_threshold": 0.895661,
        "cosine_f1": 0.798224,
        "cosine_f1_threshold": 0.894976,
        "cosine_precision": 0.787731,
        "cosine_recall": 0.809,
        "cosine_ap": 0.857679,
        "manhattan_accuracy": 0.99598,
        "manhattan_accuracy_threshold": 10.067282,
        "manhattan_f1": 0.798034,
        "manhattan_f1_threshold": 10.154203,
        "manhattan_precision": 0.784541,
        "manhattan_recall": 0.812,
        "manhattan_ap": 0.855787,
        "euclidean_accuracy": 0.99597,
        "euclidean_accuracy_threshold": 0.456813,
        "euclidean_f1": 0.798224,
        "euclidean_f1_threshold": 0.458309,
        "euclidean_precision": 0.787731,
        "euclidean_recall": 0.809,
        "euclidean_ap": 0.857679,
        "dot_accuracy": 0.99597,
        "dot_accuracy_threshold": 0.895661,
        "dot_f1": 0.798224,
        "dot_f1_threshold": 0.894976,
        "dot_precision": 0.787731,
        "dot_recall": 0.809,
        "dot_ap": 0.857679,
        "max_accuracy": 0.99598,
        "max_f1": 0.798224,
        "max_precision": 0.787731,
        "max_recall": 0.812,
        "max_ap": 0.857679,
        "main_score": 0.857679,
        "hf_subset": "default",
        "languages": [
          "eng-Latn"
        ]
      }
    ],
    "test": [
      {
        "similarity_accuracy": 0.996297,
        "similarity_accuracy_threshold": 0.90233,
        "similarity_f1": 0.811682,
        "similarity_f1_threshold": 0.90233,
        "similarity_precision": 0.817444,
        "similarity_recall": 0.806,
        "similarity_ap": 0.883928,
        "cosine_accuracy": 0.996297,
        "cosine_accuracy_threshold": 0.90233,
        "cosine_f1": 0.811682,
        "cosine_f1_threshold": 0.90233,
        "cosine_precision": 0.817444,
        "cosine_recall": 0.806,
        "cosine_ap": 0.883928,
        "manhattan_accuracy": 0.996267,
        "manhattan_accuracy_threshold": 9.44997,
        "manhattan_f1": 0.811911,
        "manhattan_f1_threshold": 9.812223,
        "manhattan_precision": 0.805911,
        "manhattan_recall": 0.818,
        "manhattan_ap": 0.883622,
        "euclidean_accuracy": 0.996297,
        "euclidean_accuracy_threshold": 0.441974,
        "euclidean_f1": 0.811682,
        "euclidean_f1_threshold": 0.441974,
        "euclidean_precision": 0.817444,
        "euclidean_recall": 0.806,
        "euclidean_ap": 0.883928,
        "dot_accuracy": 0.996297,
        "dot_accuracy_threshold": 0.90233,
        "dot_f1": 0.811682,
        "dot_f1_threshold": 0.90233,
        "dot_precision": 0.817444,
        "dot_recall": 0.806,
        "dot_ap": 0.883928,
        "max_accuracy": 0.996297,
        "max_f1": 0.811911,
        "max_precision": 0.817444,
        "max_recall": 0.818,
        "max_ap": 0.883928,
        "main_score": 0.883928,
        "hf_subset": "default",
        "languages": [
          "eng-Latn"
        ]
      }
    ]
  },
  "evaluation_time": 76.7121331691742,
  "kg_co2_emissions": null
}