{
  "dataset_revision": "e185fbe320c72810689fc5848eb6114e1ef5ec69",
  "task_name": "StackOverflowDupQuestions",
  "mteb_version": "1.26.3",
  "scores": {
    "test": [
      {
        "map": 0.451617,
        "mrr": 0.457291,
        "nAUC_map_max": 0.121149,
        "nAUC_map_std": 0.046368,
        "nAUC_map_diff1": 0.314359,
        "nAUC_mrr_max": 0.122472,
        "nAUC_mrr_std": 0.051947,
        "nAUC_mrr_diff1": 0.311101,
        "main_score": 0.451617,
        "hf_subset": "default",
        "languages": [
          "eng-Latn"
        ]
      }
    ]
  },
  "evaluation_time": 21.601157426834106,
  "kg_co2_emissions": null
}