{
  "dataset_revision": "a0d554a64d88156834ff5ae9920b964011b16384",
  "task_name": "STS12",
  "mteb_version": "1.26.3",
  "scores": {
    "test": [
      {
        "pearson": 0.829353,
        "spearman": 0.711094,
        "cosine_pearson": 0.829353,
        "cosine_spearman": 0.711094,
        "manhattan_pearson": 0.810421,
        "manhattan_spearman": 0.71158,
        "euclidean_pearson": 0.810346,
        "euclidean_spearman": 0.711095,
        "main_score": 0.711094,
        "hf_subset": "default",
        "languages": [
          "eng-Latn"
        ]
      }
    ]
  },
  "evaluation_time": 2.7851767539978027,
  "kg_co2_emissions": null
}