{
  "dataset_revision": "4d8694f8f0e0100860b497b999b3dbed754a0513",
  "task_name": "STS16",
  "mteb_version": "1.25.8",
  "scores": {
    "test": [
      {
        "pearson": 0.780471,
        "spearman": 0.792624,
        "cosine_pearson": 0.780471,
        "cosine_spearman": 0.792624,
        "manhattan_pearson": 0.789558,
        "manhattan_spearman": 0.792952,
        "euclidean_pearson": 0.789125,
        "euclidean_spearman": 0.792624,
        "main_score": 0.792624,
        "hf_subset": "default",
        "languages": [
          "eng-Latn"
        ]
      }
    ]
  },
  "evaluation_time": 2.760438919067383,
  "kg_co2_emissions": null
}