{
  "dataset_revision": "b0fddb56ed78048fa8b90373c8a3cfc37b684831",
  "task_name": "STSBenchmark",
  "mteb_version": "1.25.8",
  "scores": {
    "test": [
      {
        "pearson": 0.815685,
        "spearman": 0.812406,
        "cosine_pearson": 0.815685,
        "cosine_spearman": 0.812406,
        "manhattan_pearson": 0.817916,
        "manhattan_spearman": 0.812895,
        "euclidean_pearson": 0.817275,
        "euclidean_spearman": 0.812406,
        "main_score": 0.812406,
        "hf_subset": "default",
        "languages": [
          "eng-Latn"
        ]
      }
    ]
  },
  "evaluation_time": 2.195375680923462,
  "kg_co2_emissions": null
}