{
  "dataset_revision": "6125ec4e24fa026cec8a478383ee943acfbd5449",
  "task_name": "TwentyNewsgroupsClustering",
  "mteb_version": "1.26.3",
  "scores": {
    "test": [
      {
        "v_measure": 0.353841,
        "v_measure_std": 0.02872,
        "v_measures": [
          0.394124,
          0.382342,
          0.401112,
          0.332127,
          0.350317,
          0.332181,
          0.310523,
          0.334643,
          0.363911,
          0.337129
        ],
        "main_score": 0.353841,
        "hf_subset": "default",
        "languages": [
          "eng-Latn"
        ]
      }
    ]
  },
  "evaluation_time": 25.592122077941895,
  "kg_co2_emissions": null
}