{
  "dataset_revision": "c22ab2a51041ffd869aaddef7af8d8215647e41a",
  "task_name": "ArguAna",
  "mteb_version": "1.26.3",
  "scores": {
    "test": [
      {
        "ndcg_at_1": 0.24609,
        "ndcg_at_3": 0.38976,
        "ndcg_at_5": 0.44323,
        "ndcg_at_10": 0.49142,
        "ndcg_at_20": 0.52464,
        "ndcg_at_100": 0.5385,
        "ndcg_at_1000": 0.54064,
        "map_at_1": 0.24609,
        "map_at_3": 0.35266,
        "map_at_5": 0.38206,
        "map_at_10": 0.40202,
        "map_at_20": 0.41131,
        "map_at_100": 0.41342,
        "map_at_1000": 0.41351,
        "recall_at_1": 0.24609,
        "recall_at_3": 0.49787,
        "recall_at_5": 0.62873,
        "recall_at_10": 0.77738,
        "recall_at_20": 0.90754,
        "recall_at_100": 0.97937,
        "recall_at_1000": 0.99573,
        "precision_at_1": 0.24609,
        "precision_at_3": 0.16596,
        "precision_at_5": 0.12575,
        "precision_at_10": 0.07774,
        "precision_at_20": 0.04538,
        "precision_at_100": 0.00979,
        "precision_at_1000": 0.001,
        "mrr_at_1": 0.246799,
        "mrr_at_3": 0.352655,
        "mrr_at_5": 0.382421,
        "mrr_at_10": 0.402318,
        "mrr_at_20": 0.411667,
        "mrr_at_100": 0.413777,
        "mrr_at_1000": 0.413867,
        "nauc_ndcg_at_1_max": -0.068912,
        "nauc_ndcg_at_1_std": -0.055944,
        "nauc_ndcg_at_1_diff1": 0.085888,
        "nauc_ndcg_at_3_max": -0.053654,
        "nauc_ndcg_at_3_std": -0.068402,
        "nauc_ndcg_at_3_diff1": 0.050757,
        "nauc_ndcg_at_5_max": -0.03714,
        "nauc_ndcg_at_5_std": -0.060717,
        "nauc_ndcg_at_5_diff1": 0.045452,
        "nauc_ndcg_at_10_max": -0.027522,
        "nauc_ndcg_at_10_std": -0.053574,
        "nauc_ndcg_at_10_diff1": 0.042667,
        "nauc_ndcg_at_20_max": -0.024135,
        "nauc_ndcg_at_20_std": -0.047446,
        "nauc_ndcg_at_20_diff1": 0.050169,
        "nauc_ndcg_at_100_max": -0.03611,
        "nauc_ndcg_at_100_std": -0.047879,
        "nauc_ndcg_at_100_diff1": 0.054026,
        "nauc_ndcg_at_1000_max": -0.039769,
        "nauc_ndcg_at_1000_std": -0.052611,
        "nauc_ndcg_at_1000_diff1": 0.053308,
        "nauc_map_at_1_max": -0.068912,
        "nauc_map_at_1_std": -0.055944,
        "nauc_map_at_1_diff1": 0.085888,
        "nauc_map_at_3_max": -0.059251,
        "nauc_map_at_3_std": -0.066008,
        "nauc_map_at_3_diff1": 0.05585,
        "nauc_map_at_5_max": -0.050634,
        "nauc_map_at_5_std": -0.061656,
        "nauc_map_at_5_diff1": 0.053185,
        "nauc_map_at_10_max": -0.048028,
        "nauc_map_at_10_std": -0.05936,
        "nauc_map_at_10_diff1": 0.0522,
        "nauc_map_at_20_max": -0.047863,
        "nauc_map_at_20_std": -0.058484,
        "nauc_map_at_20_diff1": 0.054177,
        "nauc_map_at_100_max": -0.049308,
        "nauc_map_at_100_std": -0.058433,
        "nauc_map_at_100_diff1": 0.054877,
        "nauc_map_at_1000_max": -0.04941,
        "nauc_map_at_1000_std": -0.05859,
        "nauc_map_at_1000_diff1": 0.054873,
        "nauc_recall_at_1_max": -0.068912,
        "nauc_recall_at_1_std": -0.055944,
        "nauc_recall_at_1_diff1": 0.085888,
        "nauc_recall_at_3_max": -0.037412,
        "nauc_recall_at_3_std": -0.074815,
        "nauc_recall_at_3_diff1": 0.03788,
        "nauc_recall_at_5_max": 0.008941,
        "nauc_recall_at_5_std": -0.056412,
        "nauc_recall_at_5_diff1": 0.021727,
        "nauc_recall_at_10_max": 0.076754,
        "nauc_recall_at_10_std": -0.020094,
        "nauc_recall_at_10_diff1": 0.000551,
        "nauc_recall_at_20_max": 0.241445,
        "nauc_recall_at_20_std": 0.098105,
        "nauc_recall_at_20_diff1": 0.033632,
        "nauc_recall_at_100_max": 0.384516,
        "nauc_recall_at_100_std": 0.535801,
        "nauc_recall_at_100_diff1": 0.174197,
        "nauc_recall_at_1000_max": 0.30747,
        "nauc_recall_at_1000_std": 0.671321,
        "nauc_recall_at_1000_diff1": 0.258416,
        "nauc_precision_at_1_max": -0.068912,
        "nauc_precision_at_1_std": -0.055944,
        "nauc_precision_at_1_diff1": 0.085888,
        "nauc_precision_at_3_max": -0.037412,
        "nauc_precision_at_3_std": -0.074815,
        "nauc_precision_at_3_diff1": 0.03788,
        "nauc_precision_at_5_max": 0.008941,
        "nauc_precision_at_5_std": -0.056412,
        "nauc_precision_at_5_diff1": 0.021727,
        "nauc_precision_at_10_max": 0.076754,
        "nauc_precision_at_10_std": -0.020094,
        "nauc_precision_at_10_diff1": 0.000551,
        "nauc_precision_at_20_max": 0.241445,
        "nauc_precision_at_20_std": 0.098105,
        "nauc_precision_at_20_diff1": 0.033632,
        "nauc_precision_at_100_max": 0.384516,
        "nauc_precision_at_100_std": 0.535801,
        "nauc_precision_at_100_diff1": 0.174197,
        "nauc_precision_at_1000_max": 0.30747,
        "nauc_precision_at_1000_std": 0.671321,
        "nauc_precision_at_1000_diff1": 0.258416,
        "nauc_mrr_at_1_max": -0.069102,
        "nauc_mrr_at_1_std": -0.057122,
        "nauc_mrr_at_1_diff1": 0.083525,
        "nauc_mrr_at_3_max": -0.061596,
        "nauc_mrr_at_3_std": -0.067938,
        "nauc_mrr_at_3_diff1": 0.051922,
        "nauc_mrr_at_5_max": -0.051163,
        "nauc_mrr_at_5_std": -0.061753,
        "nauc_mrr_at_5_diff1": 0.051039,
        "nauc_mrr_at_10_max": -0.048995,
        "nauc_mrr_at_10_std": -0.059578,
        "nauc_mrr_at_10_diff1": 0.049569,
        "nauc_mrr_at_20_max": -0.048492,
        "nauc_mrr_at_20_std": -0.058597,
        "nauc_mrr_at_20_diff1": 0.051855,
        "nauc_mrr_at_100_max": -0.049941,
        "nauc_mrr_at_100_std": -0.058547,
        "nauc_mrr_at_100_diff1": 0.052538,
        "nauc_mrr_at_1000_max": -0.050042,
        "nauc_mrr_at_1000_std": -0.058704,
        "nauc_mrr_at_1000_diff1": 0.052534,
        "main_score": 0.49142,
        "hf_subset": "default",
        "languages": [
          "eng-Latn"
        ]
      }
    ]
  },
  "evaluation_time": 19.82556176185608,
  "kg_co2_emissions": null
}