{
  "dataset_revision": "0fd18e25b25c072e09e0d92ab615fda904d66300",
  "task_name": "Banking77Classification",
  "mteb_version": "1.26.3",
  "scores": {
    "test": [
      {
        "accuracy": 0.751266,
        "f1": 0.741549,
        "f1_weighted": 0.741549,
        "scores_per_experiment": [
          {
            "accuracy": 0.747403,
            "f1": 0.735364,
            "f1_weighted": 0.735364
          },
          {
            "accuracy": 0.744481,
            "f1": 0.733629,
            "f1_weighted": 0.733629
          },
          {
            "accuracy": 0.764935,
            "f1": 0.755395,
            "f1_weighted": 0.755395
          },
          {
            "accuracy": 0.749351,
            "f1": 0.742385,
            "f1_weighted": 0.742385
          },
          {
            "accuracy": 0.752273,
            "f1": 0.74394,
            "f1_weighted": 0.74394
          },
          {
            "accuracy": 0.759091,
            "f1": 0.752187,
            "f1_weighted": 0.752187
          },
          {
            "accuracy": 0.736364,
            "f1": 0.724045,
            "f1_weighted": 0.724045
          },
          {
            "accuracy": 0.749026,
            "f1": 0.738574,
            "f1_weighted": 0.738574
          },
          {
            "accuracy": 0.762662,
            "f1": 0.752251,
            "f1_weighted": 0.752251
          },
          {
            "accuracy": 0.747078,
            "f1": 0.737723,
            "f1_weighted": 0.737723
          }
        ],
        "main_score": 0.751266,
        "hf_subset": "default",
        "languages": [
          "eng-Latn"
        ]
      }
    ]
  },
  "evaluation_time": 11.979239225387573,
  "kg_co2_emissions": null
}