{
  "dataset_revision": "258694dd0231531bc1fd9de6ceb52a0853c6d908",
  "task_name": "BiorxivClusteringS2S",
  "mteb_version": "1.26.3",
  "scores": {
    "test": [
      {
        "v_measure": 0.270223,
        "v_measure_std": 0.012066,
        "v_measures": [
          0.259805,
          0.270788,
          0.280697,
          0.260697,
          0.264395,
          0.256866,
          0.257401,
          0.273356,
          0.284299,
          0.293926
        ],
        "main_score": 0.270223,
        "hf_subset": "default",
        "languages": [
          "eng-Latn"
        ]
      }
    ]
  },
  "evaluation_time": 25.15191078186035,
  "kg_co2_emissions": null
}