{
  "dataset_revision": "4f58c6b202a23cf9a4da393831edf4f9183cad37",
  "task_name": "EmotionClassification",
  "mteb_version": "1.26.3",
  "scores": {
    "validation": [
      {
        "accuracy": 0.4929,
        "f1": 0.43832,
        "f1_weighted": 0.50637,
        "scores_per_experiment": [
          {
            "accuracy": 0.5595,
            "f1": 0.495839,
            "f1_weighted": 0.568975
          },
          {
            "accuracy": 0.518,
            "f1": 0.437014,
            "f1_weighted": 0.522599
          },
          {
            "accuracy": 0.506,
            "f1": 0.434607,
            "f1_weighted": 0.521675
          },
          {
            "accuracy": 0.4845,
            "f1": 0.4137,
            "f1_weighted": 0.500428
          },
          {
            "accuracy": 0.519,
            "f1": 0.461732,
            "f1_weighted": 0.535427
          },
          {
            "accuracy": 0.4955,
            "f1": 0.447755,
            "f1_weighted": 0.512039
          },
          {
            "accuracy": 0.5305,
            "f1": 0.461251,
            "f1_weighted": 0.542647
          },
          {
            "accuracy": 0.3855,
            "f1": 0.374148,
            "f1_weighted": 0.389691
          },
          {
            "accuracy": 0.451,
            "f1": 0.422808,
            "f1_weighted": 0.469538
          },
          {
            "accuracy": 0.4795,
            "f1": 0.434347,
            "f1_weighted": 0.500677
          }
        ],
        "main_score": 0.4929,
        "hf_subset": "default",
        "languages": [
          "eng-Latn"
        ]
      }
    ],
    "test": [
      {
        "accuracy": 0.49305,
        "f1": 0.428935,
        "f1_weighted": 0.509153,
        "scores_per_experiment": [
          {
            "accuracy": 0.551,
            "f1": 0.474896,
            "f1_weighted": 0.562513
          },
          {
            "accuracy": 0.508,
            "f1": 0.431165,
            "f1_weighted": 0.51405
          },
          {
            "accuracy": 0.5005,
            "f1": 0.418738,
            "f1_weighted": 0.518899
          },
          {
            "accuracy": 0.4695,
            "f1": 0.385512,
            "f1_weighted": 0.484096
          },
          {
            "accuracy": 0.523,
            "f1": 0.462741,
            "f1_weighted": 0.540682
          },
          {
            "accuracy": 0.4835,
            "f1": 0.421445,
            "f1_weighted": 0.497927
          },
          {
            "accuracy": 0.5385,
            "f1": 0.45957,
            "f1_weighted": 0.552443
          },
          {
            "accuracy": 0.411,
            "f1": 0.383466,
            "f1_weighted": 0.424429
          },
          {
            "accuracy": 0.4615,
            "f1": 0.4184,
            "f1_weighted": 0.488027
          },
          {
            "accuracy": 0.484,
            "f1": 0.433419,
            "f1_weighted": 0.508467
          }
        ],
        "main_score": 0.49305,
        "hf_subset": "default",
        "languages": [
          "eng-Latn"
        ]
      }
    ]
  },
  "evaluation_time": 8.546247243881226,
  "kg_co2_emissions": null
}