{
  "dataset_revision": "4672e20407010da34463acc759c162ca9734bca6",
  "task_name": "MassiveIntentClassification",
  "mteb_version": "1.26.3",
  "scores": {
    "validation": [
      {
        "accuracy": 0.629415,
        "f1": 0.580533,
        "f1_weighted": 0.616791,
        "scores_per_experiment": [
          {
            "accuracy": 0.613871,
            "f1": 0.578575,
            "f1_weighted": 0.608567
          },
          {
            "accuracy": 0.649287,
            "f1": 0.604278,
            "f1_weighted": 0.642851
          },
          {
            "accuracy": 0.637482,
            "f1": 0.581144,
            "f1_weighted": 0.627261
          },
          {
            "accuracy": 0.640925,
            "f1": 0.584913,
            "f1_weighted": 0.628488
          },
          {
            "accuracy": 0.630595,
            "f1": 0.575687,
            "f1_weighted": 0.612028
          },
          {
            "accuracy": 0.613379,
            "f1": 0.575655,
            "f1_weighted": 0.603132
          },
          {
            "accuracy": 0.640433,
            "f1": 0.58582,
            "f1_weighted": 0.627523
          },
          {
            "accuracy": 0.619282,
            "f1": 0.565915,
            "f1_weighted": 0.605662
          },
          {
            "accuracy": 0.623217,
            "f1": 0.578721,
            "f1_weighted": 0.59307
          },
          {
            "accuracy": 0.625676,
            "f1": 0.574625,
            "f1_weighted": 0.619328
          }
        ],
        "main_score": 0.629415,
        "hf_subset": "en",
        "languages": [
          "eng-Latn"
        ]
      }
    ],
    "test": [
      {
        "accuracy": 0.619132,
        "f1": 0.595241,
        "f1_weighted": 0.604853,
        "scores_per_experiment": [
          {
            "accuracy": 0.621385,
            "f1": 0.598851,
            "f1_weighted": 0.61194
          },
          {
            "accuracy": 0.646268,
            "f1": 0.61878,
            "f1_weighted": 0.640739
          },
          {
            "accuracy": 0.621722,
            "f1": 0.588342,
            "f1_weighted": 0.605248
          },
          {
            "accuracy": 0.624412,
            "f1": 0.59911,
            "f1_weighted": 0.611609
          },
          {
            "accuracy": 0.60928,
            "f1": 0.582937,
            "f1_weighted": 0.592285
          },
          {
            "accuracy": 0.600874,
            "f1": 0.584154,
            "f1_weighted": 0.587927
          },
          {
            "accuracy": 0.623739,
            "f1": 0.597608,
            "f1_weighted": 0.606405
          },
          {
            "accuracy": 0.612979,
            "f1": 0.588674,
            "f1_weighted": 0.598748
          },
          {
            "accuracy": 0.61466,
            "f1": 0.602159,
            "f1_weighted": 0.589242
          },
          {
            "accuracy": 0.616005,
            "f1": 0.591794,
            "f1_weighted": 0.604386
          }
        ],
        "main_score": 0.619132,
        "hf_subset": "en",
        "languages": [
          "eng-Latn"
        ]
      }
    ]
  },
  "evaluation_time": 8.0337233543396,
  "kg_co2_emissions": null
}