{
  "dataset_revision": "35191c8c0dca72d8ff3efcd72aa802307d469663",
  "task_name": "MedrxivClusteringS2S",
  "mteb_version": "1.26.3",
  "scores": {
    "test": [
      {
        "v_measure": 0.249217,
        "v_measure_std": 0.013384,
        "v_measures": [
          0.23473,
          0.230655,
          0.238195,
          0.235347,
          0.243649,
          0.26113,
          0.26574,
          0.261254,
          0.266515,
          0.254951
        ],
        "main_score": 0.249217,
        "hf_subset": "default",
        "languages": [
          "eng-Latn"
        ]
      }
    ]
  },
  "evaluation_time": 16.757863998413086,
  "kg_co2_emissions": null
}