{
  "dataset_revision": "ec0fa4fe99da2ff19ca1214b7966684033a58814",
  "task_name": "NFCorpus",
  "mteb_version": "1.26.3",
  "scores": {
    "test": [
      {
        "ndcg_at_1": 0.4644,
        "ndcg_at_3": 0.42512,
        "ndcg_at_5": 0.40211,
        "ndcg_at_10": 0.37011,
        "ndcg_at_20": 0.3451,
        "ndcg_at_100": 0.33931,
        "ndcg_at_1000": 0.42196,
        "map_at_1": 0.06827,
        "map_at_3": 0.10734,
        "map_at_5": 0.12602,
        "map_at_10": 0.1458,
        "map_at_20": 0.16036,
        "map_at_100": 0.18077,
        "map_at_1000": 0.19512,
        "recall_at_1": 0.06827,
        "recall_at_3": 0.11982,
        "recall_at_5": 0.154,
        "recall_at_10": 0.18919,
        "recall_at_20": 0.22263,
        "recall_at_100": 0.33544,
        "recall_at_1000": 0.6364,
        "precision_at_1": 0.47988,
        "precision_at_3": 0.39628,
        "precision_at_5": 0.34241,
        "precision_at_10": 0.26966,
        "precision_at_20": 0.19768,
        "precision_at_100": 0.08331,
        "precision_at_1000": 0.02089,
        "mrr_at_1": 0.479876,
        "mrr_at_3": 0.558824,
        "mrr_at_5": 0.568885,
        "mrr_at_10": 0.575308,
        "mrr_at_20": 0.578345,
        "mrr_at_100": 0.580855,
        "mrr_at_1000": 0.581137,
        "nauc_ndcg_at_1_max": 0.421109,
        "nauc_ndcg_at_1_std": 0.32029,
        "nauc_ndcg_at_1_diff1": 0.285396,
        "nauc_ndcg_at_3_max": 0.405903,
        "nauc_ndcg_at_3_std": 0.317515,
        "nauc_ndcg_at_3_diff1": 0.218582,
        "nauc_ndcg_at_5_max": 0.40445,
        "nauc_ndcg_at_5_std": 0.334643,
        "nauc_ndcg_at_5_diff1": 0.209469,
        "nauc_ndcg_at_10_max": 0.395155,
        "nauc_ndcg_at_10_std": 0.34837,
        "nauc_ndcg_at_10_diff1": 0.20674,
        "nauc_ndcg_at_20_max": 0.38684,
        "nauc_ndcg_at_20_std": 0.352019,
        "nauc_ndcg_at_20_diff1": 0.206429,
        "nauc_ndcg_at_100_max": 0.382099,
        "nauc_ndcg_at_100_std": 0.316073,
        "nauc_ndcg_at_100_diff1": 0.245828,
        "nauc_ndcg_at_1000_max": 0.436585,
        "nauc_ndcg_at_1000_std": 0.370011,
        "nauc_ndcg_at_1000_diff1": 0.241405,
        "nauc_map_at_1_max": 0.11006,
        "nauc_map_at_1_std": -0.142363,
        "nauc_map_at_1_diff1": 0.443389,
        "nauc_map_at_3_max": 0.142079,
        "nauc_map_at_3_std": -0.102445,
        "nauc_map_at_3_diff1": 0.381052,
        "nauc_map_at_5_max": 0.173898,
        "nauc_map_at_5_std": -0.062903,
        "nauc_map_at_5_diff1": 0.350574,
        "nauc_map_at_10_max": 0.216107,
        "nauc_map_at_10_std": -0.006873,
        "nauc_map_at_10_diff1": 0.316329,
        "nauc_map_at_20_max": 0.251608,
        "nauc_map_at_20_std": 0.048918,
        "nauc_map_at_20_diff1": 0.289216,
        "nauc_map_at_100_max": 0.280846,
        "nauc_map_at_100_std": 0.12098,
        "nauc_map_at_100_diff1": 0.26703,
        "nauc_map_at_1000_max": 0.291194,
        "nauc_map_at_1000_std": 0.162784,
        "nauc_map_at_1000_diff1": 0.251403,
        "nauc_recall_at_1_max": 0.11006,
        "nauc_recall_at_1_std": -0.142363,
        "nauc_recall_at_1_diff1": 0.443389,
        "nauc_recall_at_3_max": 0.122834,
        "nauc_recall_at_3_std": -0.099378,
        "nauc_recall_at_3_diff1": 0.343898,
        "nauc_recall_at_5_max": 0.145732,
        "nauc_recall_at_5_std": -0.067118,
        "nauc_recall_at_5_diff1": 0.310254,
        "nauc_recall_at_10_max": 0.183584,
        "nauc_recall_at_10_std": -0.010365,
        "nauc_recall_at_10_diff1": 0.2775,
        "nauc_recall_at_20_max": 0.234628,
        "nauc_recall_at_20_std": 0.060529,
        "nauc_recall_at_20_diff1": 0.245149,
        "nauc_recall_at_100_max": 0.243057,
        "nauc_recall_at_100_std": 0.163224,
        "nauc_recall_at_100_diff1": 0.188998,
        "nauc_recall_at_1000_max": 0.23159,
        "nauc_recall_at_1000_std": 0.231705,
        "nauc_recall_at_1000_diff1": 0.108714,
        "nauc_precision_at_1_max": 0.425589,
        "nauc_precision_at_1_std": 0.325309,
        "nauc_precision_at_1_diff1": 0.276296,
        "nauc_precision_at_3_max": 0.420964,
        "nauc_precision_at_3_std": 0.396967,
        "nauc_precision_at_3_diff1": 0.105392,
        "nauc_precision_at_5_max": 0.408628,
        "nauc_precision_at_5_std": 0.444328,
        "nauc_precision_at_5_diff1": 0.042045,
        "nauc_precision_at_10_max": 0.398934,
        "nauc_precision_at_10_std": 0.497432,
        "nauc_precision_at_10_diff1": -0.015969,
        "nauc_precision_at_20_max": 0.361216,
        "nauc_precision_at_20_std": 0.543915,
        "nauc_precision_at_20_diff1": -0.068816,
        "nauc_precision_at_100_max": 0.237319,
        "nauc_precision_at_100_std": 0.561774,
        "nauc_precision_at_100_diff1": -0.131218,
        "nauc_precision_at_1000_max": 0.097217,
        "nauc_precision_at_1000_std": 0.450834,
        "nauc_precision_at_1000_diff1": -0.168189,
        "nauc_mrr_at_1_max": 0.425589,
        "nauc_mrr_at_1_std": 0.325309,
        "nauc_mrr_at_1_diff1": 0.276296,
        "nauc_mrr_at_3_max": 0.450047,
        "nauc_mrr_at_3_std": 0.374702,
        "nauc_mrr_at_3_diff1": 0.259235,
        "nauc_mrr_at_5_max": 0.457729,
        "nauc_mrr_at_5_std": 0.370674,
        "nauc_mrr_at_5_diff1": 0.267103,
        "nauc_mrr_at_10_max": 0.456187,
        "nauc_mrr_at_10_std": 0.375706,
        "nauc_mrr_at_10_diff1": 0.266619,
        "nauc_mrr_at_20_max": 0.460536,
        "nauc_mrr_at_20_std": 0.378982,
        "nauc_mrr_at_20_diff1": 0.267195,
        "nauc_mrr_at_100_max": 0.460239,
        "nauc_mrr_at_100_std": 0.377992,
        "nauc_mrr_at_100_diff1": 0.26803,
        "nauc_mrr_at_1000_max": 0.460049,
        "nauc_mrr_at_1000_std": 0.37781,
        "nauc_mrr_at_1000_diff1": 0.267988,
        "main_score": 0.37011,
        "hf_subset": "default",
        "languages": [
          "eng-Latn"
        ]
      }
    ]
  },
  "evaluation_time": 10.899711608886719,
  "kg_co2_emissions": null
}