{
  "dataset_revision": "d3c5e1fc0b855ab6097bf1cda04dd73947d7caab",
  "task_name": "SciDocsRR",
  "mteb_version": "1.26.3",
  "scores": {
    "test": [
      {
        "map": 0.800319,
        "mrr": 0.943944,
        "nAUC_map_max": 0.537958,
        "nAUC_map_std": 0.596578,
        "nAUC_map_diff1": 0.080611,
        "nAUC_mrr_max": 0.79757,
        "nAUC_mrr_std": 0.676525,
        "nAUC_mrr_diff1": 0.511595,
        "main_score": 0.800319,
        "hf_subset": "default",
        "languages": [
          "eng-Latn"
        ]
      }
    ]
  },
  "evaluation_time": 29.03209161758423,
  "kg_co2_emissions": null
}