{
  "dataset_revision": "0228b52cf27578f30900b9e5271d331663a030d7",
  "task_name": "SciFact",
  "mteb_version": "1.26.3",
  "scores": {
    "train": [
      {
        "ndcg_at_1": 0.5822,
        "ndcg_at_3": 0.66105,
        "ndcg_at_5": 0.68205,
        "ndcg_at_10": 0.70615,
        "ndcg_at_20": 0.7193,
        "ndcg_at_100": 0.73278,
        "ndcg_at_1000": 0.73811,
        "map_at_1": 0.55758,
        "map_at_3": 0.63451,
        "map_at_5": 0.64882,
        "map_at_10": 0.66031,
        "map_at_20": 0.66458,
        "map_at_100": 0.66646,
        "map_at_1000": 0.66665,
        "recall_at_1": 0.55758,
        "recall_at_3": 0.71454,
        "recall_at_5": 0.76341,
        "recall_at_10": 0.83315,
        "recall_at_20": 0.88191,
        "recall_at_100": 0.95447,
        "recall_at_1000": 0.99629,
        "precision_at_1": 0.5822,
        "precision_at_3": 0.25999,
        "precision_at_5": 0.17009,
        "precision_at_10": 0.09444,
        "precision_at_20": 0.05037,
        "precision_at_100": 0.01087,
        "precision_at_1000": 0.00113,
        "mrr_at_1": 0.5822,
        "mrr_at_3": 0.65307,
        "mrr_at_5": 0.663576,
        "mrr_at_10": 0.671502,
        "mrr_at_20": 0.674323,
        "mrr_at_100": 0.676013,
        "mrr_at_1000": 0.676195,
        "nauc_ndcg_at_1_max": 0.406113,
        "nauc_ndcg_at_1_std": 0.003465,
        "nauc_ndcg_at_1_diff1": 0.719936,
        "nauc_ndcg_at_3_max": 0.429609,
        "nauc_ndcg_at_3_std": 0.041194,
        "nauc_ndcg_at_3_diff1": 0.68211,
        "nauc_ndcg_at_5_max": 0.433855,
        "nauc_ndcg_at_5_std": 0.057754,
        "nauc_ndcg_at_5_diff1": 0.67528,
        "nauc_ndcg_at_10_max": 0.451923,
        "nauc_ndcg_at_10_std": 0.077569,
        "nauc_ndcg_at_10_diff1": 0.674777,
        "nauc_ndcg_at_20_max": 0.459913,
        "nauc_ndcg_at_20_std": 0.076389,
        "nauc_ndcg_at_20_diff1": 0.674246,
        "nauc_ndcg_at_100_max": 0.454139,
        "nauc_ndcg_at_100_std": 0.077106,
        "nauc_ndcg_at_100_diff1": 0.678593,
        "nauc_ndcg_at_1000_max": 0.449965,
        "nauc_ndcg_at_1000_std": 0.071514,
        "nauc_ndcg_at_1000_diff1": 0.680506,
        "nauc_map_at_1_max": 0.365055,
        "nauc_map_at_1_std": -0.020797,
        "nauc_map_at_1_diff1": 0.721056,
        "nauc_map_at_3_max": 0.41197,
        "nauc_map_at_3_std": 0.025001,
        "nauc_map_at_3_diff1": 0.694789,
        "nauc_map_at_5_max": 0.421495,
        "nauc_map_at_5_std": 0.03927,
        "nauc_map_at_5_diff1": 0.689736,
        "nauc_map_at_10_max": 0.43194,
        "nauc_map_at_10_std": 0.051882,
        "nauc_map_at_10_diff1": 0.689226,
        "nauc_map_at_20_max": 0.434782,
        "nauc_map_at_20_std": 0.052717,
        "nauc_map_at_20_diff1": 0.688955,
        "nauc_map_at_100_max": 0.433947,
        "nauc_map_at_100_std": 0.052812,
        "nauc_map_at_100_diff1": 0.689284,
        "nauc_map_at_1000_max": 0.43387,
        "nauc_map_at_1000_std": 0.052696,
        "nauc_map_at_1000_diff1": 0.689337,
        "nauc_recall_at_1_max": 0.365055,
        "nauc_recall_at_1_std": -0.020797,
        "nauc_recall_at_1_diff1": 0.721056,
        "nauc_recall_at_3_max": 0.432911,
        "nauc_recall_at_3_std": 0.053139,
        "nauc_recall_at_3_diff1": 0.638184,
        "nauc_recall_at_5_max": 0.445503,
        "nauc_recall_at_5_std": 0.099342,
        "nauc_recall_at_5_diff1": 0.61601,
        "nauc_recall_at_10_max": 0.5143,
        "nauc_recall_at_10_std": 0.174064,
        "nauc_recall_at_10_diff1": 0.600723,
        "nauc_recall_at_20_max": 0.594039,
        "nauc_recall_at_20_std": 0.189151,
        "nauc_recall_at_20_diff1": 0.585071,
        "nauc_recall_at_100_max": 0.656761,
        "nauc_recall_at_100_std": 0.385663,
        "nauc_recall_at_100_diff1": 0.583816,
        "nauc_recall_at_1000_max": 0.863807,
        "nauc_recall_at_1000_std": 1.0,
        "nauc_recall_at_1000_diff1": 0.473475,
        "nauc_precision_at_1_max": 0.406113,
        "nauc_precision_at_1_std": 0.003465,
        "nauc_precision_at_1_diff1": 0.719936,
        "nauc_precision_at_3_max": 0.447835,
        "nauc_precision_at_3_std": 0.161261,
        "nauc_precision_at_3_diff1": 0.445303,
        "nauc_precision_at_5_max": 0.420473,
        "nauc_precision_at_5_std": 0.234514,
        "nauc_precision_at_5_diff1": 0.30766,
        "nauc_precision_at_10_max": 0.395424,
        "nauc_precision_at_10_std": 0.318299,
        "nauc_precision_at_10_diff1": 0.152752,
        "nauc_precision_at_20_max": 0.35843,
        "nauc_precision_at_20_std": 0.307401,
        "nauc_precision_at_20_diff1": 0.041804,
        "nauc_precision_at_100_max": 0.278904,
        "nauc_precision_at_100_std": 0.353873,
        "nauc_precision_at_100_diff1": -0.115911,
        "nauc_precision_at_1000_max": 0.197381,
        "nauc_precision_at_1000_std": 0.345115,
        "nauc_precision_at_1000_diff1": -0.246818,
        "nauc_mrr_at_1_max": 0.406113,
        "nauc_mrr_at_1_std": 0.003465,
        "nauc_mrr_at_1_diff1": 0.719936,
        "nauc_mrr_at_3_max": 0.440101,
        "nauc_mrr_at_3_std": 0.042038,
        "nauc_mrr_at_3_diff1": 0.692292,
        "nauc_mrr_at_5_max": 0.439763,
        "nauc_mrr_at_5_std": 0.051093,
        "nauc_mrr_at_5_diff1": 0.688729,
        "nauc_mrr_at_10_max": 0.441963,
        "nauc_mrr_at_10_std": 0.052401,
        "nauc_mrr_at_10_diff1": 0.688226,
        "nauc_mrr_at_20_max": 0.442871,
        "nauc_mrr_at_20_std": 0.051079,
        "nauc_mrr_at_20_diff1": 0.688707,
        "nauc_mrr_at_100_max": 0.441959,
        "nauc_mrr_at_100_std": 0.050842,
        "nauc_mrr_at_100_diff1": 0.689128,
        "nauc_mrr_at_1000_max": 0.441868,
        "nauc_mrr_at_1000_std": 0.050725,
        "nauc_mrr_at_1000_diff1": 0.689171,
        "main_score": 0.70615,
        "hf_subset": "default",
        "languages": [
          "eng-Latn"
        ]
      }
    ],
    "test": [
      {
        "ndcg_at_1": 0.60333,
        "ndcg_at_3": 0.67618,
        "ndcg_at_5": 0.68686,
        "ndcg_at_10": 0.70948,
        "ndcg_at_20": 0.72734,
        "ndcg_at_100": 0.74037,
        "ndcg_at_1000": 0.74518,
        "map_at_1": 0.56994,
        "map_at_3": 0.64785,
        "map_at_5": 0.65685,
        "map_at_10": 0.66778,
        "map_at_20": 0.67322,
        "map_at_100": 0.67514,
        "map_at_1000": 0.67539,
        "recall_at_1": 0.56994,
        "recall_at_3": 0.72683,
        "recall_at_5": 0.7575,
        "recall_at_10": 0.82122,
        "recall_at_20": 0.88967,
        "recall_at_100": 0.95867,
        "recall_at_1000": 0.99333,
        "precision_at_1": 0.60333,
        "precision_at_3": 0.26667,
        "precision_at_5": 0.16867,
        "precision_at_10": 0.093,
        "precision_at_20": 0.0505,
        "precision_at_100": 0.01083,
        "precision_at_1000": 0.00112,
        "mrr_at_1": 0.603333,
        "mrr_at_3": 0.667222,
        "mrr_at_5": 0.673389,
        "mrr_at_10": 0.681946,
        "mrr_at_20": 0.686089,
        "mrr_at_100": 0.687796,
        "mrr_at_1000": 0.688008,
        "nauc_ndcg_at_1_max": 0.331968,
        "nauc_ndcg_at_1_std": -0.025195,
        "nauc_ndcg_at_1_diff1": 0.697044,
        "nauc_ndcg_at_3_max": 0.367552,
        "nauc_ndcg_at_3_std": -0.043883,
        "nauc_ndcg_at_3_diff1": 0.655078,
        "nauc_ndcg_at_5_max": 0.387526,
        "nauc_ndcg_at_5_std": -0.017323,
        "nauc_ndcg_at_5_diff1": 0.654849,
        "nauc_ndcg_at_10_max": 0.415046,
        "nauc_ndcg_at_10_std": 0.035055,
        "nauc_ndcg_at_10_diff1": 0.653271,
        "nauc_ndcg_at_20_max": 0.401357,
        "nauc_ndcg_at_20_std": 0.0223,
        "nauc_ndcg_at_20_diff1": 0.638871,
        "nauc_ndcg_at_100_max": 0.388301,
        "nauc_ndcg_at_100_std": 0.012974,
        "nauc_ndcg_at_100_diff1": 0.644676,
        "nauc_ndcg_at_1000_max": 0.387735,
        "nauc_ndcg_at_1000_std": 0.008991,
        "nauc_ndcg_at_1000_diff1": 0.652644,
        "nauc_map_at_1_max": 0.29822,
        "nauc_map_at_1_std": -0.089562,
        "nauc_map_at_1_diff1": 0.696027,
        "nauc_map_at_3_max": 0.349795,
        "nauc_map_at_3_std": -0.064451,
        "nauc_map_at_3_diff1": 0.671239,
        "nauc_map_at_5_max": 0.365842,
        "nauc_map_at_5_std": -0.037702,
        "nauc_map_at_5_diff1": 0.670044,
        "nauc_map_at_10_max": 0.379089,
        "nauc_map_at_10_std": -0.015005,
        "nauc_map_at_10_diff1": 0.670461,
        "nauc_map_at_20_max": 0.374982,
        "nauc_map_at_20_std": -0.017749,
        "nauc_map_at_20_diff1": 0.666506,
        "nauc_map_at_100_max": 0.373518,
        "nauc_map_at_100_std": -0.018454,
        "nauc_map_at_100_diff1": 0.667188,
        "nauc_map_at_1000_max": 0.373503,
        "nauc_map_at_1000_std": -0.018714,
        "nauc_map_at_1000_diff1": 0.667442,
        "nauc_recall_at_1_max": 0.29822,
        "nauc_recall_at_1_std": -0.089562,
        "nauc_recall_at_1_diff1": 0.696027,
        "nauc_recall_at_3_max": 0.368577,
        "nauc_recall_at_3_std": -0.060542,
        "nauc_recall_at_3_diff1": 0.593088,
        "nauc_recall_at_5_max": 0.442511,
        "nauc_recall_at_5_std": 0.022392,
        "nauc_recall_at_5_diff1": 0.592081,
        "nauc_recall_at_10_max": 0.564236,
        "nauc_recall_at_10_std": 0.237437,
        "nauc_recall_at_10_diff1": 0.573537,
        "nauc_recall_at_20_max": 0.542009,
        "nauc_recall_at_20_std": 0.229978,
        "nauc_recall_at_20_diff1": 0.434773,
        "nauc_recall_at_100_max": 0.40361,
        "nauc_recall_at_100_std": 0.272725,
        "nauc_recall_at_100_diff1": 0.276091,
        "nauc_recall_at_1000_max": 0.348973,
        "nauc_recall_at_1000_std": 0.795752,
        "nauc_recall_at_1000_diff1": 0.422502,
        "nauc_precision_at_1_max": 0.331968,
        "nauc_precision_at_1_std": -0.025195,
        "nauc_precision_at_1_diff1": 0.697044,
        "nauc_precision_at_3_max": 0.368169,
        "nauc_precision_at_3_std": 0.106301,
        "nauc_precision_at_3_diff1": 0.404848,
        "nauc_precision_at_5_max": 0.389523,
        "nauc_precision_at_5_std": 0.221685,
        "nauc_precision_at_5_diff1": 0.3343,
        "nauc_precision_at_10_max": 0.423913,
        "nauc_precision_at_10_std": 0.403788,
        "nauc_precision_at_10_diff1": 0.210618,
        "nauc_precision_at_20_max": 0.316315,
        "nauc_precision_at_20_std": 0.3978,
        "nauc_precision_at_20_diff1": 0.035716,
        "nauc_precision_at_100_max": 0.213285,
        "nauc_precision_at_100_std": 0.451764,
        "nauc_precision_at_100_diff1": -0.1085,
        "nauc_precision_at_1000_max": 0.184446,
        "nauc_precision_at_1000_std": 0.455609,
        "nauc_precision_at_1000_diff1": -0.15835,
        "nauc_mrr_at_1_max": 0.331968,
        "nauc_mrr_at_1_std": -0.025195,
        "nauc_mrr_at_1_diff1": 0.697044,
        "nauc_mrr_at_3_max": 0.3595,
        "nauc_mrr_at_3_std": -0.024022,
        "nauc_mrr_at_3_diff1": 0.662714,
        "nauc_mrr_at_5_max": 0.373409,
        "nauc_mrr_at_5_std": -0.011765,
        "nauc_mrr_at_5_diff1": 0.664139,
        "nauc_mrr_at_10_max": 0.379611,
        "nauc_mrr_at_10_std": 0.006146,
        "nauc_mrr_at_10_diff1": 0.661541,
        "nauc_mrr_at_20_max": 0.376809,
        "nauc_mrr_at_20_std": 0.001961,
        "nauc_mrr_at_20_diff1": 0.65949,
        "nauc_mrr_at_100_max": 0.374889,
        "nauc_mrr_at_100_std": 7.3e-05,
        "nauc_mrr_at_100_diff1": 0.660266,
        "nauc_mrr_at_1000_max": 0.374766,
        "nauc_mrr_at_1000_std": -8.9e-05,
        "nauc_mrr_at_1000_diff1": 0.660501,
        "main_score": 0.70948,
        "hf_subset": "default",
        "languages": [
          "eng-Latn"
        ]
      }
    ]
  },
  "evaluation_time": 34.48582983016968,
  "kg_co2_emissions": null
}