{
  "dataset_revision": "20a6d6f312dd54037fe07a32d58e5e168867909d",
  "task_name": "SICK-R",
  "mteb_version": "1.26.3",
  "scores": {
    "test": [
      {
        "pearson": 0.826381,
        "spearman": 0.771711,
        "cosine_pearson": 0.826381,
        "cosine_spearman": 0.771711,
        "manhattan_pearson": 0.798664,
        "manhattan_spearman": 0.770837,
        "euclidean_pearson": 0.799419,
        "euclidean_spearman": 0.771711,
        "main_score": 0.771711,
        "hf_subset": "default",
        "languages": [
          "eng-Latn"
        ]
      }
    ]
  },
  "evaluation_time": 3.725783586502075,
  "kg_co2_emissions": null
}