{
  "dataset_revision": "d66bd1f72af766a5cc4b0ca5e00c162f89e8cc46",
  "task_name": "SprintDuplicateQuestions",
  "mteb_version": "1.26.3",
  "scores": {
    "validation": [
      {
        "similarity_accuracy": 0.997257,
        "similarity_accuracy_threshold": 0.872337,
        "similarity_f1": 0.862376,
        "similarity_f1_threshold": 0.869714,
        "similarity_precision": 0.853922,
        "similarity_recall": 0.871,
        "similarity_ap": 0.921585,
        "cosine_accuracy": 0.997257,
        "cosine_accuracy_threshold": 0.872337,
        "cosine_f1": 0.862376,
        "cosine_f1_threshold": 0.869714,
        "cosine_precision": 0.853922,
        "cosine_recall": 0.871,
        "cosine_ap": 0.921585,
        "manhattan_accuracy": 0.997198,
        "manhattan_accuracy_threshold": 11.261255,
        "manhattan_f1": 0.859693,
        "manhattan_f1_threshold": 11.261255,
        "manhattan_precision": 0.852507,
        "manhattan_recall": 0.867,
        "manhattan_ap": 0.921025,
        "euclidean_accuracy": 0.997257,
        "euclidean_accuracy_threshold": 0.505298,
        "euclidean_f1": 0.862376,
        "euclidean_f1_threshold": 0.510462,
        "euclidean_precision": 0.853922,
        "euclidean_recall": 0.871,
        "euclidean_ap": 0.921585,
        "dot_accuracy": 0.997257,
        "dot_accuracy_threshold": 0.872337,
        "dot_f1": 0.862376,
        "dot_f1_threshold": 0.869714,
        "dot_precision": 0.853922,
        "dot_recall": 0.871,
        "dot_ap": 0.921585,
        "max_accuracy": 0.997257,
        "max_f1": 0.862376,
        "max_precision": 0.853922,
        "max_recall": 0.871,
        "max_ap": 0.921585,
        "main_score": 0.921585,
        "hf_subset": "default",
        "languages": [
          "eng-Latn"
        ]
      }
    ],
    "test": [
      {
        "similarity_accuracy": 0.997119,
        "similarity_accuracy_threshold": 0.877685,
        "similarity_f1": 0.854156,
        "similarity_f1_threshold": 0.874708,
        "similarity_precision": 0.850347,
        "similarity_recall": 0.858,
        "similarity_ap": 0.915302,
        "cosine_accuracy": 0.997119,
        "cosine_accuracy_threshold": 0.877685,
        "cosine_f1": 0.854156,
        "cosine_f1_threshold": 0.874708,
        "cosine_precision": 0.850347,
        "cosine_recall": 0.858,
        "cosine_ap": 0.915301,
        "manhattan_accuracy": 0.997119,
        "manhattan_accuracy_threshold": 10.754795,
        "manhattan_f1": 0.853548,
        "manhattan_f1_threshold": 10.988538,
        "manhattan_precision": 0.859169,
        "manhattan_recall": 0.848,
        "manhattan_ap": 0.914456,
        "euclidean_accuracy": 0.997119,
        "euclidean_accuracy_threshold": 0.494601,
        "euclidean_f1": 0.854156,
        "euclidean_f1_threshold": 0.500583,
        "euclidean_precision": 0.850347,
        "euclidean_recall": 0.858,
        "euclidean_ap": 0.915301,
        "dot_accuracy": 0.997119,
        "dot_accuracy_threshold": 0.877685,
        "dot_f1": 0.854156,
        "dot_f1_threshold": 0.874708,
        "dot_precision": 0.850347,
        "dot_recall": 0.858,
        "dot_ap": 0.915302,
        "max_accuracy": 0.997119,
        "max_f1": 0.854156,
        "max_precision": 0.859169,
        "max_recall": 0.858,
        "max_ap": 0.915302,
        "main_score": 0.915302,
        "hf_subset": "default",
        "languages": [
          "eng-Latn"
        ]
      }
    ]
  },
  "evaluation_time": 45.918915033340454,
  "kg_co2_emissions": null
}