{
  "dataset_revision": "e185fbe320c72810689fc5848eb6114e1ef5ec69",
  "task_name": "StackOverflowDupQuestions",
  "mteb_version": "1.26.3",
  "scores": {
    "test": [
      {
        "map": 0.448004,
        "mrr": 0.452727,
        "nAUC_map_max": 0.0966,
        "nAUC_map_std": 0.063899,
        "nAUC_map_diff1": 0.320762,
        "nAUC_mrr_max": 0.10242,
        "nAUC_mrr_std": 0.071144,
        "nAUC_mrr_diff1": 0.321137,
        "main_score": 0.448004,
        "hf_subset": "default",
        "languages": [
          "eng-Latn"
        ]
      }
    ]
  },
  "evaluation_time": 18.932308435440063,
  "kg_co2_emissions": null
}