{
  "dataset_revision": "7e90230a92c190f1bf69ae9002b8cea547a64cca",
  "task_name": "STS13",
  "mteb_version": "1.26.3",
  "scores": {
    "test": [
      {
        "pearson": 0.788559,
        "spearman": 0.795512,
        "cosine_pearson": 0.788559,
        "cosine_spearman": 0.795514,
        "manhattan_pearson": 0.782067,
        "manhattan_spearman": 0.794155,
        "euclidean_pearson": 0.783425,
        "euclidean_spearman": 0.795514,
        "main_score": 0.795514,
        "hf_subset": "default",
        "languages": [
          "eng-Latn"
        ]
      }
    ]
  },
  "evaluation_time": 0.8130886554718018,
  "kg_co2_emissions": null
}