{
  "dataset_revision": "4d8694f8f0e0100860b497b999b3dbed754a0513",
  "task_name": "STS16",
  "mteb_version": "1.26.3",
  "scores": {
    "test": [
      {
        "pearson": 0.769774,
        "spearman": 0.776764,
        "cosine_pearson": 0.769774,
        "cosine_spearman": 0.776764,
        "manhattan_pearson": 0.762453,
        "manhattan_spearman": 0.776052,
        "euclidean_pearson": 0.763248,
        "euclidean_spearman": 0.776764,
        "main_score": 0.776764,
        "hf_subset": "default",
        "languages": [
          "eng-Latn"
        ]
      }
    ]
  },
  "evaluation_time": 0.7099299430847168,
  "kg_co2_emissions": null
}