{
  "dataset_revision": "b0fddb56ed78048fa8b90373c8a3cfc37b684831",
  "task_name": "STSBenchmark",
  "mteb_version": "1.26.3",
  "scores": {
    "test": [
      {
        "pearson": 0.810868,
        "spearman": 0.801895,
        "cosine_pearson": 0.810868,
        "cosine_spearman": 0.801895,
        "manhattan_pearson": 0.806931,
        "manhattan_spearman": 0.801585,
        "euclidean_pearson": 0.807186,
        "euclidean_spearman": 0.801895,
        "main_score": 0.801895,
        "hf_subset": "default",
        "languages": [
          "eng-Latn"
        ]
      }
    ]
  },
  "evaluation_time": 0.5782053470611572,
  "kg_co2_emissions": null
}