{
  "dataset_revision": "6125ec4e24fa026cec8a478383ee943acfbd5449",
  "task_name": "TwentyNewsgroupsClustering",
  "mteb_version": "1.26.3",
  "scores": {
    "test": [
      {
        "v_measure": 0.200038,
        "v_measure_std": 0.02649,
        "v_measures": [
          0.240567,
          0.210394,
          0.199948,
          0.202296,
          0.22093,
          0.235985,
          0.165817,
          0.190206,
          0.174127,
          0.16011
        ],
        "main_score": 0.200038,
        "hf_subset": "default",
        "languages": [
          "eng-Latn"
        ]
      }
    ]
  },
  "evaluation_time": 12.419111251831055,
  "kg_co2_emissions": null
}