{
  "dataset_revision": "c22ab2a51041ffd869aaddef7af8d8215647e41a",
  "task_name": "ArguAna",
  "mteb_version": "1.26.3",
  "scores": {
    "test": [
      {
        "ndcg_at_1": 0.17425,
        "ndcg_at_3": 0.28923,
        "ndcg_at_5": 0.33704,
        "ndcg_at_10": 0.38384,
        "ndcg_at_20": 0.41455,
        "ndcg_at_100": 0.44393,
        "ndcg_at_1000": 0.45299,
        "map_at_1": 0.17425,
        "map_at_3": 0.2596,
        "map_at_5": 0.28599,
        "map_at_10": 0.30536,
        "map_at_20": 0.31377,
        "map_at_100": 0.31796,
        "map_at_1000": 0.31833,
        "recall_at_1": 0.17425,
        "recall_at_3": 0.37553,
        "recall_at_5": 0.49218,
        "recall_at_10": 0.63656,
        "recall_at_20": 0.75818,
        "recall_at_100": 0.91465,
        "recall_at_1000": 0.98435,
        "precision_at_1": 0.17425,
        "precision_at_3": 0.12518,
        "precision_at_5": 0.09844,
        "precision_at_10": 0.06366,
        "precision_at_20": 0.03791,
        "precision_at_100": 0.00915,
        "precision_at_1000": 0.00098,
        "mrr_at_1": 0.174253,
        "mrr_at_3": 0.259602,
        "mrr_at_5": 0.285989,
        "mrr_at_10": 0.30536,
        "mrr_at_20": 0.313769,
        "mrr_at_100": 0.317962,
        "mrr_at_1000": 0.318333,
        "nauc_ndcg_at_1_max": -0.072658,
        "nauc_ndcg_at_1_std": -0.038903,
        "nauc_ndcg_at_1_diff1": 0.088436,
        "nauc_ndcg_at_3_max": -0.02719,
        "nauc_ndcg_at_3_std": -0.056971,
        "nauc_ndcg_at_3_diff1": 0.07251,
        "nauc_ndcg_at_5_max": -0.027358,
        "nauc_ndcg_at_5_std": -0.026177,
        "nauc_ndcg_at_5_diff1": 0.077016,
        "nauc_ndcg_at_10_max": -0.020449,
        "nauc_ndcg_at_10_std": -0.006561,
        "nauc_ndcg_at_10_diff1": 0.072369,
        "nauc_ndcg_at_20_max": -0.006531,
        "nauc_ndcg_at_20_std": 0.0164,
        "nauc_ndcg_at_20_diff1": 0.094853,
        "nauc_ndcg_at_100_max": -0.014895,
        "nauc_ndcg_at_100_std": 0.017698,
        "nauc_ndcg_at_100_diff1": 0.08595,
        "nauc_ndcg_at_1000_max": -0.019741,
        "nauc_ndcg_at_1000_std": 0.003104,
        "nauc_ndcg_at_1000_diff1": 0.084178,
        "nauc_map_at_1_max": -0.072658,
        "nauc_map_at_1_std": -0.038903,
        "nauc_map_at_1_diff1": 0.088436,
        "nauc_map_at_3_max": -0.036499,
        "nauc_map_at_3_std": -0.052386,
        "nauc_map_at_3_diff1": 0.076595,
        "nauc_map_at_5_max": -0.036625,
        "nauc_map_at_5_std": -0.03411,
        "nauc_map_at_5_diff1": 0.079451,
        "nauc_map_at_10_max": -0.034156,
        "nauc_map_at_10_std": -0.026025,
        "nauc_map_at_10_diff1": 0.077476,
        "nauc_map_at_20_max": -0.030614,
        "nauc_map_at_20_std": -0.020296,
        "nauc_map_at_20_diff1": 0.083854,
        "nauc_map_at_100_max": -0.031372,
        "nauc_map_at_100_std": -0.020059,
        "nauc_map_at_100_diff1": 0.082707,
        "nauc_map_at_1000_max": -0.031555,
        "nauc_map_at_1000_std": -0.02055,
        "nauc_map_at_1000_diff1": 0.082629,
        "nauc_recall_at_1_max": -0.072658,
        "nauc_recall_at_1_std": -0.038903,
        "nauc_recall_at_1_diff1": 0.088436,
        "nauc_recall_at_3_max": -0.004315,
        "nauc_recall_at_3_std": -0.06855,
        "nauc_recall_at_3_diff1": 0.062181,
        "nauc_recall_at_5_max": -0.00427,
        "nauc_recall_at_5_std": -0.003156,
        "nauc_recall_at_5_diff1": 0.07098,
        "nauc_recall_at_10_max": 0.022757,
        "nauc_recall_at_10_std": 0.061975,
        "nauc_recall_at_10_diff1": 0.055924,
        "nauc_recall_at_20_max": 0.107107,
        "nauc_recall_at_20_std": 0.202289,
        "nauc_recall_at_20_diff1": 0.160054,
        "nauc_recall_at_100_max": 0.120274,
        "nauc_recall_at_100_std": 0.483616,
        "nauc_recall_at_100_diff1": 0.112347,
        "nauc_recall_at_1000_max": 0.129823,
        "nauc_recall_at_1000_std": 0.735804,
        "nauc_recall_at_1000_diff1": 0.024552,
        "nauc_precision_at_1_max": -0.072658,
        "nauc_precision_at_1_std": -0.038903,
        "nauc_precision_at_1_diff1": 0.088436,
        "nauc_precision_at_3_max": -0.004315,
        "nauc_precision_at_3_std": -0.06855,
        "nauc_precision_at_3_diff1": 0.062181,
        "nauc_precision_at_5_max": -0.00427,
        "nauc_precision_at_5_std": -0.003156,
        "nauc_precision_at_5_diff1": 0.07098,
        "nauc_precision_at_10_max": 0.022757,
        "nauc_precision_at_10_std": 0.061975,
        "nauc_precision_at_10_diff1": 0.055924,
        "nauc_precision_at_20_max": 0.107107,
        "nauc_precision_at_20_std": 0.202289,
        "nauc_precision_at_20_diff1": 0.160054,
        "nauc_precision_at_100_max": 0.120274,
        "nauc_precision_at_100_std": 0.483616,
        "nauc_precision_at_100_diff1": 0.112347,
        "nauc_precision_at_1000_max": 0.129823,
        "nauc_precision_at_1000_std": 0.735804,
        "nauc_precision_at_1000_diff1": 0.024552,
        "nauc_mrr_at_1_max": -0.072658,
        "nauc_mrr_at_1_std": -0.038903,
        "nauc_mrr_at_1_diff1": 0.088436,
        "nauc_mrr_at_3_max": -0.036499,
        "nauc_mrr_at_3_std": -0.052386,
        "nauc_mrr_at_3_diff1": 0.076595,
        "nauc_mrr_at_5_max": -0.036625,
        "nauc_mrr_at_5_std": -0.03411,
        "nauc_mrr_at_5_diff1": 0.079451,
        "nauc_mrr_at_10_max": -0.034156,
        "nauc_mrr_at_10_std": -0.026025,
        "nauc_mrr_at_10_diff1": 0.077476,
        "nauc_mrr_at_20_max": -0.030614,
        "nauc_mrr_at_20_std": -0.020296,
        "nauc_mrr_at_20_diff1": 0.083854,
        "nauc_mrr_at_100_max": -0.031372,
        "nauc_mrr_at_100_std": -0.020059,
        "nauc_mrr_at_100_diff1": 0.082707,
        "nauc_mrr_at_1000_max": -0.031555,
        "nauc_mrr_at_1000_std": -0.02055,
        "nauc_mrr_at_1000_diff1": 0.082629,
        "main_score": 0.38384,
        "hf_subset": "default",
        "languages": [
          "eng-Latn"
        ]
      }
    ]
  },
  "evaluation_time": 21.277794122695923,
  "kg_co2_emissions": null
}