{
  "dataset_revision": "0fd18e25b25c072e09e0d92ab615fda904d66300",
  "task_name": "Banking77Classification",
  "mteb_version": "1.26.3",
  "scores": {
    "test": [
      {
        "accuracy": 0.724026,
        "f1": 0.722669,
        "f1_weighted": 0.722669,
        "scores_per_experiment": [
          {
            "accuracy": 0.724675,
            "f1": 0.722863,
            "f1_weighted": 0.722863
          },
          {
            "accuracy": 0.722727,
            "f1": 0.722008,
            "f1_weighted": 0.722008
          },
          {
            "accuracy": 0.735065,
            "f1": 0.732229,
            "f1_weighted": 0.732229
          },
          {
            "accuracy": 0.731169,
            "f1": 0.730544,
            "f1_weighted": 0.730544
          },
          {
            "accuracy": 0.733442,
            "f1": 0.733037,
            "f1_weighted": 0.733037
          },
          {
            "accuracy": 0.717532,
            "f1": 0.714316,
            "f1_weighted": 0.714316
          },
          {
            "accuracy": 0.729221,
            "f1": 0.727027,
            "f1_weighted": 0.727027
          },
          {
            "accuracy": 0.707468,
            "f1": 0.706103,
            "f1_weighted": 0.706103
          },
          {
            "accuracy": 0.724026,
            "f1": 0.72416,
            "f1_weighted": 0.72416
          },
          {
            "accuracy": 0.714935,
            "f1": 0.714406,
            "f1_weighted": 0.714406
          }
        ],
        "main_score": 0.724026,
        "hf_subset": "default",
        "languages": [
          "eng-Latn"
        ]
      }
    ]
  },
  "evaluation_time": 15.414478302001953,
  "kg_co2_emissions": null
}