{
  "dataset_revision": "258694dd0231531bc1fd9de6ceb52a0853c6d908",
  "task_name": "BiorxivClusteringS2S",
  "mteb_version": "1.26.3",
  "scores": {
    "test": [
      {
        "v_measure": 0.247981,
        "v_measure_std": 0.006966,
        "v_measures": [
          0.242368,
          0.24638,
          0.256111,
          0.246927,
          0.243971,
          0.244448,
          0.234637,
          0.252272,
          0.253276,
          0.259422
        ],
        "main_score": 0.247981,
        "hf_subset": "default",
        "languages": [
          "eng-Latn"
        ]
      }
    ]
  },
  "evaluation_time": 22.29161310195923,
  "kg_co2_emissions": null
}