{
  "dataset_revision": "4f58c6b202a23cf9a4da393831edf4f9183cad37",
  "task_name": "EmotionClassification",
  "mteb_version": "1.26.3",
  "scores": {
    "validation": [
      {
        "accuracy": 0.43205,
        "f1": 0.384621,
        "f1_weighted": 0.451586,
        "scores_per_experiment": [
          {
            "accuracy": 0.474,
            "f1": 0.415378,
            "f1_weighted": 0.500059
          },
          {
            "accuracy": 0.475,
            "f1": 0.405133,
            "f1_weighted": 0.484241
          },
          {
            "accuracy": 0.4585,
            "f1": 0.39595,
            "f1_weighted": 0.471463
          },
          {
            "accuracy": 0.411,
            "f1": 0.375213,
            "f1_weighted": 0.443353
          },
          {
            "accuracy": 0.459,
            "f1": 0.411823,
            "f1_weighted": 0.478948
          },
          {
            "accuracy": 0.4035,
            "f1": 0.355416,
            "f1_weighted": 0.418313
          },
          {
            "accuracy": 0.4425,
            "f1": 0.392797,
            "f1_weighted": 0.464883
          },
          {
            "accuracy": 0.3715,
            "f1": 0.351916,
            "f1_weighted": 0.388991
          },
          {
            "accuracy": 0.4525,
            "f1": 0.397139,
            "f1_weighted": 0.459624
          },
          {
            "accuracy": 0.373,
            "f1": 0.345447,
            "f1_weighted": 0.405981
          }
        ],
        "main_score": 0.43205,
        "hf_subset": "default",
        "languages": [
          "eng-Latn"
        ]
      }
    ],
    "test": [
      {
        "accuracy": 0.43345,
        "f1": 0.383533,
        "f1_weighted": 0.454816,
        "scores_per_experiment": [
          {
            "accuracy": 0.4695,
            "f1": 0.409856,
            "f1_weighted": 0.49541
          },
          {
            "accuracy": 0.4615,
            "f1": 0.395961,
            "f1_weighted": 0.470267
          },
          {
            "accuracy": 0.4565,
            "f1": 0.396738,
            "f1_weighted": 0.474168
          },
          {
            "accuracy": 0.4115,
            "f1": 0.379316,
            "f1_weighted": 0.446265
          },
          {
            "accuracy": 0.453,
            "f1": 0.393704,
            "f1_weighted": 0.47203
          },
          {
            "accuracy": 0.4145,
            "f1": 0.36374,
            "f1_weighted": 0.435307
          },
          {
            "accuracy": 0.4455,
            "f1": 0.384961,
            "f1_weighted": 0.468346
          },
          {
            "accuracy": 0.387,
            "f1": 0.360751,
            "f1_weighted": 0.404534
          },
          {
            "accuracy": 0.433,
            "f1": 0.381005,
            "f1_weighted": 0.443822
          },
          {
            "accuracy": 0.4025,
            "f1": 0.369295,
            "f1_weighted": 0.438009
          }
        ],
        "main_score": 0.43345,
        "hf_subset": "default",
        "languages": [
          "eng-Latn"
        ]
      }
    ]
  },
  "evaluation_time": 11.300745725631714,
  "kg_co2_emissions": null
}