{
  "dataset_revision": "4672e20407010da34463acc759c162ca9734bca6",
  "task_name": "MassiveIntentClassification",
  "mteb_version": "1.26.3",
  "scores": {
    "validation": [
      {
        "accuracy": 0.627595,
        "f1": 0.617276,
        "f1_weighted": 0.634772,
        "scores_per_experiment": [
          {
            "accuracy": 0.625184,
            "f1": 0.605073,
            "f1_weighted": 0.636042
          },
          {
            "accuracy": 0.640433,
            "f1": 0.625719,
            "f1_weighted": 0.650303
          },
          {
            "accuracy": 0.630595,
            "f1": 0.616821,
            "f1_weighted": 0.634638
          },
          {
            "accuracy": 0.648303,
            "f1": 0.621442,
            "f1_weighted": 0.654691
          },
          {
            "accuracy": 0.612395,
            "f1": 0.604094,
            "f1_weighted": 0.620911
          },
          {
            "accuracy": 0.621249,
            "f1": 0.618591,
            "f1_weighted": 0.629377
          },
          {
            "accuracy": 0.620266,
            "f1": 0.614557,
            "f1_weighted": 0.626232
          },
          {
            "accuracy": 0.622725,
            "f1": 0.623982,
            "f1_weighted": 0.626567
          },
          {
            "accuracy": 0.622725,
            "f1": 0.62335,
            "f1_weighted": 0.633319
          },
          {
            "accuracy": 0.632071,
            "f1": 0.619135,
            "f1_weighted": 0.635635
          }
        ],
        "main_score": 0.627595,
        "hf_subset": "en",
        "languages": [
          "eng-Latn"
        ]
      }
    ],
    "test": [
      {
        "accuracy": 0.610256,
        "f1": 0.595588,
        "f1_weighted": 0.617413,
        "scores_per_experiment": [
          {
            "accuracy": 0.610962,
            "f1": 0.596613,
            "f1_weighted": 0.621853
          },
          {
            "accuracy": 0.618023,
            "f1": 0.592141,
            "f1_weighted": 0.628148
          },
          {
            "accuracy": 0.61735,
            "f1": 0.594457,
            "f1_weighted": 0.618326
          },
          {
            "accuracy": 0.627102,
            "f1": 0.598322,
            "f1_weighted": 0.635811
          },
          {
            "accuracy": 0.604909,
            "f1": 0.592974,
            "f1_weighted": 0.612196
          },
          {
            "accuracy": 0.583726,
            "f1": 0.586097,
            "f1_weighted": 0.590069
          },
          {
            "accuracy": 0.60659,
            "f1": 0.597005,
            "f1_weighted": 0.609387
          },
          {
            "accuracy": 0.610625,
            "f1": 0.593765,
            "f1_weighted": 0.618797
          },
          {
            "accuracy": 0.621385,
            "f1": 0.609398,
            "f1_weighted": 0.63245
          },
          {
            "accuracy": 0.601883,
            "f1": 0.595109,
            "f1_weighted": 0.607099
          }
        ],
        "main_score": 0.610256,
        "hf_subset": "en",
        "languages": [
          "eng-Latn"
        ]
      }
    ]
  },
  "evaluation_time": 9.059175729751587,
  "kg_co2_emissions": null
}