{
  "dataset_revision": "35191c8c0dca72d8ff3efcd72aa802307d469663",
  "task_name": "MedrxivClusteringS2S",
  "mteb_version": "1.26.3",
  "scores": {
    "test": [
      {
        "v_measure": 0.251733,
        "v_measure_std": 0.014633,
        "v_measures": [
          0.225519,
          0.233707,
          0.245632,
          0.245362,
          0.24111,
          0.266425,
          0.263513,
          0.269315,
          0.264746,
          0.262006
        ],
        "main_score": 0.251733,
        "hf_subset": "default",
        "languages": [
          "eng-Latn"
        ]
      }
    ]
  },
  "evaluation_time": 13.443871021270752,
  "kg_co2_emissions": null
}