{
  "dataset_revision": "ec0fa4fe99da2ff19ca1214b7966684033a58814",
  "task_name": "NFCorpus",
  "mteb_version": "1.26.3",
  "scores": {
    "test": [
      {
        "ndcg_at_1": 0.12693,
        "ndcg_at_3": 0.1067,
        "ndcg_at_5": 0.09931,
        "ndcg_at_10": 0.08837,
        "ndcg_at_20": 0.08322,
        "ndcg_at_100": 0.10148,
        "ndcg_at_1000": 0.2109,
        "map_at_1": 0.00864,
        "map_at_3": 0.01339,
        "map_at_5": 0.01588,
        "map_at_10": 0.01843,
        "map_at_20": 0.02041,
        "map_at_100": 0.02596,
        "map_at_1000": 0.03619,
        "recall_at_1": 0.00864,
        "recall_at_3": 0.01849,
        "recall_at_5": 0.0266,
        "recall_at_10": 0.03874,
        "recall_at_20": 0.05381,
        "recall_at_100": 0.14039,
        "recall_at_1000": 0.5121,
        "precision_at_1": 0.14241,
        "precision_at_3": 0.10423,
        "precision_at_5": 0.0904,
        "precision_at_10": 0.06811,
        "precision_at_20": 0.05341,
        "precision_at_100": 0.0352,
        "precision_at_1000": 0.01725,
        "mrr_at_1": 0.142415,
        "mrr_at_3": 0.184727,
        "mrr_at_5": 0.198194,
        "mrr_at_10": 0.208464,
        "mrr_at_20": 0.213624,
        "mrr_at_100": 0.2189,
        "mrr_at_1000": 0.220047,
        "nauc_ndcg_at_1_max": 0.004208,
        "nauc_ndcg_at_1_std": 0.075849,
        "nauc_ndcg_at_1_diff1": 0.25457,
        "nauc_ndcg_at_3_max": 0.04644,
        "nauc_ndcg_at_3_std": 0.073578,
        "nauc_ndcg_at_3_diff1": 0.170947,
        "nauc_ndcg_at_5_max": 0.055488,
        "nauc_ndcg_at_5_std": 0.09607,
        "nauc_ndcg_at_5_diff1": 0.111746,
        "nauc_ndcg_at_10_max": 0.052675,
        "nauc_ndcg_at_10_std": 0.087695,
        "nauc_ndcg_at_10_diff1": 0.103319,
        "nauc_ndcg_at_20_max": 0.050705,
        "nauc_ndcg_at_20_std": 0.066419,
        "nauc_ndcg_at_20_diff1": 0.097776,
        "nauc_ndcg_at_100_max": 0.09798,
        "nauc_ndcg_at_100_std": 0.042883,
        "nauc_ndcg_at_100_diff1": 0.117975,
        "nauc_ndcg_at_1000_max": 0.165506,
        "nauc_ndcg_at_1000_std": 0.094847,
        "nauc_ndcg_at_1000_diff1": 0.098341,
        "nauc_map_at_1_max": -0.067556,
        "nauc_map_at_1_std": -0.277785,
        "nauc_map_at_1_diff1": 0.158682,
        "nauc_map_at_3_max": -0.045142,
        "nauc_map_at_3_std": -0.26609,
        "nauc_map_at_3_diff1": 0.09825,
        "nauc_map_at_5_max": -0.011213,
        "nauc_map_at_5_std": -0.242499,
        "nauc_map_at_5_diff1": 0.073713,
        "nauc_map_at_10_max": 0.007784,
        "nauc_map_at_10_std": -0.205134,
        "nauc_map_at_10_diff1": 0.082116,
        "nauc_map_at_20_max": 0.015013,
        "nauc_map_at_20_std": -0.186901,
        "nauc_map_at_20_diff1": 0.087987,
        "nauc_map_at_100_max": 0.046088,
        "nauc_map_at_100_std": -0.110716,
        "nauc_map_at_100_diff1": 0.08999,
        "nauc_map_at_1000_max": 0.063041,
        "nauc_map_at_1000_std": 7.6e-05,
        "nauc_map_at_1000_diff1": 0.068616,
        "nauc_recall_at_1_max": -0.067556,
        "nauc_recall_at_1_std": -0.277785,
        "nauc_recall_at_1_diff1": 0.158682,
        "nauc_recall_at_3_max": -0.042377,
        "nauc_recall_at_3_std": -0.265784,
        "nauc_recall_at_3_diff1": 0.015929,
        "nauc_recall_at_5_max": 0.025443,
        "nauc_recall_at_5_std": -0.224295,
        "nauc_recall_at_5_diff1": -0.045422,
        "nauc_recall_at_10_max": 0.049283,
        "nauc_recall_at_10_std": -0.170424,
        "nauc_recall_at_10_diff1": -0.003925,
        "nauc_recall_at_20_max": 0.012943,
        "nauc_recall_at_20_std": -0.167686,
        "nauc_recall_at_20_diff1": -0.009987,
        "nauc_recall_at_100_max": 0.063475,
        "nauc_recall_at_100_std": -0.011921,
        "nauc_recall_at_100_diff1": 0.040601,
        "nauc_recall_at_1000_max": 0.083091,
        "nauc_recall_at_1000_std": -0.008401,
        "nauc_recall_at_1000_diff1": 0.017248,
        "nauc_precision_at_1_max": 0.02882,
        "nauc_precision_at_1_std": 0.072163,
        "nauc_precision_at_1_diff1": 0.247686,
        "nauc_precision_at_3_max": 0.098959,
        "nauc_precision_at_3_std": 0.091535,
        "nauc_precision_at_3_diff1": 0.12764,
        "nauc_precision_at_5_max": 0.101388,
        "nauc_precision_at_5_std": 0.180125,
        "nauc_precision_at_5_diff1": 0.061808,
        "nauc_precision_at_10_max": 0.097058,
        "nauc_precision_at_10_std": 0.222274,
        "nauc_precision_at_10_diff1": 0.083004,
        "nauc_precision_at_20_max": 0.115892,
        "nauc_precision_at_20_std": 0.265036,
        "nauc_precision_at_20_diff1": 0.077217,
        "nauc_precision_at_100_max": 0.097147,
        "nauc_precision_at_100_std": 0.35657,
        "nauc_precision_at_100_diff1": 0.015046,
        "nauc_precision_at_1000_max": 0.036472,
        "nauc_precision_at_1000_std": 0.392559,
        "nauc_precision_at_1000_diff1": -0.042334,
        "nauc_mrr_at_1_max": 0.02882,
        "nauc_mrr_at_1_std": 0.072163,
        "nauc_mrr_at_1_diff1": 0.247686,
        "nauc_mrr_at_3_max": 0.044221,
        "nauc_mrr_at_3_std": 0.064767,
        "nauc_mrr_at_3_diff1": 0.202093,
        "nauc_mrr_at_5_max": 0.04809,
        "nauc_mrr_at_5_std": 0.078026,
        "nauc_mrr_at_5_diff1": 0.185638,
        "nauc_mrr_at_10_max": 0.053744,
        "nauc_mrr_at_10_std": 0.07556,
        "nauc_mrr_at_10_diff1": 0.187104,
        "nauc_mrr_at_20_max": 0.053908,
        "nauc_mrr_at_20_std": 0.073108,
        "nauc_mrr_at_20_diff1": 0.186011,
        "nauc_mrr_at_100_max": 0.057905,
        "nauc_mrr_at_100_std": 0.075487,
        "nauc_mrr_at_100_diff1": 0.185784,
        "nauc_mrr_at_1000_max": 0.057622,
        "nauc_mrr_at_1000_std": 0.075259,
        "nauc_mrr_at_1000_diff1": 0.185812,
        "main_score": 0.08837,
        "hf_subset": "default",
        "languages": [
          "eng-Latn"
        ]
      }
    ]
  },
  "evaluation_time": 11.742519617080688,
  "kg_co2_emissions": null
}