{
  "dataset_revision": "d3c5e1fc0b855ab6097bf1cda04dd73947d7caab",
  "task_name": "SciDocsRR",
  "mteb_version": "1.26.3",
  "scores": {
    "test": [
      {
        "map": 0.702481,
        "mrr": 0.892762,
        "nAUC_map_max": 0.551924,
        "nAUC_map_std": 0.641232,
        "nAUC_map_diff1": 0.083544,
        "nAUC_mrr_max": 0.702437,
        "nAUC_mrr_std": 0.649854,
        "nAUC_mrr_diff1": 0.420397,
        "main_score": 0.702481,
        "hf_subset": "default",
        "languages": [
          "eng-Latn"
        ]
      }
    ]
  },
  "evaluation_time": 28.013636827468872,
  "kg_co2_emissions": null
}