{
  "dataset_revision": "0228b52cf27578f30900b9e5271d331663a030d7",
  "task_name": "SciFact",
  "mteb_version": "1.26.3",
  "scores": {
    "train": [
      {
        "ndcg_at_1": 0.16811,
        "ndcg_at_3": 0.23071,
        "ndcg_at_5": 0.25221,
        "ndcg_at_10": 0.2823,
        "ndcg_at_20": 0.3059,
        "ndcg_at_100": 0.34906,
        "ndcg_at_1000": 0.37628,
        "map_at_1": 0.15637,
        "map_at_3": 0.21008,
        "map_at_5": 0.22233,
        "map_at_10": 0.23458,
        "map_at_20": 0.24139,
        "map_at_100": 0.2477,
        "map_at_1000": 0.24869,
        "recall_at_1": 0.15637,
        "recall_at_3": 0.27456,
        "recall_at_5": 0.32713,
        "recall_at_10": 0.41906,
        "recall_at_20": 0.50995,
        "recall_at_100": 0.73548,
        "recall_at_1000": 0.94932,
        "precision_at_1": 0.16811,
        "precision_at_3": 0.10177,
        "precision_at_5": 0.07342,
        "precision_at_10": 0.04747,
        "precision_at_20": 0.02892,
        "precision_at_100": 0.00843,
        "precision_at_1000": 0.00108,
        "mrr_at_1": 0.168109,
        "mrr_at_3": 0.223733,
        "mrr_at_5": 0.235723,
        "mrr_at_10": 0.247807,
        "mrr_at_20": 0.253914,
        "mrr_at_100": 0.259414,
        "mrr_at_1000": 0.260295,
        "nauc_ndcg_at_1_max": 0.124869,
        "nauc_ndcg_at_1_std": -0.042537,
        "nauc_ndcg_at_1_diff1": 0.293058,
        "nauc_ndcg_at_3_max": 0.094295,
        "nauc_ndcg_at_3_std": 0.020834,
        "nauc_ndcg_at_3_diff1": 0.245319,
        "nauc_ndcg_at_5_max": 0.082751,
        "nauc_ndcg_at_5_std": 0.035615,
        "nauc_ndcg_at_5_diff1": 0.216689,
        "nauc_ndcg_at_10_max": 0.071009,
        "nauc_ndcg_at_10_std": 0.042243,
        "nauc_ndcg_at_10_diff1": 0.200509,
        "nauc_ndcg_at_20_max": 0.058833,
        "nauc_ndcg_at_20_std": 0.042526,
        "nauc_ndcg_at_20_diff1": 0.200584,
        "nauc_ndcg_at_100_max": 0.081776,
        "nauc_ndcg_at_100_std": 0.063357,
        "nauc_ndcg_at_100_diff1": 0.213799,
        "nauc_ndcg_at_1000_max": 0.082317,
        "nauc_ndcg_at_1000_std": 0.051218,
        "nauc_ndcg_at_1000_diff1": 0.223787,
        "nauc_map_at_1_max": 0.095086,
        "nauc_map_at_1_std": -0.038995,
        "nauc_map_at_1_diff1": 0.293383,
        "nauc_map_at_3_max": 0.094535,
        "nauc_map_at_3_std": 0.006588,
        "nauc_map_at_3_diff1": 0.260479,
        "nauc_map_at_5_max": 0.089305,
        "nauc_map_at_5_std": 0.014255,
        "nauc_map_at_5_diff1": 0.243712,
        "nauc_map_at_10_max": 0.083127,
        "nauc_map_at_10_std": 0.018022,
        "nauc_map_at_10_diff1": 0.236255,
        "nauc_map_at_20_max": 0.079515,
        "nauc_map_at_20_std": 0.018951,
        "nauc_map_at_20_diff1": 0.235549,
        "nauc_map_at_100_max": 0.083697,
        "nauc_map_at_100_std": 0.023372,
        "nauc_map_at_100_diff1": 0.238306,
        "nauc_map_at_1000_max": 0.083684,
        "nauc_map_at_1000_std": 0.022899,
        "nauc_map_at_1000_diff1": 0.238535,
        "nauc_recall_at_1_max": 0.095086,
        "nauc_recall_at_1_std": -0.038995,
        "nauc_recall_at_1_diff1": 0.293383,
        "nauc_recall_at_3_max": 0.077652,
        "nauc_recall_at_3_std": 0.053046,
        "nauc_recall_at_3_diff1": 0.218192,
        "nauc_recall_at_5_max": 0.052121,
        "nauc_recall_at_5_std": 0.080743,
        "nauc_recall_at_5_diff1": 0.154572,
        "nauc_recall_at_10_max": 0.022544,
        "nauc_recall_at_10_std": 0.088998,
        "nauc_recall_at_10_diff1": 0.113286,
        "nauc_recall_at_20_max": -0.020776,
        "nauc_recall_at_20_std": 0.086299,
        "nauc_recall_at_20_diff1": 0.113605,
        "nauc_recall_at_100_max": 0.07514,
        "nauc_recall_at_100_std": 0.214003,
        "nauc_recall_at_100_diff1": 0.146084,
        "nauc_recall_at_1000_max": 0.094665,
        "nauc_recall_at_1000_std": 0.297417,
        "nauc_recall_at_1000_diff1": 0.401017,
        "nauc_precision_at_1_max": 0.124869,
        "nauc_precision_at_1_std": -0.042537,
        "nauc_precision_at_1_diff1": 0.293058,
        "nauc_precision_at_3_max": 0.121076,
        "nauc_precision_at_3_std": 0.055673,
        "nauc_precision_at_3_diff1": 0.206727,
        "nauc_precision_at_5_max": 0.103637,
        "nauc_precision_at_5_std": 0.093804,
        "nauc_precision_at_5_diff1": 0.144575,
        "nauc_precision_at_10_max": 0.076237,
        "nauc_precision_at_10_std": 0.126463,
        "nauc_precision_at_10_diff1": 0.089894,
        "nauc_precision_at_20_max": 0.038009,
        "nauc_precision_at_20_std": 0.142573,
        "nauc_precision_at_20_diff1": 0.07591,
        "nauc_precision_at_100_max": 0.146847,
        "nauc_precision_at_100_std": 0.263455,
        "nauc_precision_at_100_diff1": 0.07686,
        "nauc_precision_at_1000_max": 0.15801,
        "nauc_precision_at_1000_std": 0.227645,
        "nauc_precision_at_1000_diff1": 0.041395,
        "nauc_mrr_at_1_max": 0.124869,
        "nauc_mrr_at_1_std": -0.042537,
        "nauc_mrr_at_1_diff1": 0.293058,
        "nauc_mrr_at_3_max": 0.105365,
        "nauc_mrr_at_3_std": 0.007452,
        "nauc_mrr_at_3_diff1": 0.247806,
        "nauc_mrr_at_5_max": 0.099595,
        "nauc_mrr_at_5_std": 0.018797,
        "nauc_mrr_at_5_diff1": 0.230843,
        "nauc_mrr_at_10_max": 0.095503,
        "nauc_mrr_at_10_std": 0.021893,
        "nauc_mrr_at_10_diff1": 0.225365,
        "nauc_mrr_at_20_max": 0.092161,
        "nauc_mrr_at_20_std": 0.021047,
        "nauc_mrr_at_20_diff1": 0.226014,
        "nauc_mrr_at_100_max": 0.094552,
        "nauc_mrr_at_100_std": 0.022715,
        "nauc_mrr_at_100_diff1": 0.228391,
        "nauc_mrr_at_1000_max": 0.094582,
        "nauc_mrr_at_1000_std": 0.022169,
        "nauc_mrr_at_1000_diff1": 0.22863,
        "main_score": 0.2823,
        "hf_subset": "default",
        "languages": [
          "eng-Latn"
        ]
      }
    ],
    "test": [
      {
        "ndcg_at_1": 0.19333,
        "ndcg_at_3": 0.23604,
        "ndcg_at_5": 0.27086,
        "ndcg_at_10": 0.29886,
        "ndcg_at_20": 0.32037,
        "ndcg_at_100": 0.35689,
        "ndcg_at_1000": 0.38742,
        "map_at_1": 0.18139,
        "map_at_3": 0.22019,
        "map_at_5": 0.24033,
        "map_at_10": 0.2515,
        "map_at_20": 0.25763,
        "map_at_100": 0.26322,
        "map_at_1000": 0.26431,
        "recall_at_1": 0.18139,
        "recall_at_3": 0.26706,
        "recall_at_5": 0.3505,
        "recall_at_10": 0.43689,
        "recall_at_20": 0.51967,
        "recall_at_100": 0.70839,
        "recall_at_1000": 0.94867,
        "precision_at_1": 0.19333,
        "precision_at_3": 0.09667,
        "precision_at_5": 0.07733,
        "precision_at_10": 0.04867,
        "precision_at_20": 0.02867,
        "precision_at_100": 0.008,
        "precision_at_1000": 0.00107,
        "mrr_at_1": 0.193333,
        "mrr_at_3": 0.233333,
        "mrr_at_5": 0.253333,
        "mrr_at_10": 0.264642,
        "mrr_at_20": 0.270729,
        "mrr_at_100": 0.275126,
        "mrr_at_1000": 0.276121,
        "nauc_ndcg_at_1_max": 0.212344,
        "nauc_ndcg_at_1_std": 0.066246,
        "nauc_ndcg_at_1_diff1": 0.412,
        "nauc_ndcg_at_3_max": 0.164435,
        "nauc_ndcg_at_3_std": 0.063262,
        "nauc_ndcg_at_3_diff1": 0.379539,
        "nauc_ndcg_at_5_max": 0.150305,
        "nauc_ndcg_at_5_std": 0.079574,
        "nauc_ndcg_at_5_diff1": 0.336957,
        "nauc_ndcg_at_10_max": 0.153619,
        "nauc_ndcg_at_10_std": 0.086045,
        "nauc_ndcg_at_10_diff1": 0.336521,
        "nauc_ndcg_at_20_max": 0.149737,
        "nauc_ndcg_at_20_std": 0.09418,
        "nauc_ndcg_at_20_diff1": 0.334103,
        "nauc_ndcg_at_100_max": 0.147204,
        "nauc_ndcg_at_100_std": 0.103359,
        "nauc_ndcg_at_100_diff1": 0.326052,
        "nauc_ndcg_at_1000_max": 0.154963,
        "nauc_ndcg_at_1000_std": 0.093593,
        "nauc_ndcg_at_1000_diff1": 0.340316,
        "nauc_map_at_1_max": 0.211947,
        "nauc_map_at_1_std": 0.028969,
        "nauc_map_at_1_diff1": 0.429859,
        "nauc_map_at_3_max": 0.17782,
        "nauc_map_at_3_std": 0.048756,
        "nauc_map_at_3_diff1": 0.390257,
        "nauc_map_at_5_max": 0.17062,
        "nauc_map_at_5_std": 0.060664,
        "nauc_map_at_5_diff1": 0.366473,
        "nauc_map_at_10_max": 0.172514,
        "nauc_map_at_10_std": 0.064237,
        "nauc_map_at_10_diff1": 0.366522,
        "nauc_map_at_20_max": 0.171224,
        "nauc_map_at_20_std": 0.066279,
        "nauc_map_at_20_diff1": 0.36579,
        "nauc_map_at_100_max": 0.169851,
        "nauc_map_at_100_std": 0.068747,
        "nauc_map_at_100_diff1": 0.364985,
        "nauc_map_at_1000_max": 0.170009,
        "nauc_map_at_1000_std": 0.068474,
        "nauc_map_at_1000_diff1": 0.3654,
        "nauc_recall_at_1_max": 0.211947,
        "nauc_recall_at_1_std": 0.028969,
        "nauc_recall_at_1_diff1": 0.429859,
        "nauc_recall_at_3_max": 0.132994,
        "nauc_recall_at_3_std": 0.060939,
        "nauc_recall_at_3_diff1": 0.339672,
        "nauc_recall_at_5_max": 0.103348,
        "nauc_recall_at_5_std": 0.095182,
        "nauc_recall_at_5_diff1": 0.251268,
        "nauc_recall_at_10_max": 0.103886,
        "nauc_recall_at_10_std": 0.107185,
        "nauc_recall_at_10_diff1": 0.244734,
        "nauc_recall_at_20_max": 0.088536,
        "nauc_recall_at_20_std": 0.13849,
        "nauc_recall_at_20_diff1": 0.229849,
        "nauc_recall_at_100_max": 0.073336,
        "nauc_recall_at_100_std": 0.195483,
        "nauc_recall_at_100_diff1": 0.150714,
        "nauc_recall_at_1000_max": 0.163571,
        "nauc_recall_at_1000_std": 0.133362,
        "nauc_recall_at_1000_diff1": 0.170971,
        "nauc_precision_at_1_max": 0.212344,
        "nauc_precision_at_1_std": 0.066246,
        "nauc_precision_at_1_diff1": 0.412,
        "nauc_precision_at_3_max": 0.122641,
        "nauc_precision_at_3_std": 0.122699,
        "nauc_precision_at_3_diff1": 0.33379,
        "nauc_precision_at_5_max": 0.087522,
        "nauc_precision_at_5_std": 0.172753,
        "nauc_precision_at_5_diff1": 0.249891,
        "nauc_precision_at_10_max": 0.100406,
        "nauc_precision_at_10_std": 0.196167,
        "nauc_precision_at_10_diff1": 0.251339,
        "nauc_precision_at_20_max": 0.087419,
        "nauc_precision_at_20_std": 0.230052,
        "nauc_precision_at_20_diff1": 0.236039,
        "nauc_precision_at_100_max": 0.028353,
        "nauc_precision_at_100_std": 0.298849,
        "nauc_precision_at_100_diff1": 0.143664,
        "nauc_precision_at_1000_max": 0.019653,
        "nauc_precision_at_1000_std": 0.339008,
        "nauc_precision_at_1000_diff1": 0.106418,
        "nauc_mrr_at_1_max": 0.212344,
        "nauc_mrr_at_1_std": 0.066246,
        "nauc_mrr_at_1_diff1": 0.412,
        "nauc_mrr_at_3_max": 0.173848,
        "nauc_mrr_at_3_std": 0.084212,
        "nauc_mrr_at_3_diff1": 0.389043,
        "nauc_mrr_at_5_max": 0.160984,
        "nauc_mrr_at_5_std": 0.096683,
        "nauc_mrr_at_5_diff1": 0.36493,
        "nauc_mrr_at_10_max": 0.165075,
        "nauc_mrr_at_10_std": 0.098263,
        "nauc_mrr_at_10_diff1": 0.364061,
        "nauc_mrr_at_20_max": 0.163236,
        "nauc_mrr_at_20_std": 0.099313,
        "nauc_mrr_at_20_diff1": 0.36297,
        "nauc_mrr_at_100_max": 0.163289,
        "nauc_mrr_at_100_std": 0.099203,
        "nauc_mrr_at_100_diff1": 0.362142,
        "nauc_mrr_at_1000_max": 0.16339,
        "nauc_mrr_at_1000_std": 0.098758,
        "nauc_mrr_at_1000_diff1": 0.362526,
        "main_score": 0.29886,
        "hf_subset": "default",
        "languages": [
          "eng-Latn"
        ]
      }
    ]
  },
  "evaluation_time": 32.16849327087402,
  "kg_co2_emissions": null
}