{
  "dataset_revision": "20a6d6f312dd54037fe07a32d58e5e168867909d",
  "task_name": "SICK-R",
  "mteb_version": "1.26.3",
  "scores": {
    "test": [
      {
        "pearson": 0.839314,
        "spearman": 0.777372,
        "cosine_pearson": 0.839314,
        "cosine_spearman": 0.777372,
        "manhattan_pearson": 0.803144,
        "manhattan_spearman": 0.759247,
        "euclidean_pearson": 0.801781,
        "euclidean_spearman": 0.75759,
        "main_score": 0.777372,
        "hf_subset": "default",
        "languages": [
          "eng-Latn"
        ]
      }
    ]
  },
  "evaluation_time": 3.5644991397857666,
  "kg_co2_emissions": null
}