{
  "dataset_revision": "d66bd1f72af766a5cc4b0ca5e00c162f89e8cc46",
  "task_name": "SprintDuplicateQuestions",
  "mteb_version": "1.26.3",
  "scores": {
    "validation": [
      {
        "similarity_accuracy": 0.993812,
        "similarity_accuracy_threshold": 0.833245,
        "similarity_f1": 0.661524,
        "similarity_f1_threshold": 0.803388,
        "similarity_precision": 0.638734,
        "similarity_recall": 0.686,
        "similarity_ap": 0.69931,
        "cosine_accuracy": 0.993812,
        "cosine_accuracy_threshold": 0.833246,
        "cosine_f1": 0.661524,
        "cosine_f1_threshold": 0.803388,
        "cosine_precision": 0.638734,
        "cosine_recall": 0.686,
        "cosine_ap": 0.699311,
        "manhattan_accuracy": 0.994683,
        "manhattan_accuracy_threshold": 139.096039,
        "manhattan_f1": 0.700883,
        "manhattan_f1_threshold": 140.720169,
        "manhattan_precision": 0.78202,
        "manhattan_recall": 0.635,
        "manhattan_ap": 0.742776,
        "euclidean_accuracy": 0.994733,
        "euclidean_accuracy_threshold": 6.298413,
        "euclidean_f1": 0.702588,
        "euclidean_f1_threshold": 6.483875,
        "euclidean_precision": 0.744681,
        "euclidean_recall": 0.665,
        "euclidean_ap": 0.743846,
        "dot_accuracy": 0.990356,
        "dot_accuracy_threshold": 108.786102,
        "dot_f1": 0.360602,
        "dot_f1_threshold": 92.177597,
        "dot_precision": 0.304049,
        "dot_recall": 0.443,
        "dot_ap": 0.286018,
        "max_accuracy": 0.994733,
        "max_f1": 0.702588,
        "max_precision": 0.78202,
        "max_recall": 0.686,
        "max_ap": 0.743846,
        "main_score": 0.743846,
        "hf_subset": "default",
        "languages": [
          "eng-Latn"
        ]
      }
    ],
    "test": [
      {
        "similarity_accuracy": 0.994356,
        "similarity_accuracy_threshold": 0.841414,
        "similarity_f1": 0.681981,
        "similarity_f1_threshold": 0.819449,
        "similarity_precision": 0.696559,
        "similarity_recall": 0.668,
        "similarity_ap": 0.735876,
        "cosine_accuracy": 0.994356,
        "cosine_accuracy_threshold": 0.841414,
        "cosine_f1": 0.681981,
        "cosine_f1_threshold": 0.819449,
        "cosine_precision": 0.696559,
        "cosine_recall": 0.668,
        "cosine_ap": 0.735876,
        "manhattan_accuracy": 0.994792,
        "manhattan_accuracy_threshold": 137.74588,
        "manhattan_f1": 0.716961,
        "manhattan_f1_threshold": 138.709991,
        "manhattan_precision": 0.771001,
        "manhattan_recall": 0.67,
        "manhattan_ap": 0.762579,
        "euclidean_accuracy": 0.994921,
        "euclidean_accuracy_threshold": 6.160687,
        "euclidean_f1": 0.718447,
        "euclidean_f1_threshold": 6.291972,
        "euclidean_precision": 0.779859,
        "euclidean_recall": 0.666,
        "euclidean_ap": 0.765093,
        "dot_accuracy": 0.990574,
        "dot_accuracy_threshold": 109.4963,
        "dot_f1": 0.388373,
        "dot_f1_threshold": 93.101028,
        "dot_precision": 0.32566,
        "dot_recall": 0.481,
        "dot_ap": 0.337847,
        "max_accuracy": 0.994921,
        "max_f1": 0.718447,
        "max_precision": 0.779859,
        "max_recall": 0.67,
        "max_ap": 0.765093,
        "main_score": 0.765093,
        "hf_subset": "default",
        "languages": [
          "eng-Latn"
        ]
      }
    ]
  },
  "evaluation_time": 50.461004972457886,
  "kg_co2_emissions": null
}