{
  "dataset_revision": "e185fbe320c72810689fc5848eb6114e1ef5ec69",
  "task_name": "StackOverflowDupQuestions",
  "mteb_version": "1.26.3",
  "scores": {
    "test": [
      {
        "map": 0.383072,
        "mrr": 0.383628,
        "nAUC_map_max": 0.160574,
        "nAUC_map_std": 0.064636,
        "nAUC_map_diff1": 0.275612,
        "nAUC_mrr_max": 0.168391,
        "nAUC_mrr_std": 0.065171,
        "nAUC_mrr_diff1": 0.27635,
        "main_score": 0.383072,
        "hf_subset": "default",
        "languages": [
          "eng-Latn"
        ]
      }
    ]
  },
  "evaluation_time": 18.2987699508667,
  "kg_co2_emissions": null
}