{
  "dataset_revision": "4d8694f8f0e0100860b497b999b3dbed754a0513",
  "task_name": "STS16",
  "mteb_version": "1.26.3",
  "scores": {
    "test": [
      {
        "pearson": 0.751647,
        "spearman": 0.770456,
        "cosine_pearson": 0.751648,
        "cosine_spearman": 0.770455,
        "manhattan_pearson": 0.751345,
        "manhattan_spearman": 0.75997,
        "euclidean_pearson": 0.750691,
        "euclidean_spearman": 0.7591,
        "main_score": 0.770455,
        "hf_subset": "default",
        "languages": [
          "eng-Latn"
        ]
      }
    ]
  },
  "evaluation_time": 0.5767619609832764,
  "kg_co2_emissions": null
}