{
  "dataset_revision": "7e90230a92c190f1bf69ae9002b8cea547a64cca",
  "task_name": "STS13",
  "mteb_version": "1.26.3",
  "scores": {
    "test": [
      {
        "pearson": 0.740723,
        "spearman": 0.7633,
        "cosine_pearson": 0.740723,
        "cosine_spearman": 0.7633,
        "manhattan_pearson": 0.67596,
        "manhattan_spearman": 0.685006,
        "euclidean_pearson": 0.673548,
        "euclidean_spearman": 0.682815,
        "main_score": 0.7633,
        "hf_subset": "default",
        "languages": [
          "eng-Latn"
        ]
      }
    ]
  },
  "evaluation_time": 0.6024127006530762,
  "kg_co2_emissions": null
}