{
  "dataset_revision": "b0fddb56ed78048fa8b90373c8a3cfc37b684831",
  "task_name": "STSBenchmark",
  "mteb_version": "1.26.3",
  "scores": {
    "test": [
      {
        "pearson": 0.787149,
        "spearman": 0.795337,
        "cosine_pearson": 0.787149,
        "cosine_spearman": 0.795337,
        "manhattan_pearson": 0.770209,
        "manhattan_spearman": 0.765306,
        "euclidean_pearson": 0.770527,
        "euclidean_spearman": 0.765559,
        "main_score": 0.795337,
        "hf_subset": "default",
        "languages": [
          "eng-Latn"
        ]
      }
    ]
  },
  "evaluation_time": 0.5698189735412598,
  "kg_co2_emissions": null
}