{
  "dataset_revision": "6125ec4e24fa026cec8a478383ee943acfbd5449",
  "task_name": "TwentyNewsgroupsClustering",
  "mteb_version": "1.26.3",
  "scores": {
    "test": [
      {
        "v_measure": 0.292178,
        "v_measure_std": 0.011929,
        "v_measures": [
          0.282627,
          0.294407,
          0.289515,
          0.287174,
          0.28965,
          0.321429,
          0.282256,
          0.297713,
          0.276741,
          0.300265
        ],
        "main_score": 0.292178,
        "hf_subset": "default",
        "languages": [
          "eng-Latn"
        ]
      }
    ]
  },
  "evaluation_time": 10.509793281555176,
  "kg_co2_emissions": null
}