{
  "dataset_revision": "c22ab2a51041ffd869aaddef7af8d8215647e41a",
  "task_name": "ArguAna",
  "mteb_version": "1.26.3",
  "scores": {
    "test": [
      {
        "ndcg_at_1": 0.38407,
        "ndcg_at_3": 0.54778,
        "ndcg_at_5": 0.59531,
        "ndcg_at_10": 0.63648,
        "ndcg_at_20": 0.6518,
        "ndcg_at_100": 0.657,
        "ndcg_at_1000": 0.65729,
        "map_at_1": 0.38407,
        "map_at_3": 0.50688,
        "map_at_5": 0.53312,
        "map_at_10": 0.55025,
        "map_at_20": 0.55466,
        "map_at_100": 0.5555,
        "map_at_1000": 0.55552,
        "recall_at_1": 0.38407,
        "recall_at_3": 0.66643,
        "recall_at_5": 0.78236,
        "recall_at_10": 0.90896,
        "recall_at_20": 0.96799,
        "recall_at_100": 0.99431,
        "recall_at_1000": 0.99644,
        "precision_at_1": 0.38407,
        "precision_at_3": 0.22214,
        "precision_at_5": 0.15647,
        "precision_at_10": 0.0909,
        "precision_at_20": 0.0484,
        "precision_at_100": 0.00994,
        "precision_at_1000": 0.001,
        "mrr_at_1": 0.389758,
        "mrr_at_3": 0.508653,
        "mrr_at_5": 0.534969,
        "mrr_at_10": 0.552278,
        "mrr_at_20": 0.556752,
        "mrr_at_100": 0.557596,
        "mrr_at_1000": 0.557611,
        "nauc_ndcg_at_1_max": -0.114209,
        "nauc_ndcg_at_1_std": -0.151537,
        "nauc_ndcg_at_1_diff1": 0.129595,
        "nauc_ndcg_at_3_max": -0.0895,
        "nauc_ndcg_at_3_std": -0.146394,
        "nauc_ndcg_at_3_diff1": 0.109863,
        "nauc_ndcg_at_5_max": -0.086904,
        "nauc_ndcg_at_5_std": -0.153479,
        "nauc_ndcg_at_5_diff1": 0.09471,
        "nauc_ndcg_at_10_max": -0.066608,
        "nauc_ndcg_at_10_std": -0.137679,
        "nauc_ndcg_at_10_diff1": 0.119466,
        "nauc_ndcg_at_20_max": -0.076031,
        "nauc_ndcg_at_20_std": -0.135012,
        "nauc_ndcg_at_20_diff1": 0.116554,
        "nauc_ndcg_at_100_max": -0.08529,
        "nauc_ndcg_at_100_std": -0.141717,
        "nauc_ndcg_at_100_diff1": 0.115363,
        "nauc_ndcg_at_1000_max": -0.08632,
        "nauc_ndcg_at_1000_std": -0.141954,
        "nauc_ndcg_at_1000_diff1": 0.114724,
        "nauc_map_at_1_max": -0.114209,
        "nauc_map_at_1_std": -0.151537,
        "nauc_map_at_1_diff1": 0.129595,
        "nauc_map_at_3_max": -0.096468,
        "nauc_map_at_3_std": -0.147995,
        "nauc_map_at_3_diff1": 0.114758,
        "nauc_map_at_5_max": -0.095623,
        "nauc_map_at_5_std": -0.151758,
        "nauc_map_at_5_diff1": 0.10721,
        "nauc_map_at_10_max": -0.089242,
        "nauc_map_at_10_std": -0.146535,
        "nauc_map_at_10_diff1": 0.11585,
        "nauc_map_at_20_max": -0.091548,
        "nauc_map_at_20_std": -0.145709,
        "nauc_map_at_20_diff1": 0.115253,
        "nauc_map_at_100_max": -0.092731,
        "nauc_map_at_100_std": -0.146704,
        "nauc_map_at_100_diff1": 0.115207,
        "nauc_map_at_1000_max": -0.092774,
        "nauc_map_at_1000_std": -0.146713,
        "nauc_map_at_1000_diff1": 0.115183,
        "nauc_recall_at_1_max": -0.114209,
        "nauc_recall_at_1_std": -0.151537,
        "nauc_recall_at_1_diff1": 0.129595,
        "nauc_recall_at_3_max": -0.06558,
        "nauc_recall_at_3_std": -0.140828,
        "nauc_recall_at_3_diff1": 0.093367,
        "nauc_recall_at_5_max": -0.046799,
        "nauc_recall_at_5_std": -0.16251,
        "nauc_recall_at_5_diff1": 0.035709,
        "nauc_recall_at_10_max": 0.175985,
        "nauc_recall_at_10_std": -0.03416,
        "nauc_recall_at_10_diff1": 0.183229,
        "nauc_recall_at_20_max": 0.345443,
        "nauc_recall_at_20_std": 0.207582,
        "nauc_recall_at_20_diff1": 0.210218,
        "nauc_recall_at_100_max": 0.377321,
        "nauc_recall_at_100_std": 0.499447,
        "nauc_recall_at_100_diff1": 0.307873,
        "nauc_recall_at_1000_max": 0.187648,
        "nauc_recall_at_1000_std": 0.772261,
        "nauc_recall_at_1000_diff1": 0.123589,
        "nauc_precision_at_1_max": -0.114209,
        "nauc_precision_at_1_std": -0.151537,
        "nauc_precision_at_1_diff1": 0.129595,
        "nauc_precision_at_3_max": -0.06558,
        "nauc_precision_at_3_std": -0.140828,
        "nauc_precision_at_3_diff1": 0.093367,
        "nauc_precision_at_5_max": -0.046799,
        "nauc_precision_at_5_std": -0.16251,
        "nauc_precision_at_5_diff1": 0.035709,
        "nauc_precision_at_10_max": 0.175985,
        "nauc_precision_at_10_std": -0.03416,
        "nauc_precision_at_10_diff1": 0.183229,
        "nauc_precision_at_20_max": 0.345443,
        "nauc_precision_at_20_std": 0.207582,
        "nauc_precision_at_20_diff1": 0.210218,
        "nauc_precision_at_100_max": 0.377321,
        "nauc_precision_at_100_std": 0.499447,
        "nauc_precision_at_100_diff1": 0.307873,
        "nauc_precision_at_1000_max": 0.187648,
        "nauc_precision_at_1000_std": 0.772261,
        "nauc_precision_at_1000_diff1": 0.123589,
        "nauc_mrr_at_1_max": -0.114511,
        "nauc_mrr_at_1_std": -0.150945,
        "nauc_mrr_at_1_diff1": 0.113482,
        "nauc_mrr_at_3_max": -0.106379,
        "nauc_mrr_at_3_std": -0.150909,
        "nauc_mrr_at_3_diff1": 0.094704,
        "nauc_mrr_at_5_max": -0.103985,
        "nauc_mrr_at_5_std": -0.151597,
        "nauc_mrr_at_5_diff1": 0.088254,
        "nauc_mrr_at_10_max": -0.097196,
        "nauc_mrr_at_10_std": -0.145942,
        "nauc_mrr_at_10_diff1": 0.096836,
        "nauc_mrr_at_20_max": -0.099307,
        "nauc_mrr_at_20_std": -0.14502,
        "nauc_mrr_at_20_diff1": 0.096285,
        "nauc_mrr_at_100_max": -0.100516,
        "nauc_mrr_at_100_std": -0.146013,
        "nauc_mrr_at_100_diff1": 0.096178,
        "nauc_mrr_at_1000_max": -0.100559,
        "nauc_mrr_at_1000_std": -0.146021,
        "nauc_mrr_at_1000_diff1": 0.096153,
        "main_score": 0.63648,
        "hf_subset": "default",
        "languages": [
          "eng-Latn"
        ]
      }
    ]
  },
  "evaluation_time": 27.08860492706299,
  "kg_co2_emissions": null
}