{
  "dataset_revision": "0fd18e25b25c072e09e0d92ab615fda904d66300",
  "task_name": "Banking77Classification",
  "mteb_version": "1.26.3",
  "scores": {
    "test": [
      {
        "accuracy": 0.867175,
        "f1": 0.866874,
        "f1_weighted": 0.866874,
        "scores_per_experiment": [
          {
            "accuracy": 0.877597,
            "f1": 0.87713,
            "f1_weighted": 0.87713
          },
          {
            "accuracy": 0.866558,
            "f1": 0.86668,
            "f1_weighted": 0.86668
          },
          {
            "accuracy": 0.874675,
            "f1": 0.873999,
            "f1_weighted": 0.873999
          },
          {
            "accuracy": 0.870455,
            "f1": 0.871105,
            "f1_weighted": 0.871105
          },
          {
            "accuracy": 0.867857,
            "f1": 0.867687,
            "f1_weighted": 0.867687
          },
          {
            "accuracy": 0.852597,
            "f1": 0.852027,
            "f1_weighted": 0.852027
          },
          {
            "accuracy": 0.85487,
            "f1": 0.85468,
            "f1_weighted": 0.85468
          },
          {
            "accuracy": 0.855519,
            "f1": 0.854866,
            "f1_weighted": 0.854866
          },
          {
            "accuracy": 0.877597,
            "f1": 0.876893,
            "f1_weighted": 0.876893
          },
          {
            "accuracy": 0.874026,
            "f1": 0.873674,
            "f1_weighted": 0.873674
          }
        ],
        "main_score": 0.867175,
        "hf_subset": "default",
        "languages": [
          "eng-Latn"
        ]
      }
    ]
  },
  "evaluation_time": 14.291534900665283,
  "kg_co2_emissions": null
}