{
  "dataset_revision": "258694dd0231531bc1fd9de6ceb52a0853c6d908",
  "task_name": "BiorxivClusteringS2S",
  "mteb_version": "1.26.3",
  "scores": {
    "test": [
      {
        "v_measure": 0.373946,
        "v_measure_std": 0.010997,
        "v_measures": [
          0.370144,
          0.380921,
          0.385135,
          0.363369,
          0.355333,
          0.379001,
          0.356989,
          0.380185,
          0.383569,
          0.38481
        ],
        "main_score": 0.373946,
        "hf_subset": "default",
        "languages": [
          "eng-Latn"
        ]
      }
    ]
  },
  "evaluation_time": 26.022240161895752,
  "kg_co2_emissions": null
}