{
  "dataset_revision": "4f58c6b202a23cf9a4da393831edf4f9183cad37",
  "task_name": "EmotionClassification",
  "mteb_version": "1.26.3",
  "scores": {
    "validation": [
      {
        "accuracy": 0.46225,
        "f1": 0.422579,
        "f1_weighted": 0.481391,
        "scores_per_experiment": [
          {
            "accuracy": 0.494,
            "f1": 0.449945,
            "f1_weighted": 0.51622
          },
          {
            "accuracy": 0.452,
            "f1": 0.409129,
            "f1_weighted": 0.472279
          },
          {
            "accuracy": 0.448,
            "f1": 0.414971,
            "f1_weighted": 0.471058
          },
          {
            "accuracy": 0.4285,
            "f1": 0.40362,
            "f1_weighted": 0.449022
          },
          {
            "accuracy": 0.471,
            "f1": 0.435603,
            "f1_weighted": 0.48967
          },
          {
            "accuracy": 0.4715,
            "f1": 0.424986,
            "f1_weighted": 0.488668
          },
          {
            "accuracy": 0.483,
            "f1": 0.425107,
            "f1_weighted": 0.504188
          },
          {
            "accuracy": 0.4225,
            "f1": 0.392567,
            "f1_weighted": 0.435011
          },
          {
            "accuracy": 0.505,
            "f1": 0.460175,
            "f1_weighted": 0.517897
          },
          {
            "accuracy": 0.447,
            "f1": 0.409686,
            "f1_weighted": 0.4699
          }
        ],
        "main_score": 0.46225,
        "hf_subset": "default",
        "languages": [
          "eng-Latn"
        ]
      }
    ],
    "test": [
      {
        "accuracy": 0.46335,
        "f1": 0.414249,
        "f1_weighted": 0.487726,
        "scores_per_experiment": [
          {
            "accuracy": 0.486,
            "f1": 0.431428,
            "f1_weighted": 0.515602
          },
          {
            "accuracy": 0.4635,
            "f1": 0.416023,
            "f1_weighted": 0.486035
          },
          {
            "accuracy": 0.449,
            "f1": 0.402927,
            "f1_weighted": 0.477331
          },
          {
            "accuracy": 0.451,
            "f1": 0.411835,
            "f1_weighted": 0.477197
          },
          {
            "accuracy": 0.467,
            "f1": 0.424742,
            "f1_weighted": 0.494284
          },
          {
            "accuracy": 0.477,
            "f1": 0.415162,
            "f1_weighted": 0.499931
          },
          {
            "accuracy": 0.4735,
            "f1": 0.414894,
            "f1_weighted": 0.499041
          },
          {
            "accuracy": 0.4265,
            "f1": 0.386571,
            "f1_weighted": 0.444059
          },
          {
            "accuracy": 0.496,
            "f1": 0.437545,
            "f1_weighted": 0.513125
          },
          {
            "accuracy": 0.444,
            "f1": 0.401364,
            "f1_weighted": 0.470657
          }
        ],
        "main_score": 0.46335,
        "hf_subset": "default",
        "languages": [
          "eng-Latn"
        ]
      }
    ]
  },
  "evaluation_time": 10.573420763015747,
  "kg_co2_emissions": null
}