{
  "dataset_revision": "4672e20407010da34463acc759c162ca9734bca6",
  "task_name": "MassiveIntentClassification",
  "mteb_version": "1.26.3",
  "scores": {
    "validation": [
      {
        "accuracy": 0.786424,
        "f1": 0.764599,
        "f1_weighted": 0.783493,
        "scores_per_experiment": [
          {
            "accuracy": 0.786522,
            "f1": 0.763977,
            "f1_weighted": 0.781669
          },
          {
            "accuracy": 0.794393,
            "f1": 0.758026,
            "f1_weighted": 0.793128
          },
          {
            "accuracy": 0.78603,
            "f1": 0.756572,
            "f1_weighted": 0.781408
          },
          {
            "accuracy": 0.797836,
            "f1": 0.768483,
            "f1_weighted": 0.795414
          },
          {
            "accuracy": 0.779144,
            "f1": 0.754206,
            "f1_weighted": 0.774476
          },
          {
            "accuracy": 0.787998,
            "f1": 0.775154,
            "f1_weighted": 0.786519
          },
          {
            "accuracy": 0.791933,
            "f1": 0.794531,
            "f1_weighted": 0.788514
          },
          {
            "accuracy": 0.779636,
            "f1": 0.759156,
            "f1_weighted": 0.772764
          },
          {
            "accuracy": 0.777177,
            "f1": 0.753266,
            "f1_weighted": 0.777942
          },
          {
            "accuracy": 0.783571,
            "f1": 0.762616,
            "f1_weighted": 0.7831
          }
        ],
        "main_score": 0.786424,
        "hf_subset": "en",
        "languages": [
          "eng-Latn"
        ]
      }
    ],
    "test": [
      {
        "accuracy": 0.776664,
        "f1": 0.749495,
        "f1_weighted": 0.776627,
        "scores_per_experiment": [
          {
            "accuracy": 0.783457,
            "f1": 0.760301,
            "f1_weighted": 0.78424
          },
          {
            "accuracy": 0.785474,
            "f1": 0.757224,
            "f1_weighted": 0.782219
          },
          {
            "accuracy": 0.763282,
            "f1": 0.738844,
            "f1_weighted": 0.76353
          },
          {
            "accuracy": 0.794217,
            "f1": 0.75931,
            "f1_weighted": 0.794496
          },
          {
            "accuracy": 0.773369,
            "f1": 0.748679,
            "f1_weighted": 0.771236
          },
          {
            "accuracy": 0.777404,
            "f1": 0.747932,
            "f1_weighted": 0.777591
          },
          {
            "accuracy": 0.778749,
            "f1": 0.757846,
            "f1_weighted": 0.77819
          },
          {
            "accuracy": 0.764291,
            "f1": 0.731249,
            "f1_weighted": 0.763083
          },
          {
            "accuracy": 0.766308,
            "f1": 0.739807,
            "f1_weighted": 0.771721
          },
          {
            "accuracy": 0.780094,
            "f1": 0.753757,
            "f1_weighted": 0.779964
          }
        ],
        "main_score": 0.776664,
        "hf_subset": "en",
        "languages": [
          "eng-Latn"
        ]
      }
    ]
  },
  "evaluation_time": 11.09383749961853,
  "kg_co2_emissions": null
}