{
  "dataset_revision": "35191c8c0dca72d8ff3efcd72aa802307d469663",
  "task_name": "MedrxivClusteringS2S",
  "mteb_version": "1.26.3",
  "scores": {
    "test": [
      {
        "v_measure": 0.323055,
        "v_measure_std": 0.013882,
        "v_measures": [
          0.309097,
          0.305795,
          0.303755,
          0.311305,
          0.322627,
          0.343546,
          0.338005,
          0.334907,
          0.334008,
          0.327507
        ],
        "main_score": 0.323055,
        "hf_subset": "default",
        "languages": [
          "eng-Latn"
        ]
      }
    ]
  },
  "evaluation_time": 15.414103031158447,
  "kg_co2_emissions": null
}