{
  "dataset_revision": "ec0fa4fe99da2ff19ca1214b7966684033a58814",
  "task_name": "NFCorpus",
  "mteb_version": "1.26.3",
  "scores": {
    "test": [
      {
        "ndcg_at_1": 0.47678,
        "ndcg_at_3": 0.42197,
        "ndcg_at_5": 0.39582,
        "ndcg_at_10": 0.35848,
        "ndcg_at_20": 0.33538,
        "ndcg_at_100": 0.32824,
        "ndcg_at_1000": 0.41514,
        "map_at_1": 0.06233,
        "map_at_3": 0.09996,
        "map_at_5": 0.11477,
        "map_at_10": 0.13233,
        "map_at_20": 0.14759,
        "map_at_100": 0.16745,
        "map_at_1000": 0.18158,
        "recall_at_1": 0.06233,
        "recall_at_3": 0.11024,
        "recall_at_5": 0.13441,
        "recall_at_10": 0.16627,
        "recall_at_20": 0.21717,
        "recall_at_100": 0.33228,
        "recall_at_1000": 0.64795,
        "precision_at_1": 0.50155,
        "precision_at_3": 0.39319,
        "precision_at_5": 0.33994,
        "precision_at_10": 0.26161,
        "precision_at_20": 0.19396,
        "precision_at_100": 0.08118,
        "precision_at_1000": 0.02083,
        "mrr_at_1": 0.504644,
        "mrr_at_3": 0.563983,
        "mrr_at_5": 0.576677,
        "mrr_at_10": 0.582885,
        "mrr_at_20": 0.58775,
        "mrr_at_100": 0.589681,
        "mrr_at_1000": 0.589976,
        "nauc_ndcg_at_1_max": 0.427948,
        "nauc_ndcg_at_1_std": 0.179415,
        "nauc_ndcg_at_1_diff1": 0.289628,
        "nauc_ndcg_at_3_max": 0.450888,
        "nauc_ndcg_at_3_std": 0.218432,
        "nauc_ndcg_at_3_diff1": 0.21775,
        "nauc_ndcg_at_5_max": 0.444224,
        "nauc_ndcg_at_5_std": 0.222897,
        "nauc_ndcg_at_5_diff1": 0.21359,
        "nauc_ndcg_at_10_max": 0.430477,
        "nauc_ndcg_at_10_std": 0.227039,
        "nauc_ndcg_at_10_diff1": 0.208698,
        "nauc_ndcg_at_20_max": 0.413709,
        "nauc_ndcg_at_20_std": 0.207431,
        "nauc_ndcg_at_20_diff1": 0.216194,
        "nauc_ndcg_at_100_max": 0.440344,
        "nauc_ndcg_at_100_std": 0.253442,
        "nauc_ndcg_at_100_diff1": 0.248014,
        "nauc_ndcg_at_1000_max": 0.498788,
        "nauc_ndcg_at_1000_std": 0.339153,
        "nauc_ndcg_at_1000_diff1": 0.269558,
        "nauc_map_at_1_max": 0.170363,
        "nauc_map_at_1_std": -0.172683,
        "nauc_map_at_1_diff1": 0.363617,
        "nauc_map_at_3_max": 0.199279,
        "nauc_map_at_3_std": -0.115054,
        "nauc_map_at_3_diff1": 0.319622,
        "nauc_map_at_5_max": 0.225156,
        "nauc_map_at_5_std": -0.084581,
        "nauc_map_at_5_diff1": 0.310797,
        "nauc_map_at_10_max": 0.266865,
        "nauc_map_at_10_std": -0.021116,
        "nauc_map_at_10_diff1": 0.292562,
        "nauc_map_at_20_max": 0.295789,
        "nauc_map_at_20_std": 0.023875,
        "nauc_map_at_20_diff1": 0.287292,
        "nauc_map_at_100_max": 0.329185,
        "nauc_map_at_100_std": 0.092604,
        "nauc_map_at_100_diff1": 0.272352,
        "nauc_map_at_1000_max": 0.342143,
        "nauc_map_at_1000_std": 0.124005,
        "nauc_map_at_1000_diff1": 0.260087,
        "nauc_recall_at_1_max": 0.170363,
        "nauc_recall_at_1_std": -0.172683,
        "nauc_recall_at_1_diff1": 0.363617,
        "nauc_recall_at_3_max": 0.179321,
        "nauc_recall_at_3_std": -0.108928,
        "nauc_recall_at_3_diff1": 0.297643,
        "nauc_recall_at_5_max": 0.187009,
        "nauc_recall_at_5_std": -0.089237,
        "nauc_recall_at_5_diff1": 0.2933,
        "nauc_recall_at_10_max": 0.229087,
        "nauc_recall_at_10_std": -0.019019,
        "nauc_recall_at_10_diff1": 0.270431,
        "nauc_recall_at_20_max": 0.204952,
        "nauc_recall_at_20_std": 0.005119,
        "nauc_recall_at_20_diff1": 0.23064,
        "nauc_recall_at_100_max": 0.232991,
        "nauc_recall_at_100_std": 0.15333,
        "nauc_recall_at_100_diff1": 0.184178,
        "nauc_recall_at_1000_max": 0.230411,
        "nauc_recall_at_1000_std": 0.24829,
        "nauc_recall_at_1000_diff1": 0.126888,
        "nauc_precision_at_1_max": 0.446911,
        "nauc_precision_at_1_std": 0.193401,
        "nauc_precision_at_1_diff1": 0.284036,
        "nauc_precision_at_3_max": 0.438148,
        "nauc_precision_at_3_std": 0.276835,
        "nauc_precision_at_3_diff1": 0.131866,
        "nauc_precision_at_5_max": 0.419657,
        "nauc_precision_at_5_std": 0.313193,
        "nauc_precision_at_5_diff1": 0.087542,
        "nauc_precision_at_10_max": 0.389569,
        "nauc_precision_at_10_std": 0.361166,
        "nauc_precision_at_10_diff1": 0.022335,
        "nauc_precision_at_20_max": 0.348351,
        "nauc_precision_at_20_std": 0.369574,
        "nauc_precision_at_20_diff1": -0.002654,
        "nauc_precision_at_100_max": 0.243103,
        "nauc_precision_at_100_std": 0.378832,
        "nauc_precision_at_100_diff1": -0.10286,
        "nauc_precision_at_1000_max": 0.102768,
        "nauc_precision_at_1000_std": 0.235209,
        "nauc_precision_at_1000_diff1": -0.169771,
        "nauc_mrr_at_1_max": 0.449864,
        "nauc_mrr_at_1_std": 0.209488,
        "nauc_mrr_at_1_diff1": 0.27606,
        "nauc_mrr_at_3_max": 0.485611,
        "nauc_mrr_at_3_std": 0.258134,
        "nauc_mrr_at_3_diff1": 0.275507,
        "nauc_mrr_at_5_max": 0.48928,
        "nauc_mrr_at_5_std": 0.268126,
        "nauc_mrr_at_5_diff1": 0.274805,
        "nauc_mrr_at_10_max": 0.493012,
        "nauc_mrr_at_10_std": 0.271617,
        "nauc_mrr_at_10_diff1": 0.279585,
        "nauc_mrr_at_20_max": 0.49471,
        "nauc_mrr_at_20_std": 0.27371,
        "nauc_mrr_at_20_diff1": 0.277842,
        "nauc_mrr_at_100_max": 0.495591,
        "nauc_mrr_at_100_std": 0.275186,
        "nauc_mrr_at_100_diff1": 0.277716,
        "nauc_mrr_at_1000_max": 0.495369,
        "nauc_mrr_at_1000_std": 0.274813,
        "nauc_mrr_at_1000_diff1": 0.277782,
        "main_score": 0.35848,
        "hf_subset": "default",
        "languages": [
          "eng-Latn"
        ]
      }
    ]
  },
  "evaluation_time": 19.03136682510376,
  "kg_co2_emissions": null
}