{
  "dataset_revision": "d3c5e1fc0b855ab6097bf1cda04dd73947d7caab",
  "task_name": "SciDocsRR",
  "mteb_version": "1.26.3",
  "scores": {
    "test": [
      {
        "map": 0.851639,
        "mrr": 0.957343,
        "nAUC_map_max": 0.570446,
        "nAUC_map_std": 0.723083,
        "nAUC_map_diff1": 0.016081,
        "nAUC_mrr_max": 0.895517,
        "nAUC_mrr_std": 0.866548,
        "nAUC_mrr_diff1": 0.450465,
        "main_score": 0.851639,
        "hf_subset": "default",
        "languages": [
          "eng-Latn"
        ]
      }
    ]
  },
  "evaluation_time": 24.842069625854492,
  "kg_co2_emissions": null
}