{
  "dataset_revision": "0228b52cf27578f30900b9e5271d331663a030d7",
  "task_name": "SciFact",
  "mteb_version": "1.26.3",
  "scores": {
    "train": [
      {
        "ndcg_at_1": 0.63535,
        "ndcg_at_3": 0.70406,
        "ndcg_at_5": 0.72412,
        "ndcg_at_10": 0.74152,
        "ndcg_at_20": 0.7517,
        "ndcg_at_100": 0.7667,
        "ndcg_at_1000": 0.77098,
        "map_at_1": 0.60768,
        "map_at_3": 0.67884,
        "map_at_5": 0.6934,
        "map_at_10": 0.70209,
        "map_at_20": 0.70548,
        "map_at_100": 0.70771,
        "map_at_1000": 0.70791,
        "recall_at_1": 0.60768,
        "recall_at_3": 0.75338,
        "recall_at_5": 0.79889,
        "recall_at_10": 0.84843,
        "recall_at_20": 0.88628,
        "recall_at_100": 0.96415,
        "recall_at_1000": 0.99629,
        "precision_at_1": 0.63535,
        "precision_at_3": 0.27482,
        "precision_at_5": 0.17899,
        "precision_at_10": 0.09642,
        "precision_at_20": 0.05056,
        "precision_at_100": 0.01098,
        "precision_at_1000": 0.00113,
        "mrr_at_1": 0.635352,
        "mrr_at_3": 0.698187,
        "mrr_at_5": 0.706902,
        "mrr_at_10": 0.71212,
        "mrr_at_20": 0.714435,
        "mrr_at_100": 0.716497,
        "mrr_at_1000": 0.716677,
        "nauc_ndcg_at_1_max": 0.48904,
        "nauc_ndcg_at_1_std": -0.00184,
        "nauc_ndcg_at_1_diff1": 0.757587,
        "nauc_ndcg_at_3_max": 0.474499,
        "nauc_ndcg_at_3_std": -0.005053,
        "nauc_ndcg_at_3_diff1": 0.700599,
        "nauc_ndcg_at_5_max": 0.507834,
        "nauc_ndcg_at_5_std": 0.016014,
        "nauc_ndcg_at_5_diff1": 0.695184,
        "nauc_ndcg_at_10_max": 0.513884,
        "nauc_ndcg_at_10_std": 0.029688,
        "nauc_ndcg_at_10_diff1": 0.691781,
        "nauc_ndcg_at_20_max": 0.511597,
        "nauc_ndcg_at_20_std": 0.022455,
        "nauc_ndcg_at_20_diff1": 0.697279,
        "nauc_ndcg_at_100_max": 0.519333,
        "nauc_ndcg_at_100_std": 0.041063,
        "nauc_ndcg_at_100_diff1": 0.707317,
        "nauc_ndcg_at_1000_max": 0.512466,
        "nauc_ndcg_at_1000_std": 0.029973,
        "nauc_ndcg_at_1000_diff1": 0.707433,
        "nauc_map_at_1_max": 0.429069,
        "nauc_map_at_1_std": -0.060519,
        "nauc_map_at_1_diff1": 0.757202,
        "nauc_map_at_3_max": 0.460007,
        "nauc_map_at_3_std": -0.030729,
        "nauc_map_at_3_diff1": 0.713518,
        "nauc_map_at_5_max": 0.489959,
        "nauc_map_at_5_std": -0.010085,
        "nauc_map_at_5_diff1": 0.709653,
        "nauc_map_at_10_max": 0.495997,
        "nauc_map_at_10_std": 0.000329,
        "nauc_map_at_10_diff1": 0.708405,
        "nauc_map_at_20_max": 0.495869,
        "nauc_map_at_20_std": -0.000331,
        "nauc_map_at_20_diff1": 0.710035,
        "nauc_map_at_100_max": 0.49677,
        "nauc_map_at_100_std": 0.002329,
        "nauc_map_at_100_diff1": 0.711306,
        "nauc_map_at_1000_max": 0.496522,
        "nauc_map_at_1000_std": 0.001962,
        "nauc_map_at_1000_diff1": 0.711336,
        "nauc_recall_at_1_max": 0.429069,
        "nauc_recall_at_1_std": -0.060519,
        "nauc_recall_at_1_diff1": 0.757202,
        "nauc_recall_at_3_max": 0.446568,
        "nauc_recall_at_3_std": -0.007069,
        "nauc_recall_at_3_diff1": 0.649156,
        "nauc_recall_at_5_max": 0.528882,
        "nauc_recall_at_5_std": 0.042843,
        "nauc_recall_at_5_diff1": 0.624119,
        "nauc_recall_at_10_max": 0.549023,
        "nauc_recall_at_10_std": 0.094526,
        "nauc_recall_at_10_diff1": 0.59095,
        "nauc_recall_at_20_max": 0.541982,
        "nauc_recall_at_20_std": 0.051569,
        "nauc_recall_at_20_diff1": 0.605547,
        "nauc_recall_at_100_max": 0.839022,
        "nauc_recall_at_100_std": 0.60083,
        "nauc_recall_at_100_diff1": 0.722596,
        "nauc_recall_at_1000_max": 0.869263,
        "nauc_recall_at_1000_std": 0.863807,
        "nauc_recall_at_1000_diff1": 0.851334,
        "nauc_precision_at_1_max": 0.48904,
        "nauc_precision_at_1_std": -0.00184,
        "nauc_precision_at_1_diff1": 0.757587,
        "nauc_precision_at_3_max": 0.465695,
        "nauc_precision_at_3_std": 0.172616,
        "nauc_precision_at_3_diff1": 0.390028,
        "nauc_precision_at_5_max": 0.468922,
        "nauc_precision_at_5_std": 0.260203,
        "nauc_precision_at_5_diff1": 0.222992,
        "nauc_precision_at_10_max": 0.39663,
        "nauc_precision_at_10_std": 0.316504,
        "nauc_precision_at_10_diff1": 0.083605,
        "nauc_precision_at_20_max": 0.338464,
        "nauc_precision_at_20_std": 0.31545,
        "nauc_precision_at_20_diff1": 0.015736,
        "nauc_precision_at_100_max": 0.28125,
        "nauc_precision_at_100_std": 0.457779,
        "nauc_precision_at_100_diff1": -0.158113,
        "nauc_precision_at_1000_max": 0.187718,
        "nauc_precision_at_1000_std": 0.424622,
        "nauc_precision_at_1000_diff1": -0.278162,
        "nauc_mrr_at_1_max": 0.48904,
        "nauc_mrr_at_1_std": -0.00184,
        "nauc_mrr_at_1_diff1": 0.757587,
        "nauc_mrr_at_3_max": 0.50965,
        "nauc_mrr_at_3_std": 0.037161,
        "nauc_mrr_at_3_diff1": 0.720244,
        "nauc_mrr_at_5_max": 0.515137,
        "nauc_mrr_at_5_std": 0.03672,
        "nauc_mrr_at_5_diff1": 0.717758,
        "nauc_mrr_at_10_max": 0.512268,
        "nauc_mrr_at_10_std": 0.033493,
        "nauc_mrr_at_10_diff1": 0.716967,
        "nauc_mrr_at_20_max": 0.511143,
        "nauc_mrr_at_20_std": 0.030016,
        "nauc_mrr_at_20_diff1": 0.718638,
        "nauc_mrr_at_100_max": 0.512026,
        "nauc_mrr_at_100_std": 0.032111,
        "nauc_mrr_at_100_diff1": 0.71985,
        "nauc_mrr_at_1000_max": 0.511812,
        "nauc_mrr_at_1000_std": 0.031783,
        "nauc_mrr_at_1000_diff1": 0.719884,
        "main_score": 0.74152,
        "hf_subset": "default",
        "languages": [
          "eng-Latn"
        ]
      }
    ],
    "test": [
      {
        "ndcg_at_1": 0.66333,
        "ndcg_at_3": 0.72802,
        "ndcg_at_5": 0.74875,
        "ndcg_at_10": 0.76792,
        "ndcg_at_20": 0.77742,
        "ndcg_at_100": 0.78751,
        "ndcg_at_1000": 0.79224,
        "map_at_1": 0.63511,
        "map_at_3": 0.70392,
        "map_at_5": 0.71882,
        "map_at_10": 0.72779,
        "map_at_20": 0.73113,
        "map_at_100": 0.73287,
        "map_at_1000": 0.7331,
        "recall_at_1": 0.63511,
        "recall_at_3": 0.77283,
        "recall_at_5": 0.82406,
        "recall_at_10": 0.88156,
        "recall_at_20": 0.91467,
        "recall_at_100": 0.965,
        "recall_at_1000": 1.0,
        "precision_at_1": 0.66333,
        "precision_at_3": 0.28,
        "precision_at_5": 0.18267,
        "precision_at_10": 0.09833,
        "precision_at_20": 0.05167,
        "precision_at_100": 0.01093,
        "precision_at_1000": 0.00113,
        "mrr_at_1": 0.663333,
        "mrr_at_3": 0.72,
        "mrr_at_5": 0.730167,
        "mrr_at_10": 0.73693,
        "mrr_at_20": 0.739169,
        "mrr_at_100": 0.740533,
        "mrr_at_1000": 0.740733,
        "nauc_ndcg_at_1_max": 0.628943,
        "nauc_ndcg_at_1_std": 0.090146,
        "nauc_ndcg_at_1_diff1": 0.686108,
        "nauc_ndcg_at_3_max": 0.600988,
        "nauc_ndcg_at_3_std": 0.086087,
        "nauc_ndcg_at_3_diff1": 0.64773,
        "nauc_ndcg_at_5_max": 0.633739,
        "nauc_ndcg_at_5_std": 0.121602,
        "nauc_ndcg_at_5_diff1": 0.65512,
        "nauc_ndcg_at_10_max": 0.643248,
        "nauc_ndcg_at_10_std": 0.133624,
        "nauc_ndcg_at_10_diff1": 0.650076,
        "nauc_ndcg_at_20_max": 0.637544,
        "nauc_ndcg_at_20_std": 0.135906,
        "nauc_ndcg_at_20_diff1": 0.644889,
        "nauc_ndcg_at_100_max": 0.642654,
        "nauc_ndcg_at_100_std": 0.149683,
        "nauc_ndcg_at_100_diff1": 0.652179,
        "nauc_ndcg_at_1000_max": 0.636313,
        "nauc_ndcg_at_1000_std": 0.132264,
        "nauc_ndcg_at_1000_diff1": 0.654794,
        "nauc_map_at_1_max": 0.582169,
        "nauc_map_at_1_std": 0.048191,
        "nauc_map_at_1_diff1": 0.697676,
        "nauc_map_at_3_max": 0.588315,
        "nauc_map_at_3_std": 0.059557,
        "nauc_map_at_3_diff1": 0.669076,
        "nauc_map_at_5_max": 0.613723,
        "nauc_map_at_5_std": 0.089135,
        "nauc_map_at_5_diff1": 0.668876,
        "nauc_map_at_10_max": 0.622739,
        "nauc_map_at_10_std": 0.10049,
        "nauc_map_at_10_diff1": 0.665268,
        "nauc_map_at_20_max": 0.622447,
        "nauc_map_at_20_std": 0.103561,
        "nauc_map_at_20_diff1": 0.663172,
        "nauc_map_at_100_max": 0.622724,
        "nauc_map_at_100_std": 0.10564,
        "nauc_map_at_100_diff1": 0.664161,
        "nauc_map_at_1000_max": 0.622483,
        "nauc_map_at_1000_std": 0.10492,
        "nauc_map_at_1000_diff1": 0.664371,
        "nauc_recall_at_1_max": 0.582169,
        "nauc_recall_at_1_std": 0.048191,
        "nauc_recall_at_1_diff1": 0.697676,
        "nauc_recall_at_3_max": 0.565786,
        "nauc_recall_at_3_std": 0.068335,
        "nauc_recall_at_3_diff1": 0.605063,
        "nauc_recall_at_5_max": 0.657537,
        "nauc_recall_at_5_std": 0.182096,
        "nauc_recall_at_5_diff1": 0.614324,
        "nauc_recall_at_10_max": 0.705195,
        "nauc_recall_at_10_std": 0.241557,
        "nauc_recall_at_10_diff1": 0.5881,
        "nauc_recall_at_20_max": 0.673996,
        "nauc_recall_at_20_std": 0.278057,
        "nauc_recall_at_20_diff1": 0.532609,
        "nauc_recall_at_100_max": 0.8894,
        "nauc_recall_at_100_std": 0.812192,
        "nauc_recall_at_100_diff1": 0.580343,
        "nauc_recall_at_1000_max": NaN,
        "nauc_recall_at_1000_std": NaN,
        "nauc_recall_at_1000_diff1": NaN,
        "nauc_precision_at_1_max": 0.628943,
        "nauc_precision_at_1_std": 0.090146,
        "nauc_precision_at_1_diff1": 0.686108,
        "nauc_precision_at_3_max": 0.452626,
        "nauc_precision_at_3_std": 0.170367,
        "nauc_precision_at_3_diff1": 0.32656,
        "nauc_precision_at_5_max": 0.446016,
        "nauc_precision_at_5_std": 0.310047,
        "nauc_precision_at_5_diff1": 0.174515,
        "nauc_precision_at_10_max": 0.393939,
        "nauc_precision_at_10_std": 0.365886,
        "nauc_precision_at_10_diff1": 0.031475,
        "nauc_precision_at_20_max": 0.283153,
        "nauc_precision_at_20_std": 0.369519,
        "nauc_precision_at_20_diff1": -0.088106,
        "nauc_precision_at_100_max": 0.172234,
        "nauc_precision_at_100_std": 0.423979,
        "nauc_precision_at_100_diff1": -0.213185,
        "nauc_precision_at_1000_max": 0.050257,
        "nauc_precision_at_1000_std": 0.342545,
        "nauc_precision_at_1000_diff1": -0.327671,
        "nauc_mrr_at_1_max": 0.628943,
        "nauc_mrr_at_1_std": 0.090146,
        "nauc_mrr_at_1_diff1": 0.686108,
        "nauc_mrr_at_3_max": 0.634255,
        "nauc_mrr_at_3_std": 0.118425,
        "nauc_mrr_at_3_diff1": 0.64943,
        "nauc_mrr_at_5_max": 0.642675,
        "nauc_mrr_at_5_std": 0.128489,
        "nauc_mrr_at_5_diff1": 0.656067,
        "nauc_mrr_at_10_max": 0.641445,
        "nauc_mrr_at_10_std": 0.127294,
        "nauc_mrr_at_10_diff1": 0.65499,
        "nauc_mrr_at_20_max": 0.639231,
        "nauc_mrr_at_20_std": 0.125804,
        "nauc_mrr_at_20_diff1": 0.654303,
        "nauc_mrr_at_100_max": 0.640124,
        "nauc_mrr_at_100_std": 0.128035,
        "nauc_mrr_at_100_diff1": 0.655221,
        "nauc_mrr_at_1000_max": 0.639907,
        "nauc_mrr_at_1000_std": 0.127443,
        "nauc_mrr_at_1000_diff1": 0.655313,
        "main_score": 0.76792,
        "hf_subset": "default",
        "languages": [
          "eng-Latn"
        ]
      }
    ]
  },
  "evaluation_time": 48.87332820892334,
  "kg_co2_emissions": null
}