{
  "dataset_revision": "20a6d6f312dd54037fe07a32d58e5e168867909d",
  "task_name": "SICK-R",
  "mteb_version": "1.26.3",
  "scores": {
    "test": [
      {
        "pearson": 0.829438,
        "spearman": 0.793815,
        "cosine_pearson": 0.829438,
        "cosine_spearman": 0.793815,
        "manhattan_pearson": 0.79487,
        "manhattan_spearman": 0.792301,
        "euclidean_pearson": 0.796099,
        "euclidean_spearman": 0.79275,
        "main_score": 0.793815,
        "hf_subset": "default",
        "languages": [
          "eng-Latn"
        ]
      }
    ]
  },
  "evaluation_time": 3.7132091522216797,
  "kg_co2_emissions": null
}