{
  "dataset_revision": "d66bd1f72af766a5cc4b0ca5e00c162f89e8cc46",
  "task_name": "SprintDuplicateQuestions",
  "mteb_version": "1.26.3",
  "scores": {
    "validation": [
      {
        "similarity_accuracy": 0.998119,
        "similarity_accuracy_threshold": 0.75339,
        "similarity_f1": 0.904714,
        "similarity_f1_threshold": 0.752056,
        "similarity_precision": 0.907445,
        "similarity_recall": 0.902,
        "similarity_ap": 0.957079,
        "cosine_accuracy": 0.998119,
        "cosine_accuracy_threshold": 0.75339,
        "cosine_f1": 0.904714,
        "cosine_f1_threshold": 0.752056,
        "cosine_precision": 0.907445,
        "cosine_recall": 0.902,
        "cosine_ap": 0.95708,
        "manhattan_accuracy": 0.998129,
        "manhattan_accuracy_threshold": 334.352478,
        "manhattan_f1": 0.905045,
        "manhattan_f1_threshold": 341.137695,
        "manhattan_precision": 0.895303,
        "manhattan_recall": 0.915,
        "manhattan_ap": 0.957779,
        "euclidean_accuracy": 0.998149,
        "euclidean_accuracy_threshold": 15.341531,
        "euclidean_f1": 0.905983,
        "euclidean_f1_threshold": 15.35463,
        "euclidean_precision": 0.911021,
        "euclidean_recall": 0.901,
        "euclidean_ap": 0.957663,
        "dot_accuracy": 0.99804,
        "dot_accuracy_threshold": 358.878418,
        "dot_f1": 0.901099,
        "dot_f1_threshold": 358.159485,
        "dot_precision": 0.9002,
        "dot_recall": 0.902,
        "dot_ap": 0.95398,
        "max_accuracy": 0.998149,
        "max_f1": 0.905983,
        "max_precision": 0.911021,
        "max_recall": 0.915,
        "max_ap": 0.957779,
        "main_score": 0.957779,
        "hf_subset": "default",
        "languages": [
          "eng-Latn"
        ]
      }
    ],
    "test": [
      {
        "similarity_accuracy": 0.997851,
        "similarity_accuracy_threshold": 0.773514,
        "similarity_f1": 0.890672,
        "similarity_f1_threshold": 0.765657,
        "similarity_precision": 0.89336,
        "similarity_recall": 0.888,
        "similarity_ap": 0.949761,
        "cosine_accuracy": 0.997851,
        "cosine_accuracy_threshold": 0.773514,
        "cosine_f1": 0.890672,
        "cosine_f1_threshold": 0.765657,
        "cosine_precision": 0.89336,
        "cosine_recall": 0.888,
        "cosine_ap": 0.949761,
        "manhattan_accuracy": 0.997891,
        "manhattan_accuracy_threshold": 322.388092,
        "manhattan_f1": 0.892201,
        "manhattan_f1_threshold": 329.875824,
        "manhattan_precision": 0.886476,
        "manhattan_recall": 0.898,
        "manhattan_ap": 0.950349,
        "euclidean_accuracy": 0.997832,
        "euclidean_accuracy_threshold": 15.002416,
        "euclidean_f1": 0.890773,
        "euclidean_f1_threshold": 15.002416,
        "euclidean_precision": 0.888557,
        "euclidean_recall": 0.893,
        "euclidean_ap": 0.950166,
        "dot_accuracy": 0.997851,
        "dot_accuracy_threshold": 372.18988,
        "dot_f1": 0.888551,
        "dot_f1_threshold": 366.716522,
        "dot_precision": 0.900411,
        "dot_recall": 0.877,
        "dot_ap": 0.94739,
        "max_accuracy": 0.997891,
        "max_f1": 0.892201,
        "max_precision": 0.900411,
        "max_recall": 0.898,
        "max_ap": 0.950349,
        "main_score": 0.950349,
        "hf_subset": "default",
        "languages": [
          "eng-Latn"
        ]
      }
    ]
  },
  "evaluation_time": 20.61307191848755,
  "kg_co2_emissions": null
}