{
  "dataset_revision": "e185fbe320c72810689fc5848eb6114e1ef5ec69",
  "task_name": "StackOverflowDupQuestions",
  "mteb_version": "1.26.3",
  "scores": {
    "test": [
      {
        "map": 0.521759,
        "mrr": 0.530034,
        "nAUC_map_max": 0.131937,
        "nAUC_map_std": 0.088271,
        "nAUC_map_diff1": 0.362735,
        "nAUC_mrr_max": 0.135509,
        "nAUC_mrr_std": 0.087077,
        "nAUC_mrr_diff1": 0.36587,
        "main_score": 0.521759,
        "hf_subset": "default",
        "languages": [
          "eng-Latn"
        ]
      }
    ]
  },
  "evaluation_time": 19.11243176460266,
  "kg_co2_emissions": null
}