{
  "dataset_revision": "7e90230a92c190f1bf69ae9002b8cea547a64cca",
  "task_name": "STS13",
  "mteb_version": "1.26.3",
  "scores": {
    "test": [
      {
        "pearson": 0.846751,
        "spearman": 0.847158,
        "cosine_pearson": 0.846751,
        "cosine_spearman": 0.847158,
        "manhattan_pearson": 0.846668,
        "manhattan_spearman": 0.849232,
        "euclidean_pearson": 0.846542,
        "euclidean_spearman": 0.848889,
        "main_score": 0.847158,
        "hf_subset": "default",
        "languages": [
          "eng-Latn"
        ]
      }
    ]
  },
  "evaluation_time": 0.6959168910980225,
  "kg_co2_emissions": null
}