{
  "dataset_revision": "4d8694f8f0e0100860b497b999b3dbed754a0513",
  "task_name": "STS16",
  "mteb_version": "1.26.3",
  "scores": {
    "test": [
      {
        "pearson": 0.843196,
        "spearman": 0.850244,
        "cosine_pearson": 0.843196,
        "cosine_spearman": 0.850244,
        "manhattan_pearson": 0.844289,
        "manhattan_spearman": 0.851817,
        "euclidean_pearson": 0.844238,
        "euclidean_spearman": 0.851936,
        "main_score": 0.850244,
        "hf_subset": "default",
        "languages": [
          "eng-Latn"
        ]
      }
    ]
  },
  "evaluation_time": 0.6380050182342529,
  "kg_co2_emissions": null
}