{
  "dataset_revision": "b0fddb56ed78048fa8b90373c8a3cfc37b684831",
  "task_name": "STSBenchmark",
  "mteb_version": "1.26.3",
  "scores": {
    "test": [
      {
        "pearson": 0.861366,
        "spearman": 0.860643,
        "cosine_pearson": 0.861366,
        "cosine_spearman": 0.860643,
        "manhattan_pearson": 0.859379,
        "manhattan_spearman": 0.861445,
        "euclidean_pearson": 0.858811,
        "euclidean_spearman": 0.860572,
        "main_score": 0.860643,
        "hf_subset": "default",
        "languages": [
          "eng-Latn"
        ]
      }
    ]
  },
  "evaluation_time": 0.8846707344055176,
  "kg_co2_emissions": null
}