{
  "dataset_revision": "6125ec4e24fa026cec8a478383ee943acfbd5449",
  "task_name": "TwentyNewsgroupsClustering",
  "mteb_version": "1.26.3",
  "scores": {
    "test": [
      {
        "v_measure": 0.486565,
        "v_measure_std": 0.017396,
        "v_measures": [
          0.466259,
          0.490229,
          0.483671,
          0.49192,
          0.494153,
          0.476466,
          0.515894,
          0.486054,
          0.453392,
          0.507613
        ],
        "main_score": 0.486565,
        "hf_subset": "default",
        "languages": [
          "eng-Latn"
        ]
      }
    ]
  },
  "evaluation_time": 12.18434190750122,
  "kg_co2_emissions": null
}