{
  "dataset_revision": "c22ab2a51041ffd869aaddef7af8d8215647e41a",
  "task_name": "ArguAna",
  "mteb_version": "1.25.8",
  "scores": {
    "test": [
      {
        "ndcg_at_1": 0.21906,
        "ndcg_at_3": 0.33579,
        "ndcg_at_5": 0.38807,
        "ndcg_at_10": 0.44844,
        "ndcg_at_20": 0.47818,
        "ndcg_at_100": 0.49949,
        "ndcg_at_1000": 0.50289,
        "map_at_1": 0.21906,
        "map_at_3": 0.30642,
        "map_at_5": 0.33534,
        "map_at_10": 0.35992,
        "map_at_20": 0.36831,
        "map_at_100": 0.37138,
        "map_at_1000": 0.37153,
        "recall_at_1": 0.21906,
        "recall_at_3": 0.42105,
        "recall_at_5": 0.54836,
        "recall_at_10": 0.73684,
        "recall_at_20": 0.85277,
        "recall_at_100": 0.96586,
        "recall_at_1000": 0.99147,
        "precision_at_1": 0.21906,
        "precision_at_3": 0.14035,
        "precision_at_5": 0.10967,
        "precision_at_10": 0.07368,
        "precision_at_20": 0.04264,
        "precision_at_100": 0.00966,
        "precision_at_1000": 0.00099,
        "mrr_at_1": 0.222617,
        "mrr_at_3": 0.308203,
        "mrr_at_5": 0.336795,
        "mrr_at_10": 0.3613,
        "mrr_at_20": 0.369795,
        "mrr_at_100": 0.37283,
        "mrr_at_1000": 0.372979,
        "nauc_ndcg_at_1_max": -0.070259,
        "nauc_ndcg_at_1_std": -0.137486,
        "nauc_ndcg_at_1_diff1": 0.17411,
        "nauc_ndcg_at_3_max": -0.0141,
        "nauc_ndcg_at_3_std": -0.068864,
        "nauc_ndcg_at_3_diff1": 0.121564,
        "nauc_ndcg_at_5_max": -0.023423,
        "nauc_ndcg_at_5_std": -0.078645,
        "nauc_ndcg_at_5_diff1": 0.10506,
        "nauc_ndcg_at_10_max": 0.001748,
        "nauc_ndcg_at_10_std": -0.084977,
        "nauc_ndcg_at_10_diff1": 0.109336,
        "nauc_ndcg_at_20_max": 0.004533,
        "nauc_ndcg_at_20_std": -0.083731,
        "nauc_ndcg_at_20_diff1": 0.108519,
        "nauc_ndcg_at_100_max": -0.002714,
        "nauc_ndcg_at_100_std": -0.071485,
        "nauc_ndcg_at_100_diff1": 0.11603,
        "nauc_ndcg_at_1000_max": -0.009186,
        "nauc_ndcg_at_1000_std": -0.078602,
        "nauc_ndcg_at_1000_diff1": 0.117459,
        "nauc_map_at_1_max": -0.070259,
        "nauc_map_at_1_std": -0.137486,
        "nauc_map_at_1_diff1": 0.17411,
        "nauc_map_at_3_max": -0.026087,
        "nauc_map_at_3_std": -0.082901,
        "nauc_map_at_3_diff1": 0.131174,
        "nauc_map_at_5_max": -0.031705,
        "nauc_map_at_5_std": -0.088418,
        "nauc_map_at_5_diff1": 0.121895,
        "nauc_map_at_10_max": -0.022417,
        "nauc_map_at_10_std": -0.091138,
        "nauc_map_at_10_diff1": 0.123883,
        "nauc_map_at_20_max": -0.022115,
        "nauc_map_at_20_std": -0.090931,
        "nauc_map_at_20_diff1": 0.12396,
        "nauc_map_at_100_max": -0.022866,
        "nauc_map_at_100_std": -0.08906,
        "nauc_map_at_100_diff1": 0.125154,
        "nauc_map_at_1000_max": -0.023111,
        "nauc_map_at_1000_std": -0.089301,
        "nauc_map_at_1000_diff1": 0.12519,
        "nauc_recall_at_1_max": -0.070259,
        "nauc_recall_at_1_std": -0.137486,
        "nauc_recall_at_1_diff1": 0.17411,
        "nauc_recall_at_3_max": 0.017341,
        "nauc_recall_at_3_std": -0.032285,
        "nauc_recall_at_3_diff1": 0.096981,
        "nauc_recall_at_5_max": -0.001556,
        "nauc_recall_at_5_std": -0.053435,
        "nauc_recall_at_5_diff1": 0.056588,
        "nauc_recall_at_10_max": 0.108012,
        "nauc_recall_at_10_std": -0.068662,
        "nauc_recall_at_10_diff1": 0.055009,
        "nauc_recall_at_20_max": 0.195784,
        "nauc_recall_at_20_std": -0.049101,
        "nauc_recall_at_20_diff1": 0.014132,
        "nauc_recall_at_100_max": 0.471198,
        "nauc_recall_at_100_std": 0.481391,
        "nauc_recall_at_100_diff1": -0.00435,
        "nauc_recall_at_1000_max": 0.48115,
        "nauc_recall_at_1000_std": 0.548959,
        "nauc_recall_at_1000_diff1": -0.026557,
        "nauc_precision_at_1_max": -0.070259,
        "nauc_precision_at_1_std": -0.137486,
        "nauc_precision_at_1_diff1": 0.17411,
        "nauc_precision_at_3_max": 0.017341,
        "nauc_precision_at_3_std": -0.032285,
        "nauc_precision_at_3_diff1": 0.096981,
        "nauc_precision_at_5_max": -0.001556,
        "nauc_precision_at_5_std": -0.053435,
        "nauc_precision_at_5_diff1": 0.056588,
        "nauc_precision_at_10_max": 0.108012,
        "nauc_precision_at_10_std": -0.068662,
        "nauc_precision_at_10_diff1": 0.055009,
        "nauc_precision_at_20_max": 0.195784,
        "nauc_precision_at_20_std": -0.049101,
        "nauc_precision_at_20_diff1": 0.014132,
        "nauc_precision_at_100_max": 0.471198,
        "nauc_precision_at_100_std": 0.481391,
        "nauc_precision_at_100_diff1": -0.00435,
        "nauc_precision_at_1000_max": 0.48115,
        "nauc_precision_at_1000_std": 0.548959,
        "nauc_precision_at_1000_diff1": -0.026557,
        "nauc_mrr_at_1_max": -0.065687,
        "nauc_mrr_at_1_std": -0.130388,
        "nauc_mrr_at_1_diff1": 0.161176,
        "nauc_mrr_at_3_max": -0.029917,
        "nauc_mrr_at_3_std": -0.081601,
        "nauc_mrr_at_3_diff1": 0.120482,
        "nauc_mrr_at_5_max": -0.033799,
        "nauc_mrr_at_5_std": -0.086626,
        "nauc_mrr_at_5_diff1": 0.112744,
        "nauc_mrr_at_10_max": -0.025153,
        "nauc_mrr_at_10_std": -0.089043,
        "nauc_mrr_at_10_diff1": 0.11392,
        "nauc_mrr_at_20_max": -0.024632,
        "nauc_mrr_at_20_std": -0.089052,
        "nauc_mrr_at_20_diff1": 0.11398,
        "nauc_mrr_at_100_max": -0.025332,
        "nauc_mrr_at_100_std": -0.087076,
        "nauc_mrr_at_100_diff1": 0.115163,
        "nauc_mrr_at_1000_max": -0.025578,
        "nauc_mrr_at_1000_std": -0.087316,
        "nauc_mrr_at_1000_diff1": 0.115192,
        "main_score": 0.44844,
        "hf_subset": "default",
        "languages": [
          "eng-Latn"
        ]
      }
    ]
  },
  "evaluation_time": 73.80966329574585,
  "kg_co2_emissions": null
}