{
  "dataset_revision": "0fd18e25b25c072e09e0d92ab615fda904d66300",
  "task_name": "Banking77Classification",
  "mteb_version": "1.25.8",
  "scores": {
    "test": [
      {
        "accuracy": 0.766039,
        "f1": 0.755794,
        "f1_weighted": 0.755794,
        "scores_per_experiment": [
          {
            "accuracy": 0.767532,
            "f1": 0.754566,
            "f1_weighted": 0.754566
          },
          {
            "accuracy": 0.769156,
            "f1": 0.761176,
            "f1_weighted": 0.761176
          },
          {
            "accuracy": 0.775325,
            "f1": 0.765815,
            "f1_weighted": 0.765815
          },
          {
            "accuracy": 0.765909,
            "f1": 0.756703,
            "f1_weighted": 0.756703
          },
          {
            "accuracy": 0.762013,
            "f1": 0.74829,
            "f1_weighted": 0.74829
          },
          {
            "accuracy": 0.767532,
            "f1": 0.761352,
            "f1_weighted": 0.761352
          },
          {
            "accuracy": 0.759091,
            "f1": 0.749397,
            "f1_weighted": 0.749397
          },
          {
            "accuracy": 0.769481,
            "f1": 0.760168,
            "f1_weighted": 0.760168
          },
          {
            "accuracy": 0.768182,
            "f1": 0.755384,
            "f1_weighted": 0.755384
          },
          {
            "accuracy": 0.756169,
            "f1": 0.745086,
            "f1_weighted": 0.745086
          }
        ],
        "main_score": 0.766039,
        "hf_subset": "default",
        "languages": [
          "eng-Latn"
        ]
      }
    ]
  },
  "evaluation_time": 18.293036937713623,
  "kg_co2_emissions": null
}