{
  "dataset_revision": "258694dd0231531bc1fd9de6ceb52a0853c6d908",
  "task_name": "BiorxivClusteringS2S",
  "mteb_version": "1.25.8",
  "scores": {
    "test": [
      {
        "v_measure": 0.231079,
        "v_measure_std": 0.00735,
        "v_measures": [
          0.233177,
          0.225482,
          0.228973,
          0.224993,
          0.21972,
          0.22703,
          0.235731,
          0.241113,
          0.229595,
          0.244975
        ],
        "main_score": 0.231079,
        "hf_subset": "default",
        "languages": [
          "eng-Latn"
        ]
      }
    ]
  },
  "evaluation_time": 103.91289067268372,
  "kg_co2_emissions": null
}