{
  "dataset_revision": "4f58c6b202a23cf9a4da393831edf4f9183cad37",
  "task_name": "EmotionClassification",
  "mteb_version": "1.25.8",
  "scores": {
    "validation": [
      {
        "accuracy": 0.506,
        "f1": 0.445067,
        "f1_weighted": 0.516208,
        "scores_per_experiment": [
          {
            "accuracy": 0.554,
            "f1": 0.478169,
            "f1_weighted": 0.561308
          },
          {
            "accuracy": 0.5105,
            "f1": 0.454601,
            "f1_weighted": 0.520779
          },
          {
            "accuracy": 0.518,
            "f1": 0.43697,
            "f1_weighted": 0.526354
          },
          {
            "accuracy": 0.4965,
            "f1": 0.414302,
            "f1_weighted": 0.501642
          },
          {
            "accuracy": 0.481,
            "f1": 0.431609,
            "f1_weighted": 0.50179
          },
          {
            "accuracy": 0.5475,
            "f1": 0.484711,
            "f1_weighted": 0.554353
          },
          {
            "accuracy": 0.5305,
            "f1": 0.458958,
            "f1_weighted": 0.54058
          },
          {
            "accuracy": 0.4,
            "f1": 0.384298,
            "f1_weighted": 0.406036
          },
          {
            "accuracy": 0.4975,
            "f1": 0.449381,
            "f1_weighted": 0.510708
          },
          {
            "accuracy": 0.5245,
            "f1": 0.457668,
            "f1_weighted": 0.538528
          }
        ],
        "main_score": 0.506,
        "hf_subset": "default",
        "languages": [
          "eng-Latn"
        ]
      }
    ],
    "test": [
      {
        "accuracy": 0.5134,
        "f1": 0.442462,
        "f1_weighted": 0.526083,
        "scores_per_experiment": [
          {
            "accuracy": 0.551,
            "f1": 0.464129,
            "f1_weighted": 0.560153
          },
          {
            "accuracy": 0.502,
            "f1": 0.437736,
            "f1_weighted": 0.515886
          },
          {
            "accuracy": 0.5335,
            "f1": 0.443223,
            "f1_weighted": 0.543009
          },
          {
            "accuracy": 0.518,
            "f1": 0.428891,
            "f1_weighted": 0.521878
          },
          {
            "accuracy": 0.5025,
            "f1": 0.447282,
            "f1_weighted": 0.524733
          },
          {
            "accuracy": 0.5425,
            "f1": 0.457955,
            "f1_weighted": 0.551281
          },
          {
            "accuracy": 0.53,
            "f1": 0.449411,
            "f1_weighted": 0.542707
          },
          {
            "accuracy": 0.424,
            "f1": 0.400993,
            "f1_weighted": 0.435158
          },
          {
            "accuracy": 0.5045,
            "f1": 0.442044,
            "f1_weighted": 0.521013
          },
          {
            "accuracy": 0.526,
            "f1": 0.452958,
            "f1_weighted": 0.545016
          }
        ],
        "main_score": 0.5134,
        "hf_subset": "default",
        "languages": [
          "eng-Latn"
        ]
      }
    ]
  },
  "evaluation_time": 23.866801023483276,
  "kg_co2_emissions": null
}