{
  "dataset_revision": "4672e20407010da34463acc759c162ca9734bca6",
  "task_name": "MassiveIntentClassification",
  "mteb_version": "1.25.8",
  "scores": {
    "validation": [
      {
        "accuracy": 0.703689,
        "f1": 0.659281,
        "f1_weighted": 0.692439,
        "scores_per_experiment": [
          {
            "accuracy": 0.71028,
            "f1": 0.671343,
            "f1_weighted": 0.702059
          },
          {
            "accuracy": 0.729464,
            "f1": 0.684087,
            "f1_weighted": 0.723005
          },
          {
            "accuracy": 0.697491,
            "f1": 0.643117,
            "f1_weighted": 0.685222
          },
          {
            "accuracy": 0.717659,
            "f1": 0.671461,
            "f1_weighted": 0.706423
          },
          {
            "accuracy": 0.690605,
            "f1": 0.633839,
            "f1_weighted": 0.675378
          },
          {
            "accuracy": 0.700443,
            "f1": 0.66251,
            "f1_weighted": 0.688699
          },
          {
            "accuracy": 0.697983,
            "f1": 0.659163,
            "f1_weighted": 0.689995
          },
          {
            "accuracy": 0.687162,
            "f1": 0.639542,
            "f1_weighted": 0.676567
          },
          {
            "accuracy": 0.679292,
            "f1": 0.647942,
            "f1_weighted": 0.658373
          },
          {
            "accuracy": 0.726513,
            "f1": 0.679809,
            "f1_weighted": 0.718668
          }
        ],
        "main_score": 0.703689,
        "hf_subset": "en",
        "languages": [
          "eng-Latn"
        ]
      }
    ],
    "test": [
      {
        "accuracy": 0.696974,
        "f1": 0.669497,
        "f1_weighted": 0.685895,
        "scores_per_experiment": [
          {
            "accuracy": 0.708473,
            "f1": 0.683488,
            "f1_weighted": 0.700192
          },
          {
            "accuracy": 0.717888,
            "f1": 0.682119,
            "f1_weighted": 0.713095
          },
          {
            "accuracy": 0.682919,
            "f1": 0.662458,
            "f1_weighted": 0.67221
          },
          {
            "accuracy": 0.712172,
            "f1": 0.683455,
            "f1_weighted": 0.704079
          },
          {
            "accuracy": 0.680901,
            "f1": 0.6476,
            "f1_weighted": 0.663594
          },
          {
            "accuracy": 0.678884,
            "f1": 0.657588,
            "f1_weighted": 0.668829
          },
          {
            "accuracy": 0.699731,
            "f1": 0.670481,
            "f1_weighted": 0.69038
          },
          {
            "accuracy": 0.687962,
            "f1": 0.649196,
            "f1_weighted": 0.679476
          },
          {
            "accuracy": 0.680229,
            "f1": 0.663531,
            "f1_weighted": 0.657066
          },
          {
            "accuracy": 0.720578,
            "f1": 0.69506,
            "f1_weighted": 0.710024
          }
        ],
        "main_score": 0.696974,
        "hf_subset": "en",
        "languages": [
          "eng-Latn"
        ]
      }
    ]
  },
  "evaluation_time": 29.24730396270752,
  "kg_co2_emissions": null
}