{
  "dataset_revision": "35191c8c0dca72d8ff3efcd72aa802307d469663",
  "task_name": "MedrxivClusteringS2S",
  "mteb_version": "1.25.8",
  "scores": {
    "test": [
      {
        "v_measure": 0.260272,
        "v_measure_std": 0.013188,
        "v_measures": [
          0.253938,
          0.243639,
          0.244875,
          0.245927,
          0.250995,
          0.278885,
          0.268538,
          0.275767,
          0.274895,
          0.265257
        ],
        "main_score": 0.260272,
        "hf_subset": "default",
        "languages": [
          "eng-Latn"
        ]
      }
    ]
  },
  "evaluation_time": 61.12648344039917,
  "kg_co2_emissions": null
}