{
  "dataset_revision": "ec0fa4fe99da2ff19ca1214b7966684033a58814",
  "task_name": "NFCorpus",
  "mteb_version": "1.25.8",
  "scores": {
    "test": [
      {
        "ndcg_at_1": 0.35604,
        "ndcg_at_3": 0.32533,
        "ndcg_at_5": 0.30737,
        "ndcg_at_10": 0.28645,
        "ndcg_at_20": 0.26955,
        "ndcg_at_100": 0.27431,
        "ndcg_at_1000": 0.36378,
        "map_at_1": 0.04701,
        "map_at_3": 0.07053,
        "map_at_5": 0.08244,
        "map_at_10": 0.09756,
        "map_at_20": 0.10855,
        "map_at_100": 0.12632,
        "map_at_1000": 0.14046,
        "recall_at_1": 0.04701,
        "recall_at_3": 0.08419,
        "recall_at_5": 0.10656,
        "recall_at_10": 0.14303,
        "recall_at_20": 0.17882,
        "recall_at_100": 0.29304,
        "recall_at_1000": 0.62203,
        "precision_at_1": 0.37771,
        "precision_at_3": 0.30753,
        "precision_at_5": 0.26811,
        "precision_at_10": 0.21517,
        "precision_at_20": 0.16115,
        "precision_at_100": 0.07567,
        "precision_at_1000": 0.02026,
        "mrr_at_1": 0.380805,
        "mrr_at_3": 0.448916,
        "mrr_at_5": 0.461146,
        "mrr_at_10": 0.473149,
        "mrr_at_20": 0.476738,
        "mrr_at_100": 0.479698,
        "mrr_at_1000": 0.480219,
        "nauc_ndcg_at_1_max": 0.20863,
        "nauc_ndcg_at_1_std": 0.127528,
        "nauc_ndcg_at_1_diff1": 0.229635,
        "nauc_ndcg_at_3_max": 0.262803,
        "nauc_ndcg_at_3_std": 0.149479,
        "nauc_ndcg_at_3_diff1": 0.124469,
        "nauc_ndcg_at_5_max": 0.254356,
        "nauc_ndcg_at_5_std": 0.147151,
        "nauc_ndcg_at_5_diff1": 0.106824,
        "nauc_ndcg_at_10_max": 0.261757,
        "nauc_ndcg_at_10_std": 0.173954,
        "nauc_ndcg_at_10_diff1": 0.086018,
        "nauc_ndcg_at_20_max": 0.257934,
        "nauc_ndcg_at_20_std": 0.18632,
        "nauc_ndcg_at_20_diff1": 0.082169,
        "nauc_ndcg_at_100_max": 0.258704,
        "nauc_ndcg_at_100_std": 0.215255,
        "nauc_ndcg_at_100_diff1": 0.119058,
        "nauc_ndcg_at_1000_max": 0.344014,
        "nauc_ndcg_at_1000_std": 0.279525,
        "nauc_ndcg_at_1000_diff1": 0.125356,
        "nauc_map_at_1_max": -0.024287,
        "nauc_map_at_1_std": -0.09534,
        "nauc_map_at_1_diff1": 0.235025,
        "nauc_map_at_3_max": 0.039247,
        "nauc_map_at_3_std": -0.102384,
        "nauc_map_at_3_diff1": 0.24353,
        "nauc_map_at_5_max": 0.068613,
        "nauc_map_at_5_std": -0.084597,
        "nauc_map_at_5_diff1": 0.220395,
        "nauc_map_at_10_max": 0.112818,
        "nauc_map_at_10_std": -0.043781,
        "nauc_map_at_10_diff1": 0.196208,
        "nauc_map_at_20_max": 0.140401,
        "nauc_map_at_20_std": -0.008581,
        "nauc_map_at_20_diff1": 0.190325,
        "nauc_map_at_100_max": 0.162041,
        "nauc_map_at_100_std": 0.062332,
        "nauc_map_at_100_diff1": 0.168874,
        "nauc_map_at_1000_max": 0.175015,
        "nauc_map_at_1000_std": 0.106963,
        "nauc_map_at_1000_diff1": 0.149228,
        "nauc_recall_at_1_max": -0.024287,
        "nauc_recall_at_1_std": -0.09534,
        "nauc_recall_at_1_diff1": 0.235025,
        "nauc_recall_at_3_max": 0.016717,
        "nauc_recall_at_3_std": -0.129567,
        "nauc_recall_at_3_diff1": 0.215058,
        "nauc_recall_at_5_max": 0.064847,
        "nauc_recall_at_5_std": -0.099325,
        "nauc_recall_at_5_diff1": 0.187909,
        "nauc_recall_at_10_max": 0.122927,
        "nauc_recall_at_10_std": -0.063901,
        "nauc_recall_at_10_diff1": 0.141863,
        "nauc_recall_at_20_max": 0.149982,
        "nauc_recall_at_20_std": -0.007896,
        "nauc_recall_at_20_diff1": 0.141831,
        "nauc_recall_at_100_max": 0.14156,
        "nauc_recall_at_100_std": 0.132988,
        "nauc_recall_at_100_diff1": 0.120043,
        "nauc_recall_at_1000_max": 0.134444,
        "nauc_recall_at_1000_std": 0.208615,
        "nauc_recall_at_1000_diff1": 0.042671,
        "nauc_precision_at_1_max": 0.258162,
        "nauc_precision_at_1_std": 0.126071,
        "nauc_precision_at_1_diff1": 0.230879,
        "nauc_precision_at_3_max": 0.31697,
        "nauc_precision_at_3_std": 0.191931,
        "nauc_precision_at_3_diff1": 0.062555,
        "nauc_precision_at_5_max": 0.312348,
        "nauc_precision_at_5_std": 0.208444,
        "nauc_precision_at_5_diff1": 0.010436,
        "nauc_precision_at_10_max": 0.30898,
        "nauc_precision_at_10_std": 0.288978,
        "nauc_precision_at_10_diff1": -0.046119,
        "nauc_precision_at_20_max": 0.281059,
        "nauc_precision_at_20_std": 0.357321,
        "nauc_precision_at_20_diff1": -0.073513,
        "nauc_precision_at_100_max": 0.169237,
        "nauc_precision_at_100_std": 0.4317,
        "nauc_precision_at_100_diff1": -0.135803,
        "nauc_precision_at_1000_max": 0.090665,
        "nauc_precision_at_1000_std": 0.364954,
        "nauc_precision_at_1000_diff1": -0.149854,
        "nauc_mrr_at_1_max": 0.254697,
        "nauc_mrr_at_1_std": 0.140878,
        "nauc_mrr_at_1_diff1": 0.221932,
        "nauc_mrr_at_3_max": 0.308726,
        "nauc_mrr_at_3_std": 0.176926,
        "nauc_mrr_at_3_diff1": 0.19417,
        "nauc_mrr_at_5_max": 0.309609,
        "nauc_mrr_at_5_std": 0.179673,
        "nauc_mrr_at_5_diff1": 0.186567,
        "nauc_mrr_at_10_max": 0.321705,
        "nauc_mrr_at_10_std": 0.184894,
        "nauc_mrr_at_10_diff1": 0.178214,
        "nauc_mrr_at_20_max": 0.324491,
        "nauc_mrr_at_20_std": 0.18922,
        "nauc_mrr_at_20_diff1": 0.182756,
        "nauc_mrr_at_100_max": 0.323465,
        "nauc_mrr_at_100_std": 0.189825,
        "nauc_mrr_at_100_diff1": 0.183382,
        "nauc_mrr_at_1000_max": 0.32335,
        "nauc_mrr_at_1000_std": 0.189411,
        "nauc_mrr_at_1000_diff1": 0.183626,
        "main_score": 0.28645,
        "hf_subset": "default",
        "languages": [
          "eng-Latn"
        ]
      }
    ]
  },
  "evaluation_time": 30.929612636566162,
  "kg_co2_emissions": null
}