{
  "dataset_revision": "d3c5e1fc0b855ab6097bf1cda04dd73947d7caab",
  "task_name": "SciDocsRR",
  "mteb_version": "1.25.8",
  "scores": {
    "test": [
      {
        "map": 0.739623,
        "mrr": 0.913485,
        "nAUC_map_max": 0.534753,
        "nAUC_map_std": 0.646342,
        "nAUC_map_diff1": 0.086553,
        "nAUC_mrr_max": 0.741812,
        "nAUC_mrr_std": 0.670578,
        "nAUC_mrr_diff1": 0.466882,
        "main_score": 0.739623,
        "hf_subset": "default",
        "languages": [
          "eng-Latn"
        ]
      }
    ]
  },
  "evaluation_time": 87.78896355628967,
  "kg_co2_emissions": null
}