{
  "dataset_revision": "0228b52cf27578f30900b9e5271d331663a030d7",
  "task_name": "SciFact",
  "mteb_version": "1.25.8",
  "scores": {
    "train": [
      {
        "ndcg_at_1": 0.35105,
        "ndcg_at_3": 0.43377,
        "ndcg_at_5": 0.46087,
        "ndcg_at_10": 0.47991,
        "ndcg_at_20": 0.49741,
        "ndcg_at_100": 0.52415,
        "ndcg_at_1000": 0.5412,
        "map_at_1": 0.33616,
        "map_at_3": 0.40654,
        "map_at_5": 0.42337,
        "map_at_10": 0.43218,
        "map_at_20": 0.43749,
        "map_at_100": 0.44146,
        "map_at_1000": 0.44201,
        "recall_at_1": 0.33616,
        "recall_at_3": 0.49149,
        "recall_at_5": 0.55628,
        "recall_at_10": 0.61077,
        "recall_at_20": 0.67726,
        "recall_at_100": 0.81726,
        "recall_at_1000": 0.95488,
        "precision_at_1": 0.35105,
        "precision_at_3": 0.18006,
        "precision_at_5": 0.12361,
        "precision_at_10": 0.06885,
        "precision_at_20": 0.03838,
        "precision_at_100": 0.00932,
        "precision_at_1000": 0.00109,
        "mrr_at_1": 0.351051,
        "mrr_at_3": 0.423156,
        "mrr_at_5": 0.43768,
        "mrr_at_10": 0.444902,
        "mrr_at_20": 0.449168,
        "mrr_at_100": 0.452501,
        "mrr_at_1000": 0.452973,
        "nauc_ndcg_at_1_max": 0.24128,
        "nauc_ndcg_at_1_std": 0.030552,
        "nauc_ndcg_at_1_diff1": 0.625305,
        "nauc_ndcg_at_3_max": 0.274574,
        "nauc_ndcg_at_3_std": 0.0658,
        "nauc_ndcg_at_3_diff1": 0.550773,
        "nauc_ndcg_at_5_max": 0.278728,
        "nauc_ndcg_at_5_std": 0.07185,
        "nauc_ndcg_at_5_diff1": 0.54542,
        "nauc_ndcg_at_10_max": 0.290051,
        "nauc_ndcg_at_10_std": 0.08299,
        "nauc_ndcg_at_10_diff1": 0.537416,
        "nauc_ndcg_at_20_max": 0.290883,
        "nauc_ndcg_at_20_std": 0.081849,
        "nauc_ndcg_at_20_diff1": 0.533837,
        "nauc_ndcg_at_100_max": 0.293359,
        "nauc_ndcg_at_100_std": 0.097148,
        "nauc_ndcg_at_100_diff1": 0.535101,
        "nauc_ndcg_at_1000_max": 0.289109,
        "nauc_ndcg_at_1000_std": 0.094013,
        "nauc_ndcg_at_1000_diff1": 0.54224,
        "nauc_map_at_1_max": 0.231191,
        "nauc_map_at_1_std": 0.022183,
        "nauc_map_at_1_diff1": 0.621398,
        "nauc_map_at_3_max": 0.261032,
        "nauc_map_at_3_std": 0.050551,
        "nauc_map_at_3_diff1": 0.567059,
        "nauc_map_at_5_max": 0.26593,
        "nauc_map_at_5_std": 0.056245,
        "nauc_map_at_5_diff1": 0.564789,
        "nauc_map_at_10_max": 0.272534,
        "nauc_map_at_10_std": 0.06307,
        "nauc_map_at_10_diff1": 0.56173,
        "nauc_map_at_20_max": 0.274015,
        "nauc_map_at_20_std": 0.063498,
        "nauc_map_at_20_diff1": 0.561621,
        "nauc_map_at_100_max": 0.27471,
        "nauc_map_at_100_std": 0.066056,
        "nauc_map_at_100_diff1": 0.561564,
        "nauc_map_at_1000_max": 0.274594,
        "nauc_map_at_1000_std": 0.066132,
        "nauc_map_at_1000_diff1": 0.561727,
        "nauc_recall_at_1_max": 0.231191,
        "nauc_recall_at_1_std": 0.022183,
        "nauc_recall_at_1_diff1": 0.621398,
        "nauc_recall_at_3_max": 0.290245,
        "nauc_recall_at_3_std": 0.078586,
        "nauc_recall_at_3_diff1": 0.494922,
        "nauc_recall_at_5_max": 0.295929,
        "nauc_recall_at_5_std": 0.095387,
        "nauc_recall_at_5_diff1": 0.474355,
        "nauc_recall_at_10_max": 0.326953,
        "nauc_recall_at_10_std": 0.125476,
        "nauc_recall_at_10_diff1": 0.442635,
        "nauc_recall_at_20_max": 0.329293,
        "nauc_recall_at_20_std": 0.120372,
        "nauc_recall_at_20_diff1": 0.412603,
        "nauc_recall_at_100_max": 0.361306,
        "nauc_recall_at_100_std": 0.273693,
        "nauc_recall_at_100_diff1": 0.36713,
        "nauc_recall_at_1000_max": 0.332593,
        "nauc_recall_at_1000_std": 0.546059,
        "nauc_recall_at_1000_diff1": 0.336475,
        "nauc_precision_at_1_max": 0.24128,
        "nauc_precision_at_1_std": 0.030552,
        "nauc_precision_at_1_diff1": 0.625305,
        "nauc_precision_at_3_max": 0.333214,
        "nauc_precision_at_3_std": 0.130333,
        "nauc_precision_at_3_diff1": 0.462712,
        "nauc_precision_at_5_max": 0.342054,
        "nauc_precision_at_5_std": 0.150403,
        "nauc_precision_at_5_diff1": 0.416452,
        "nauc_precision_at_10_max": 0.362106,
        "nauc_precision_at_10_std": 0.195069,
        "nauc_precision_at_10_diff1": 0.344938,
        "nauc_precision_at_20_max": 0.349832,
        "nauc_precision_at_20_std": 0.195225,
        "nauc_precision_at_20_diff1": 0.284744,
        "nauc_precision_at_100_max": 0.329399,
        "nauc_precision_at_100_std": 0.310663,
        "nauc_precision_at_100_diff1": 0.169937,
        "nauc_precision_at_1000_max": 0.236839,
        "nauc_precision_at_1000_std": 0.293831,
        "nauc_precision_at_1000_diff1": 0.003751,
        "nauc_mrr_at_1_max": 0.24128,
        "nauc_mrr_at_1_std": 0.030552,
        "nauc_mrr_at_1_diff1": 0.625305,
        "nauc_mrr_at_3_max": 0.275013,
        "nauc_mrr_at_3_std": 0.070231,
        "nauc_mrr_at_3_diff1": 0.57131,
        "nauc_mrr_at_5_max": 0.277614,
        "nauc_mrr_at_5_std": 0.073351,
        "nauc_mrr_at_5_diff1": 0.568483,
        "nauc_mrr_at_10_max": 0.279648,
        "nauc_mrr_at_10_std": 0.07508,
        "nauc_mrr_at_10_diff1": 0.565043,
        "nauc_mrr_at_20_max": 0.27935,
        "nauc_mrr_at_20_std": 0.074163,
        "nauc_mrr_at_20_diff1": 0.564081,
        "nauc_mrr_at_100_max": 0.279755,
        "nauc_mrr_at_100_std": 0.075236,
        "nauc_mrr_at_100_diff1": 0.564113,
        "nauc_mrr_at_1000_max": 0.279587,
        "nauc_mrr_at_1000_std": 0.075335,
        "nauc_mrr_at_1000_diff1": 0.564307,
        "main_score": 0.47991,
        "hf_subset": "default",
        "languages": [
          "eng-Latn"
        ]
      }
    ],
    "test": [
      {
        "ndcg_at_1": 0.34667,
        "ndcg_at_3": 0.40687,
        "ndcg_at_5": 0.43143,
        "ndcg_at_10": 0.4576,
        "ndcg_at_20": 0.47563,
        "ndcg_at_100": 0.50164,
        "ndcg_at_1000": 0.51956,
        "map_at_1": 0.32372,
        "map_at_3": 0.38244,
        "map_at_5": 0.39786,
        "map_at_10": 0.4102,
        "map_at_20": 0.4154,
        "map_at_100": 0.41907,
        "map_at_1000": 0.41967,
        "recall_at_1": 0.32372,
        "recall_at_3": 0.45161,
        "recall_at_5": 0.51439,
        "recall_at_10": 0.59061,
        "recall_at_20": 0.65989,
        "recall_at_100": 0.79733,
        "recall_at_1000": 0.94167,
        "precision_at_1": 0.34667,
        "precision_at_3": 0.16667,
        "precision_at_5": 0.11467,
        "precision_at_10": 0.067,
        "precision_at_20": 0.0375,
        "precision_at_100": 0.00907,
        "precision_at_1000": 0.00107,
        "mrr_at_1": 0.346667,
        "mrr_at_3": 0.401667,
        "mrr_at_5": 0.414833,
        "mrr_at_10": 0.424479,
        "mrr_at_20": 0.429368,
        "mrr_at_100": 0.432778,
        "mrr_at_1000": 0.433291,
        "nauc_ndcg_at_1_max": 0.328977,
        "nauc_ndcg_at_1_std": 0.048035,
        "nauc_ndcg_at_1_diff1": 0.538764,
        "nauc_ndcg_at_3_max": 0.338402,
        "nauc_ndcg_at_3_std": 0.030982,
        "nauc_ndcg_at_3_diff1": 0.455899,
        "nauc_ndcg_at_5_max": 0.353195,
        "nauc_ndcg_at_5_std": 0.051901,
        "nauc_ndcg_at_5_diff1": 0.466112,
        "nauc_ndcg_at_10_max": 0.363305,
        "nauc_ndcg_at_10_std": 0.075076,
        "nauc_ndcg_at_10_diff1": 0.469658,
        "nauc_ndcg_at_20_max": 0.372268,
        "nauc_ndcg_at_20_std": 0.079218,
        "nauc_ndcg_at_20_diff1": 0.47474,
        "nauc_ndcg_at_100_max": 0.364449,
        "nauc_ndcg_at_100_std": 0.08857,
        "nauc_ndcg_at_100_diff1": 0.466875,
        "nauc_ndcg_at_1000_max": 0.364699,
        "nauc_ndcg_at_1000_std": 0.080906,
        "nauc_ndcg_at_1000_diff1": 0.46957,
        "nauc_map_at_1_max": 0.316422,
        "nauc_map_at_1_std": -0.022414,
        "nauc_map_at_1_diff1": 0.54122,
        "nauc_map_at_3_max": 0.334786,
        "nauc_map_at_3_std": 0.003868,
        "nauc_map_at_3_diff1": 0.47848,
        "nauc_map_at_5_max": 0.340716,
        "nauc_map_at_5_std": 0.02242,
        "nauc_map_at_5_diff1": 0.485835,
        "nauc_map_at_10_max": 0.345733,
        "nauc_map_at_10_std": 0.03725,
        "nauc_map_at_10_diff1": 0.485939,
        "nauc_map_at_20_max": 0.348549,
        "nauc_map_at_20_std": 0.03852,
        "nauc_map_at_20_diff1": 0.486152,
        "nauc_map_at_100_max": 0.347287,
        "nauc_map_at_100_std": 0.039684,
        "nauc_map_at_100_diff1": 0.485133,
        "nauc_map_at_1000_max": 0.34728,
        "nauc_map_at_1000_std": 0.03965,
        "nauc_map_at_1000_diff1": 0.485227,
        "nauc_recall_at_1_max": 0.316422,
        "nauc_recall_at_1_std": -0.022414,
        "nauc_recall_at_1_diff1": 0.54122,
        "nauc_recall_at_3_max": 0.33697,
        "nauc_recall_at_3_std": 0.026444,
        "nauc_recall_at_3_diff1": 0.404462,
        "nauc_recall_at_5_max": 0.368725,
        "nauc_recall_at_5_std": 0.08678,
        "nauc_recall_at_5_diff1": 0.412334,
        "nauc_recall_at_10_max": 0.399612,
        "nauc_recall_at_10_std": 0.151763,
        "nauc_recall_at_10_diff1": 0.426775,
        "nauc_recall_at_20_max": 0.440268,
        "nauc_recall_at_20_std": 0.177538,
        "nauc_recall_at_20_diff1": 0.453162,
        "nauc_recall_at_100_max": 0.403135,
        "nauc_recall_at_100_std": 0.31213,
        "nauc_recall_at_100_diff1": 0.372096,
        "nauc_recall_at_1000_max": 0.498666,
        "nauc_recall_at_1000_std": 0.423623,
        "nauc_recall_at_1000_diff1": 0.276604,
        "nauc_precision_at_1_max": 0.328977,
        "nauc_precision_at_1_std": 0.048035,
        "nauc_precision_at_1_diff1": 0.538764,
        "nauc_precision_at_3_max": 0.349162,
        "nauc_precision_at_3_std": 0.117945,
        "nauc_precision_at_3_diff1": 0.347874,
        "nauc_precision_at_5_max": 0.354697,
        "nauc_precision_at_5_std": 0.195661,
        "nauc_precision_at_5_diff1": 0.355513,
        "nauc_precision_at_10_max": 0.353327,
        "nauc_precision_at_10_std": 0.276305,
        "nauc_precision_at_10_diff1": 0.306226,
        "nauc_precision_at_20_max": 0.383978,
        "nauc_precision_at_20_std": 0.297001,
        "nauc_precision_at_20_diff1": 0.292821,
        "nauc_precision_at_100_max": 0.321683,
        "nauc_precision_at_100_std": 0.376756,
        "nauc_precision_at_100_diff1": 0.179395,
        "nauc_precision_at_1000_max": 0.296381,
        "nauc_precision_at_1000_std": 0.383379,
        "nauc_precision_at_1000_diff1": 0.03905,
        "nauc_mrr_at_1_max": 0.328977,
        "nauc_mrr_at_1_std": 0.048035,
        "nauc_mrr_at_1_diff1": 0.538764,
        "nauc_mrr_at_3_max": 0.341995,
        "nauc_mrr_at_3_std": 0.065328,
        "nauc_mrr_at_3_diff1": 0.472389,
        "nauc_mrr_at_5_max": 0.352585,
        "nauc_mrr_at_5_std": 0.075896,
        "nauc_mrr_at_5_diff1": 0.473746,
        "nauc_mrr_at_10_max": 0.357261,
        "nauc_mrr_at_10_std": 0.080715,
        "nauc_mrr_at_10_diff1": 0.478358,
        "nauc_mrr_at_20_max": 0.359441,
        "nauc_mrr_at_20_std": 0.08186,
        "nauc_mrr_at_20_diff1": 0.479573,
        "nauc_mrr_at_100_max": 0.357942,
        "nauc_mrr_at_100_std": 0.082375,
        "nauc_mrr_at_100_diff1": 0.47837,
        "nauc_mrr_at_1000_max": 0.357753,
        "nauc_mrr_at_1000_std": 0.082336,
        "nauc_mrr_at_1000_diff1": 0.478456,
        "main_score": 0.4576,
        "hf_subset": "default",
        "languages": [
          "eng-Latn"
        ]
      }
    ]
  },
  "evaluation_time": 90.36956834793091,
  "kg_co2_emissions": null
}