{
  "dataset_revision": "20a6d6f312dd54037fe07a32d58e5e168867909d",
  "task_name": "SICK-R",
  "mteb_version": "1.25.8",
  "scores": {
    "test": [
      {
        "pearson": 0.841268,
        "spearman": 0.801823,
        "cosine_pearson": 0.841268,
        "cosine_spearman": 0.801823,
        "manhattan_pearson": 0.810666,
        "manhattan_spearman": 0.801543,
        "euclidean_pearson": 0.811031,
        "euclidean_spearman": 0.801823,
        "main_score": 0.801823,
        "hf_subset": "default",
        "languages": [
          "eng-Latn"
        ]
      }
    ]
  },
  "evaluation_time": 11.424003839492798,
  "kg_co2_emissions": null
}