{
  "dataset_revision": "d66bd1f72af766a5cc4b0ca5e00c162f89e8cc46",
  "task_name": "SprintDuplicateQuestions",
  "mteb_version": "1.25.8",
  "scores": {
    "validation": [
      {
        "similarity_accuracy": 0.996762,
        "similarity_accuracy_threshold": 0.906859,
        "similarity_f1": 0.838235,
        "similarity_f1_threshold": 0.903769,
        "similarity_precision": 0.822115,
        "similarity_recall": 0.855,
        "similarity_ap": 0.89653,
        "cosine_accuracy": 0.996762,
        "cosine_accuracy_threshold": 0.906859,
        "cosine_f1": 0.838235,
        "cosine_f1_threshold": 0.903769,
        "cosine_precision": 0.822115,
        "cosine_recall": 0.855,
        "cosine_ap": 0.89653,
        "manhattan_accuracy": 0.996743,
        "manhattan_accuracy_threshold": 9.636637,
        "manhattan_f1": 0.837691,
        "manhattan_f1_threshold": 9.636637,
        "manhattan_precision": 0.82668,
        "manhattan_recall": 0.849,
        "manhattan_ap": 0.895629,
        "euclidean_accuracy": 0.996762,
        "euclidean_accuracy_threshold": 0.431605,
        "euclidean_f1": 0.838235,
        "euclidean_f1_threshold": 0.438705,
        "euclidean_precision": 0.822115,
        "euclidean_recall": 0.855,
        "euclidean_ap": 0.89653,
        "dot_accuracy": 0.996762,
        "dot_accuracy_threshold": 0.906859,
        "dot_f1": 0.838235,
        "dot_f1_threshold": 0.903769,
        "dot_precision": 0.822115,
        "dot_recall": 0.855,
        "dot_ap": 0.89653,
        "max_accuracy": 0.996762,
        "max_f1": 0.838235,
        "max_precision": 0.82668,
        "max_recall": 0.855,
        "max_ap": 0.89653,
        "main_score": 0.89653,
        "hf_subset": "default",
        "languages": [
          "eng-Latn"
        ]
      }
    ],
    "test": [
      {
        "similarity_accuracy": 0.99696,
        "similarity_accuracy_threshold": 0.91495,
        "similarity_f1": 0.844378,
        "similarity_f1_threshold": 0.91065,
        "similarity_precision": 0.847782,
        "similarity_recall": 0.841,
        "similarity_ap": 0.912281,
        "cosine_accuracy": 0.99696,
        "cosine_accuracy_threshold": 0.91495,
        "cosine_f1": 0.844378,
        "cosine_f1_threshold": 0.91065,
        "cosine_precision": 0.847782,
        "cosine_recall": 0.841,
        "cosine_ap": 0.912281,
        "manhattan_accuracy": 0.99696,
        "manhattan_accuracy_threshold": 9.166704,
        "manhattan_f1": 0.842799,
        "manhattan_f1_threshold": 9.27307,
        "manhattan_precision": 0.854938,
        "manhattan_recall": 0.831,
        "manhattan_ap": 0.911889,
        "euclidean_accuracy": 0.99696,
        "euclidean_accuracy_threshold": 0.412433,
        "euclidean_f1": 0.844378,
        "euclidean_f1_threshold": 0.42273,
        "euclidean_precision": 0.847782,
        "euclidean_recall": 0.841,
        "euclidean_ap": 0.912281,
        "dot_accuracy": 0.99696,
        "dot_accuracy_threshold": 0.91495,
        "dot_f1": 0.844378,
        "dot_f1_threshold": 0.91065,
        "dot_precision": 0.847782,
        "dot_recall": 0.841,
        "dot_ap": 0.912281,
        "max_accuracy": 0.99696,
        "max_f1": 0.844378,
        "max_precision": 0.854938,
        "max_recall": 0.841,
        "max_ap": 0.912281,
        "main_score": 0.912281,
        "hf_subset": "default",
        "languages": [
          "eng-Latn"
        ]
      }
    ]
  },
  "evaluation_time": 25.51144027709961,
  "kg_co2_emissions": null
}