{
  "dataset_revision": "e185fbe320c72810689fc5848eb6114e1ef5ec69",
  "task_name": "StackOverflowDupQuestions",
  "mteb_version": "1.25.8",
  "scores": {
    "test": [
      {
        "map": 0.484637,
        "mrr": 0.492093,
        "nAUC_map_max": 0.12483,
        "nAUC_map_std": 0.053143,
        "nAUC_map_diff1": 0.344893,
        "nAUC_mrr_max": 0.128777,
        "nAUC_mrr_std": 0.060575,
        "nAUC_mrr_diff1": 0.350152,
        "main_score": 0.484637,
        "hf_subset": "default",
        "languages": [
          "eng-Latn"
        ]
      }
    ]
  },
  "evaluation_time": 62.418315410614014,
  "kg_co2_emissions": null
}