{
  "dataset_revision": "a0d554a64d88156834ff5ae9920b964011b16384",
  "task_name": "STS12",
  "mteb_version": "1.26.3",
  "scores": {
    "test": [
      {
        "pearson": 0.863902,
        "spearman": 0.780501,
        "cosine_pearson": 0.863902,
        "cosine_spearman": 0.780512,
        "manhattan_pearson": 0.835812,
        "manhattan_spearman": 0.780981,
        "euclidean_pearson": 0.835541,
        "euclidean_spearman": 0.78052,
        "main_score": 0.780512,
        "hf_subset": "default",
        "languages": [
          "eng-Latn"
        ]
      }
    ]
  },
  "evaluation_time": 2.7650933265686035,
  "kg_co2_emissions": null
}