{
  "dataset_revision": "4d8694f8f0e0100860b497b999b3dbed754a0513",
  "task_name": "STS16",
  "mteb_version": "1.25.8",
  "scores": {
    "test": [
      {
        "pearson": 0.82242,
        "spearman": 0.840323,
        "cosine_pearson": 0.82242,
        "cosine_spearman": 0.840323,
        "manhattan_pearson": 0.835174,
        "manhattan_spearman": 0.840204,
        "euclidean_pearson": 0.835361,
        "euclidean_spearman": 0.840323,
        "main_score": 0.840323,
        "hf_subset": "default",
        "languages": [
          "eng-Latn"
        ]
      }
    ]
  },
  "evaluation_time": 2.664146900177002,
  "kg_co2_emissions": null
}