{
  "dataset_revision": "faeb762787bd10488a50c8b5be4a3b82e411949c",
  "task_name": "STS17",
  "mteb_version": "1.25.8",
  "scores": {
    "test": [
      {
        "pearson": 0.370101,
        "spearman": 0.364612,
        "cosine_pearson": 0.370101,
        "cosine_spearman": 0.364612,
        "manhattan_pearson": 0.378497,
        "manhattan_spearman": 0.370265,
        "euclidean_pearson": 0.378604,
        "euclidean_spearman": 0.364612,
        "main_score": 0.364612,
        "hf_subset": "nl-en",
        "languages": [
          "nld-Latn",
          "eng-Latn"
        ]
      },
      {
        "pearson": 0.025435,
        "spearman": -0.000157,
        "cosine_pearson": 0.025435,
        "cosine_spearman": -0.000157,
        "manhattan_pearson": 0.030603,
        "manhattan_spearman": 0.009088,
        "euclidean_pearson": 0.033563,
        "euclidean_spearman": -0.000157,
        "main_score": -0.000157,
        "hf_subset": "en-tr",
        "languages": [
          "eng-Latn",
          "tur-Latn"
        ]
      },
      {
        "pearson": 0.573859,
        "spearman": 0.566093,
        "cosine_pearson": 0.573859,
        "cosine_spearman": 0.566093,
        "manhattan_pearson": 0.57975,
        "manhattan_spearman": 0.563861,
        "euclidean_pearson": 0.582205,
        "euclidean_spearman": 0.566093,
        "main_score": 0.566093,
        "hf_subset": "fr-en",
        "languages": [
          "fra-Latn",
          "eng-Latn"
        ]
      },
      {
        "pearson": 0.895693,
        "spearman": 0.895689,
        "cosine_pearson": 0.895693,
        "cosine_spearman": 0.895689,
        "manhattan_pearson": 0.896897,
        "manhattan_spearman": 0.894069,
        "euclidean_pearson": 0.897811,
        "euclidean_spearman": 0.895689,
        "main_score": 0.895689,
        "hf_subset": "en-en",
        "languages": [
          "eng-Latn"
        ]
      },
      {
        "pearson": -0.048694,
        "spearman": -0.056461,
        "cosine_pearson": -0.048694,
        "cosine_spearman": -0.056461,
        "manhattan_pearson": -0.02198,
        "manhattan_spearman": -0.018548,
        "euclidean_pearson": -0.049764,
        "euclidean_spearman": -0.056427,
        "main_score": -0.056461,
        "hf_subset": "en-ar",
        "languages": [
          "eng-Latn",
          "ara-Arab"
        ]
      },
      {
        "pearson": 0.335615,
        "spearman": 0.304617,
        "cosine_pearson": 0.335615,
        "cosine_spearman": 0.304617,
        "manhattan_pearson": 0.335184,
        "manhattan_spearman": 0.308783,
        "euclidean_pearson": 0.340375,
        "euclidean_spearman": 0.304617,
        "main_score": 0.304617,
        "hf_subset": "it-en",
        "languages": [
          "ita-Latn",
          "eng-Latn"
        ]
      },
      {
        "pearson": 0.667924,
        "spearman": 0.67113,
        "cosine_pearson": 0.667924,
        "cosine_spearman": 0.67113,
        "manhattan_pearson": 0.66546,
        "manhattan_spearman": 0.668552,
        "euclidean_pearson": 0.667795,
        "euclidean_spearman": 0.67113,
        "main_score": 0.67113,
        "hf_subset": "en-de",
        "languages": [
          "eng-Latn",
          "deu-Latn"
        ]
      },
      {
        "pearson": 0.481955,
        "spearman": 0.477239,
        "cosine_pearson": 0.481955,
        "cosine_spearman": 0.477239,
        "manhattan_pearson": 0.484797,
        "manhattan_spearman": 0.480645,
        "euclidean_pearson": 0.48567,
        "euclidean_spearman": 0.477239,
        "main_score": 0.477239,
        "hf_subset": "es-en",
        "languages": [
          "spa-Latn",
          "eng-Latn"
        ]
      }
    ]
  },
  "evaluation_time": 3.15610408782959,
  "kg_co2_emissions": null
}