{
  "dataset_revision": "7e90230a92c190f1bf69ae9002b8cea547a64cca",
  "task_name": "STS13",
  "mteb_version": "1.26.3",
  "scores": {
    "test": [
      {
        "pearson": 0.852067,
        "spearman": 0.858491,
        "cosine_pearson": 0.852067,
        "cosine_spearman": 0.85849,
        "manhattan_pearson": 0.85051,
        "manhattan_spearman": 0.858254,
        "euclidean_pearson": 0.850734,
        "euclidean_spearman": 0.85849,
        "main_score": 0.85849,
        "hf_subset": "default",
        "languages": [
          "eng-Latn"
        ]
      }
    ]
  },
  "evaluation_time": 1.4933528900146484,
  "kg_co2_emissions": null
}