{
  "dataset_revision": "b0fddb56ed78048fa8b90373c8a3cfc37b684831",
  "task_name": "STSBenchmark",
  "mteb_version": "1.25.8",
  "scores": {
    "test": [
      {
        "pearson": 0.8476,
        "spearman": 0.855203,
        "cosine_pearson": 0.8476,
        "cosine_spearman": 0.855203,
        "manhattan_pearson": 0.855149,
        "manhattan_spearman": 0.855219,
        "euclidean_pearson": 0.85504,
        "euclidean_spearman": 0.855203,
        "main_score": 0.855203,
        "hf_subset": "default",
        "languages": [
          "eng-Latn"
        ]
      }
    ]
  },
  "evaluation_time": 2.191323757171631,
  "kg_co2_emissions": null
}