{
  "dataset_revision": "6125ec4e24fa026cec8a478383ee943acfbd5449",
  "task_name": "TwentyNewsgroupsClustering",
  "mteb_version": "1.25.8",
  "scores": {
    "test": [
      {
        "v_measure": 0.492733,
        "v_measure_std": 0.017008,
        "v_measures": [
          0.515387,
          0.503138,
          0.486179,
          0.489131,
          0.45371,
          0.502593,
          0.486691,
          0.486608,
          0.488687,
          0.515206
        ],
        "main_score": 0.492733,
        "hf_subset": "default",
        "languages": [
          "eng-Latn"
        ]
      }
    ]
  },
  "evaluation_time": 39.21213698387146,
  "kg_co2_emissions": null
}