{
  "dataset_revision": "c22ab2a51041ffd869aaddef7af8d8215647e41a",
  "task_name": "ArguAna",
  "mteb_version": "1.26.3",
  "scores": {
    "test": [
      {
        "ndcg_at_1": 0.36486,
        "ndcg_at_3": 0.51424,
        "ndcg_at_5": 0.56587,
        "ndcg_at_10": 0.60633,
        "ndcg_at_20": 0.62295,
        "ndcg_at_100": 0.63296,
        "ndcg_at_1000": 0.6338,
        "map_at_1": 0.36486,
        "map_at_3": 0.47653,
        "map_at_5": 0.50523,
        "map_at_10": 0.52205,
        "map_at_20": 0.52675,
        "map_at_100": 0.52827,
        "map_at_1000": 0.52831,
        "recall_at_1": 0.36486,
        "recall_at_3": 0.62376,
        "recall_at_5": 0.74893,
        "recall_at_10": 0.8734,
        "recall_at_20": 0.93812,
        "recall_at_100": 0.99004,
        "recall_at_1000": 0.99644,
        "precision_at_1": 0.36486,
        "precision_at_3": 0.20792,
        "precision_at_5": 0.14979,
        "precision_at_10": 0.08734,
        "precision_at_20": 0.04691,
        "precision_at_100": 0.0099,
        "precision_at_1000": 0.001,
        "mrr_at_1": 0.366999,
        "mrr_at_3": 0.477477,
        "mrr_at_5": 0.506105,
        "mrr_at_10": 0.522927,
        "mrr_at_20": 0.527624,
        "mrr_at_100": 0.529151,
        "mrr_at_1000": 0.529187,
        "nauc_ndcg_at_1_max": -0.080359,
        "nauc_ndcg_at_1_std": -0.149009,
        "nauc_ndcg_at_1_diff1": 0.18639,
        "nauc_ndcg_at_3_max": -0.049581,
        "nauc_ndcg_at_3_std": -0.136922,
        "nauc_ndcg_at_3_diff1": 0.154022,
        "nauc_ndcg_at_5_max": -0.044564,
        "nauc_ndcg_at_5_std": -0.128376,
        "nauc_ndcg_at_5_diff1": 0.148977,
        "nauc_ndcg_at_10_max": -0.045715,
        "nauc_ndcg_at_10_std": -0.119668,
        "nauc_ndcg_at_10_diff1": 0.161998,
        "nauc_ndcg_at_20_max": -0.038639,
        "nauc_ndcg_at_20_std": -0.114946,
        "nauc_ndcg_at_20_diff1": 0.167676,
        "nauc_ndcg_at_100_max": -0.04688,
        "nauc_ndcg_at_100_std": -0.123872,
        "nauc_ndcg_at_100_diff1": 0.166521,
        "nauc_ndcg_at_1000_max": -0.048699,
        "nauc_ndcg_at_1000_std": -0.125136,
        "nauc_ndcg_at_1000_diff1": 0.164764,
        "nauc_map_at_1_max": -0.080359,
        "nauc_map_at_1_std": -0.149009,
        "nauc_map_at_1_diff1": 0.18639,
        "nauc_map_at_3_max": -0.057896,
        "nauc_map_at_3_std": -0.139709,
        "nauc_map_at_3_diff1": 0.161139,
        "nauc_map_at_5_max": -0.056071,
        "nauc_map_at_5_std": -0.135672,
        "nauc_map_at_5_diff1": 0.158657,
        "nauc_map_at_10_max": -0.057388,
        "nauc_map_at_10_std": -0.132695,
        "nauc_map_at_10_diff1": 0.163517,
        "nauc_map_at_20_max": -0.055467,
        "nauc_map_at_20_std": -0.131461,
        "nauc_map_at_20_diff1": 0.165108,
        "nauc_map_at_100_max": -0.056264,
        "nauc_map_at_100_std": -0.132373,
        "nauc_map_at_100_diff1": 0.165144,
        "nauc_map_at_1000_max": -0.056325,
        "nauc_map_at_1000_std": -0.132409,
        "nauc_map_at_1000_diff1": 0.165075,
        "nauc_recall_at_1_max": -0.080359,
        "nauc_recall_at_1_std": -0.149009,
        "nauc_recall_at_1_diff1": 0.18639,
        "nauc_recall_at_3_max": -0.022613,
        "nauc_recall_at_3_std": -0.128092,
        "nauc_recall_at_3_diff1": 0.131648,
        "nauc_recall_at_5_max": 0.004588,
        "nauc_recall_at_5_std": -0.096391,
        "nauc_recall_at_5_diff1": 0.109345,
        "nauc_recall_at_10_max": 0.042281,
        "nauc_recall_at_10_std": -0.015244,
        "nauc_recall_at_10_diff1": 0.165393,
        "nauc_recall_at_20_max": 0.22371,
        "nauc_recall_at_20_std": 0.150317,
        "nauc_recall_at_20_diff1": 0.248187,
        "nauc_recall_at_100_max": 0.450311,
        "nauc_recall_at_100_std": 0.314438,
        "nauc_recall_at_100_diff1": 0.440282,
        "nauc_recall_at_1000_max": 0.426109,
        "nauc_recall_at_1000_std": 0.43016,
        "nauc_recall_at_1000_diff1": 0.089585,
        "nauc_precision_at_1_max": -0.080359,
        "nauc_precision_at_1_std": -0.149009,
        "nauc_precision_at_1_diff1": 0.18639,
        "nauc_precision_at_3_max": -0.022613,
        "nauc_precision_at_3_std": -0.128092,
        "nauc_precision_at_3_diff1": 0.131648,
        "nauc_precision_at_5_max": 0.004588,
        "nauc_precision_at_5_std": -0.096391,
        "nauc_precision_at_5_diff1": 0.109345,
        "nauc_precision_at_10_max": 0.042281,
        "nauc_precision_at_10_std": -0.015244,
        "nauc_precision_at_10_diff1": 0.165393,
        "nauc_precision_at_20_max": 0.22371,
        "nauc_precision_at_20_std": 0.150317,
        "nauc_precision_at_20_diff1": 0.248187,
        "nauc_precision_at_100_max": 0.450311,
        "nauc_precision_at_100_std": 0.314438,
        "nauc_precision_at_100_diff1": 0.440282,
        "nauc_precision_at_1000_max": 0.426109,
        "nauc_precision_at_1000_std": 0.43016,
        "nauc_precision_at_1000_diff1": 0.089585,
        "nauc_mrr_at_1_max": -0.081032,
        "nauc_mrr_at_1_std": -0.151643,
        "nauc_mrr_at_1_diff1": 0.180223,
        "nauc_mrr_at_3_max": -0.062382,
        "nauc_mrr_at_3_std": -0.139956,
        "nauc_mrr_at_3_diff1": 0.152667,
        "nauc_mrr_at_5_max": -0.05982,
        "nauc_mrr_at_5_std": -0.137401,
        "nauc_mrr_at_5_diff1": 0.151714,
        "nauc_mrr_at_10_max": -0.0613,
        "nauc_mrr_at_10_std": -0.134501,
        "nauc_mrr_at_10_diff1": 0.156265,
        "nauc_mrr_at_20_max": -0.059439,
        "nauc_mrr_at_20_std": -0.133295,
        "nauc_mrr_at_20_diff1": 0.157749,
        "nauc_mrr_at_100_max": -0.060255,
        "nauc_mrr_at_100_std": -0.134216,
        "nauc_mrr_at_100_diff1": 0.157747,
        "nauc_mrr_at_1000_max": -0.060317,
        "nauc_mrr_at_1000_std": -0.134252,
        "nauc_mrr_at_1000_diff1": 0.157677,
        "main_score": 0.60633,
        "hf_subset": "default",
        "languages": [
          "eng-Latn"
        ]
      }
    ]
  },
  "evaluation_time": 19.954511165618896,
  "kg_co2_emissions": null
}