{
  "dataset_revision": "0fd18e25b25c072e09e0d92ab615fda904d66300",
  "task_name": "Banking77Classification",
  "mteb_version": "1.26.3",
  "scores": {
    "test": [
      {
        "accuracy": 0.825747,
        "f1": 0.818355,
        "f1_weighted": 0.818355,
        "scores_per_experiment": [
          {
            "accuracy": 0.820779,
            "f1": 0.812296,
            "f1_weighted": 0.812296
          },
          {
            "accuracy": 0.827597,
            "f1": 0.819617,
            "f1_weighted": 0.819617
          },
          {
            "accuracy": 0.827597,
            "f1": 0.820181,
            "f1_weighted": 0.820181
          },
          {
            "accuracy": 0.828896,
            "f1": 0.822941,
            "f1_weighted": 0.822941
          },
          {
            "accuracy": 0.827273,
            "f1": 0.820297,
            "f1_weighted": 0.820297
          },
          {
            "accuracy": 0.838312,
            "f1": 0.833146,
            "f1_weighted": 0.833146
          },
          {
            "accuracy": 0.818831,
            "f1": 0.81253,
            "f1_weighted": 0.81253
          },
          {
            "accuracy": 0.822078,
            "f1": 0.81354,
            "f1_weighted": 0.81354
          },
          {
            "accuracy": 0.82987,
            "f1": 0.821196,
            "f1_weighted": 0.821196
          },
          {
            "accuracy": 0.816234,
            "f1": 0.807809,
            "f1_weighted": 0.807809
          }
        ],
        "main_score": 0.825747,
        "hf_subset": "default",
        "languages": [
          "eng-Latn"
        ]
      }
    ]
  },
  "evaluation_time": 11.595050573348999,
  "kg_co2_emissions": null
}