{
  "dataset_revision": "258694dd0231531bc1fd9de6ceb52a0853c6d908",
  "task_name": "BiorxivClusteringS2S",
  "mteb_version": "1.26.3",
  "scores": {
    "test": [
      {
        "v_measure": 0.362037,
        "v_measure_std": 0.005524,
        "v_measures": [
          0.358838,
          0.363665,
          0.37284,
          0.359987,
          0.356749,
          0.361471,
          0.360604,
          0.371096,
          0.35449,
          0.360634
        ],
        "main_score": 0.362037,
        "hf_subset": "default",
        "languages": [
          "eng-Latn"
        ]
      }
    ]
  },
  "evaluation_time": 20.357635974884033,
  "kg_co2_emissions": null
}