{
  "dataset_revision": "4f58c6b202a23cf9a4da393831edf4f9183cad37",
  "task_name": "EmotionClassification",
  "mteb_version": "1.26.3",
  "scores": {
    "validation": [
      {
        "accuracy": 0.5245,
        "f1": 0.468075,
        "f1_weighted": 0.537774,
        "scores_per_experiment": [
          {
            "accuracy": 0.567,
            "f1": 0.499346,
            "f1_weighted": 0.577276
          },
          {
            "accuracy": 0.487,
            "f1": 0.435803,
            "f1_weighted": 0.493627
          },
          {
            "accuracy": 0.538,
            "f1": 0.47663,
            "f1_weighted": 0.555033
          },
          {
            "accuracy": 0.5265,
            "f1": 0.463902,
            "f1_weighted": 0.542693
          },
          {
            "accuracy": 0.5475,
            "f1": 0.486848,
            "f1_weighted": 0.55934
          },
          {
            "accuracy": 0.5625,
            "f1": 0.502786,
            "f1_weighted": 0.575557
          },
          {
            "accuracy": 0.5425,
            "f1": 0.475894,
            "f1_weighted": 0.557457
          },
          {
            "accuracy": 0.4645,
            "f1": 0.426728,
            "f1_weighted": 0.471504
          },
          {
            "accuracy": 0.505,
            "f1": 0.45957,
            "f1_weighted": 0.523458
          },
          {
            "accuracy": 0.5045,
            "f1": 0.45324,
            "f1_weighted": 0.521791
          }
        ],
        "main_score": 0.5245,
        "hf_subset": "default",
        "languages": [
          "eng-Latn"
        ]
      }
    ],
    "test": [
      {
        "accuracy": 0.527,
        "f1": 0.461253,
        "f1_weighted": 0.543323,
        "scores_per_experiment": [
          {
            "accuracy": 0.5665,
            "f1": 0.484474,
            "f1_weighted": 0.579545
          },
          {
            "accuracy": 0.5075,
            "f1": 0.451885,
            "f1_weighted": 0.514221
          },
          {
            "accuracy": 0.517,
            "f1": 0.448325,
            "f1_weighted": 0.535505
          },
          {
            "accuracy": 0.531,
            "f1": 0.464075,
            "f1_weighted": 0.551313
          },
          {
            "accuracy": 0.553,
            "f1": 0.487011,
            "f1_weighted": 0.566223
          },
          {
            "accuracy": 0.5535,
            "f1": 0.478783,
            "f1_weighted": 0.566856
          },
          {
            "accuracy": 0.5355,
            "f1": 0.458127,
            "f1_weighted": 0.555706
          },
          {
            "accuracy": 0.4575,
            "f1": 0.413759,
            "f1_weighted": 0.47233
          },
          {
            "accuracy": 0.52,
            "f1": 0.465353,
            "f1_weighted": 0.541888
          },
          {
            "accuracy": 0.5285,
            "f1": 0.460739,
            "f1_weighted": 0.549644
          }
        ],
        "main_score": 0.527,
        "hf_subset": "default",
        "languages": [
          "eng-Latn"
        ]
      }
    ]
  },
  "evaluation_time": 8.050005912780762,
  "kg_co2_emissions": null
}