{
  "dataset_revision": "4672e20407010da34463acc759c162ca9734bca6",
  "task_name": "MassiveIntentClassification",
  "mteb_version": "1.26.3",
  "scores": {
    "validation": [
      {
        "accuracy": 0.690654,
        "f1": 0.651984,
        "f1_weighted": 0.678102,
        "scores_per_experiment": [
          {
            "accuracy": 0.690113,
            "f1": 0.658559,
            "f1_weighted": 0.681001
          },
          {
            "accuracy": 0.714215,
            "f1": 0.672946,
            "f1_weighted": 0.705306
          },
          {
            "accuracy": 0.684702,
            "f1": 0.642634,
            "f1_weighted": 0.668143
          },
          {
            "accuracy": 0.697491,
            "f1": 0.651753,
            "f1_weighted": 0.686233
          },
          {
            "accuracy": 0.673881,
            "f1": 0.626383,
            "f1_weighted": 0.657688
          },
          {
            "accuracy": 0.675848,
            "f1": 0.646686,
            "f1_weighted": 0.663678
          },
          {
            "accuracy": 0.693064,
            "f1": 0.65374,
            "f1_weighted": 0.680853
          },
          {
            "accuracy": 0.691097,
            "f1": 0.647189,
            "f1_weighted": 0.680809
          },
          {
            "accuracy": 0.676832,
            "f1": 0.65066,
            "f1_weighted": 0.653222
          },
          {
            "accuracy": 0.709297,
            "f1": 0.669292,
            "f1_weighted": 0.704089
          }
        ],
        "main_score": 0.690654,
        "hf_subset": "en",
        "languages": [
          "eng-Latn"
        ]
      }
    ],
    "test": [
      {
        "accuracy": 0.669839,
        "f1": 0.644592,
        "f1_weighted": 0.656894,
        "scores_per_experiment": [
          {
            "accuracy": 0.672495,
            "f1": 0.644326,
            "f1_weighted": 0.662642
          },
          {
            "accuracy": 0.696369,
            "f1": 0.66863,
            "f1_weighted": 0.687136
          },
          {
            "accuracy": 0.659381,
            "f1": 0.625875,
            "f1_weighted": 0.644347
          },
          {
            "accuracy": 0.675857,
            "f1": 0.651547,
            "f1_weighted": 0.668357
          },
          {
            "accuracy": 0.666106,
            "f1": 0.637194,
            "f1_weighted": 0.651583
          },
          {
            "accuracy": 0.645595,
            "f1": 0.632133,
            "f1_weighted": 0.633174
          },
          {
            "accuracy": 0.665434,
            "f1": 0.642575,
            "f1_weighted": 0.647943
          },
          {
            "accuracy": 0.676194,
            "f1": 0.642926,
            "f1_weighted": 0.665339
          },
          {
            "accuracy": 0.662744,
            "f1": 0.647262,
            "f1_weighted": 0.63751
          },
          {
            "accuracy": 0.678211,
            "f1": 0.653451,
            "f1_weighted": 0.670913
          }
        ],
        "main_score": 0.669839,
        "hf_subset": "en",
        "languages": [
          "eng-Latn"
        ]
      }
    ]
  },
  "evaluation_time": 7.442320108413696,
  "kg_co2_emissions": null
}