{
  "dataset_revision": "35191c8c0dca72d8ff3efcd72aa802307d469663",
  "task_name": "MedrxivClusteringS2S",
  "mteb_version": "1.26.3",
  "scores": {
    "test": [
      {
        "v_measure": 0.307375,
        "v_measure_std": 0.016368,
        "v_measures": [
          0.297461,
          0.293792,
          0.283503,
          0.291804,
          0.295504,
          0.323051,
          0.323014,
          0.335448,
          0.319873,
          0.310297
        ],
        "main_score": 0.307375,
        "hf_subset": "default",
        "languages": [
          "eng-Latn"
        ]
      }
    ]
  },
  "evaluation_time": 13.462339878082275,
  "kg_co2_emissions": null
}