{
  "dataset_revision": "ec0fa4fe99da2ff19ca1214b7966684033a58814",
  "task_name": "NFCorpus",
  "mteb_version": "1.26.3",
  "scores": {
    "test": [
      {
        "ndcg_at_1": 0.48142,
        "ndcg_at_3": 0.43208,
        "ndcg_at_5": 0.40647,
        "ndcg_at_10": 0.37154,
        "ndcg_at_20": 0.34585,
        "ndcg_at_100": 0.33906,
        "ndcg_at_1000": 0.42955,
        "map_at_1": 0.06995,
        "map_at_3": 0.10785,
        "map_at_5": 0.12452,
        "map_at_10": 0.14407,
        "map_at_20": 0.15958,
        "map_at_100": 0.18079,
        "map_at_1000": 0.19613,
        "recall_at_1": 0.06995,
        "recall_at_3": 0.11472,
        "recall_at_5": 0.13998,
        "recall_at_10": 0.17545,
        "recall_at_20": 0.21407,
        "recall_at_100": 0.32963,
        "recall_at_1000": 0.66462,
        "precision_at_1": 0.49536,
        "precision_at_3": 0.40144,
        "precision_at_5": 0.34923,
        "precision_at_10": 0.27214,
        "precision_at_20": 0.19954,
        "precision_at_100": 0.08421,
        "precision_at_1000": 0.02149,
        "mrr_at_1": 0.498452,
        "mrr_at_3": 0.568111,
        "mrr_at_5": 0.578483,
        "mrr_at_10": 0.583602,
        "mrr_at_20": 0.587249,
        "mrr_at_100": 0.58916,
        "mrr_at_1000": 0.589539,
        "nauc_ndcg_at_1_max": 0.369473,
        "nauc_ndcg_at_1_std": 0.204381,
        "nauc_ndcg_at_1_diff1": 0.324236,
        "nauc_ndcg_at_3_max": 0.380954,
        "nauc_ndcg_at_3_std": 0.252383,
        "nauc_ndcg_at_3_diff1": 0.217955,
        "nauc_ndcg_at_5_max": 0.374838,
        "nauc_ndcg_at_5_std": 0.246396,
        "nauc_ndcg_at_5_diff1": 0.207873,
        "nauc_ndcg_at_10_max": 0.362273,
        "nauc_ndcg_at_10_std": 0.270896,
        "nauc_ndcg_at_10_diff1": 0.204743,
        "nauc_ndcg_at_20_max": 0.354948,
        "nauc_ndcg_at_20_std": 0.271721,
        "nauc_ndcg_at_20_diff1": 0.218341,
        "nauc_ndcg_at_100_max": 0.387168,
        "nauc_ndcg_at_100_std": 0.289087,
        "nauc_ndcg_at_100_diff1": 0.268395,
        "nauc_ndcg_at_1000_max": 0.425266,
        "nauc_ndcg_at_1000_std": 0.336414,
        "nauc_ndcg_at_1000_diff1": 0.265857,
        "nauc_map_at_1_max": 0.092848,
        "nauc_map_at_1_std": -0.172017,
        "nauc_map_at_1_diff1": 0.40611,
        "nauc_map_at_3_max": 0.147592,
        "nauc_map_at_3_std": -0.104279,
        "nauc_map_at_3_diff1": 0.363561,
        "nauc_map_at_5_max": 0.18096,
        "nauc_map_at_5_std": -0.071722,
        "nauc_map_at_5_diff1": 0.344092,
        "nauc_map_at_10_max": 0.218841,
        "nauc_map_at_10_std": -0.004014,
        "nauc_map_at_10_diff1": 0.315396,
        "nauc_map_at_20_max": 0.247798,
        "nauc_map_at_20_std": 0.042616,
        "nauc_map_at_20_diff1": 0.29454,
        "nauc_map_at_100_max": 0.275172,
        "nauc_map_at_100_std": 0.113645,
        "nauc_map_at_100_diff1": 0.269638,
        "nauc_map_at_1000_max": 0.281828,
        "nauc_map_at_1000_std": 0.153969,
        "nauc_map_at_1000_diff1": 0.252116,
        "nauc_recall_at_1_max": 0.092848,
        "nauc_recall_at_1_std": -0.172017,
        "nauc_recall_at_1_diff1": 0.40611,
        "nauc_recall_at_3_max": 0.144155,
        "nauc_recall_at_3_std": -0.096904,
        "nauc_recall_at_3_diff1": 0.359934,
        "nauc_recall_at_5_max": 0.176938,
        "nauc_recall_at_5_std": -0.061501,
        "nauc_recall_at_5_diff1": 0.351586,
        "nauc_recall_at_10_max": 0.205096,
        "nauc_recall_at_10_std": 0.029093,
        "nauc_recall_at_10_diff1": 0.335839,
        "nauc_recall_at_20_max": 0.266102,
        "nauc_recall_at_20_std": 0.108189,
        "nauc_recall_at_20_diff1": 0.308463,
        "nauc_recall_at_100_max": 0.290792,
        "nauc_recall_at_100_std": 0.241171,
        "nauc_recall_at_100_diff1": 0.266535,
        "nauc_recall_at_1000_max": 0.191002,
        "nauc_recall_at_1000_std": 0.249409,
        "nauc_recall_at_1000_diff1": 0.135501,
        "nauc_precision_at_1_max": 0.374458,
        "nauc_precision_at_1_std": 0.209777,
        "nauc_precision_at_1_diff1": 0.338593,
        "nauc_precision_at_3_max": 0.407093,
        "nauc_precision_at_3_std": 0.340323,
        "nauc_precision_at_3_diff1": 0.100862,
        "nauc_precision_at_5_max": 0.376334,
        "nauc_precision_at_5_std": 0.339056,
        "nauc_precision_at_5_diff1": 0.048322,
        "nauc_precision_at_10_max": 0.345556,
        "nauc_precision_at_10_std": 0.396981,
        "nauc_precision_at_10_diff1": -0.02325,
        "nauc_precision_at_20_max": 0.287826,
        "nauc_precision_at_20_std": 0.420243,
        "nauc_precision_at_20_diff1": -0.083163,
        "nauc_precision_at_100_max": 0.18301,
        "nauc_precision_at_100_std": 0.481763,
        "nauc_precision_at_100_diff1": -0.175122,
        "nauc_precision_at_1000_max": 0.03988,
        "nauc_precision_at_1000_std": 0.381064,
        "nauc_precision_at_1000_diff1": -0.226484,
        "nauc_mrr_at_1_max": 0.369974,
        "nauc_mrr_at_1_std": 0.203631,
        "nauc_mrr_at_1_diff1": 0.330135,
        "nauc_mrr_at_3_max": 0.422251,
        "nauc_mrr_at_3_std": 0.258136,
        "nauc_mrr_at_3_diff1": 0.331469,
        "nauc_mrr_at_5_max": 0.424055,
        "nauc_mrr_at_5_std": 0.261393,
        "nauc_mrr_at_5_diff1": 0.344457,
        "nauc_mrr_at_10_max": 0.427212,
        "nauc_mrr_at_10_std": 0.266338,
        "nauc_mrr_at_10_diff1": 0.351204,
        "nauc_mrr_at_20_max": 0.431093,
        "nauc_mrr_at_20_std": 0.269442,
        "nauc_mrr_at_20_diff1": 0.348104,
        "nauc_mrr_at_100_max": 0.430833,
        "nauc_mrr_at_100_std": 0.268586,
        "nauc_mrr_at_100_diff1": 0.348396,
        "nauc_mrr_at_1000_max": 0.430392,
        "nauc_mrr_at_1000_std": 0.268271,
        "nauc_mrr_at_1000_diff1": 0.348187,
        "main_score": 0.37154,
        "hf_subset": "default",
        "languages": [
          "eng-Latn"
        ]
      }
    ]
  },
  "evaluation_time": 10.989684581756592,
  "kg_co2_emissions": null
}