{
  "dataset_revision": "d3c5e1fc0b855ab6097bf1cda04dd73947d7caab",
  "task_name": "SciDocsRR",
  "mteb_version": "1.26.3",
  "scores": {
    "test": [
      {
        "map": 0.865869,
        "mrr": 0.962793,
        "nAUC_map_max": 0.521124,
        "nAUC_map_std": 0.663276,
        "nAUC_map_diff1": -0.064753,
        "nAUC_mrr_max": 0.824865,
        "nAUC_mrr_std": 0.771243,
        "nAUC_mrr_diff1": 0.261307,
        "main_score": 0.865869,
        "hf_subset": "default",
        "languages": [
          "eng-Latn"
        ]
      }
    ]
  },
  "evaluation_time": 23.515147924423218,
  "kg_co2_emissions": null
}