{
  "dataset_revision": "0228b52cf27578f30900b9e5271d331663a030d7",
  "task_name": "SciFact",
  "mteb_version": "1.26.3",
  "scores": {
    "train": [
      {
        "ndcg_at_1": 0.644,
        "ndcg_at_3": 0.72574,
        "ndcg_at_5": 0.74686,
        "ndcg_at_10": 0.76457,
        "ndcg_at_20": 0.77462,
        "ndcg_at_100": 0.78416,
        "ndcg_at_1000": 0.78788,
        "map_at_1": 0.60871,
        "map_at_3": 0.69707,
        "map_at_5": 0.71209,
        "map_at_10": 0.72083,
        "map_at_20": 0.72414,
        "map_at_100": 0.72556,
        "map_at_1000": 0.72574,
        "recall_at_1": 0.60871,
        "recall_at_3": 0.7815,
        "recall_at_5": 0.83181,
        "recall_at_10": 0.88263,
        "recall_at_20": 0.92007,
        "recall_at_100": 0.96992,
        "recall_at_1000": 0.99753,
        "precision_at_1": 0.644,
        "precision_at_3": 0.28719,
        "precision_at_5": 0.18616,
        "precision_at_10": 0.10012,
        "precision_at_20": 0.05241,
        "precision_at_100": 0.01104,
        "precision_at_1000": 0.00113,
        "mrr_at_1": 0.644005,
        "mrr_at_3": 0.718995,
        "mrr_at_5": 0.728574,
        "mrr_at_10": 0.734115,
        "mrr_at_20": 0.736352,
        "mrr_at_100": 0.737605,
        "mrr_at_1000": 0.737756,
        "nauc_ndcg_at_1_max": 0.484054,
        "nauc_ndcg_at_1_std": 0.163167,
        "nauc_ndcg_at_1_diff1": 0.668976,
        "nauc_ndcg_at_3_max": 0.474612,
        "nauc_ndcg_at_3_std": 0.150909,
        "nauc_ndcg_at_3_diff1": 0.627714,
        "nauc_ndcg_at_5_max": 0.482356,
        "nauc_ndcg_at_5_std": 0.156907,
        "nauc_ndcg_at_5_diff1": 0.622087,
        "nauc_ndcg_at_10_max": 0.48453,
        "nauc_ndcg_at_10_std": 0.180226,
        "nauc_ndcg_at_10_diff1": 0.612132,
        "nauc_ndcg_at_20_max": 0.488959,
        "nauc_ndcg_at_20_std": 0.197456,
        "nauc_ndcg_at_20_diff1": 0.614409,
        "nauc_ndcg_at_100_max": 0.490396,
        "nauc_ndcg_at_100_std": 0.191188,
        "nauc_ndcg_at_100_diff1": 0.62015,
        "nauc_ndcg_at_1000_max": 0.490529,
        "nauc_ndcg_at_1000_std": 0.183854,
        "nauc_ndcg_at_1000_diff1": 0.624465,
        "nauc_map_at_1_max": 0.412124,
        "nauc_map_at_1_std": 0.09475,
        "nauc_map_at_1_diff1": 0.680684,
        "nauc_map_at_3_max": 0.457807,
        "nauc_map_at_3_std": 0.122019,
        "nauc_map_at_3_diff1": 0.646288,
        "nauc_map_at_5_max": 0.478105,
        "nauc_map_at_5_std": 0.134528,
        "nauc_map_at_5_diff1": 0.641235,
        "nauc_map_at_10_max": 0.480531,
        "nauc_map_at_10_std": 0.14991,
        "nauc_map_at_10_diff1": 0.636114,
        "nauc_map_at_20_max": 0.481759,
        "nauc_map_at_20_std": 0.155992,
        "nauc_map_at_20_diff1": 0.636461,
        "nauc_map_at_100_max": 0.482263,
        "nauc_map_at_100_std": 0.155244,
        "nauc_map_at_100_diff1": 0.637226,
        "nauc_map_at_1000_max": 0.482323,
        "nauc_map_at_1000_std": 0.154989,
        "nauc_map_at_1000_diff1": 0.637417,
        "nauc_recall_at_1_max": 0.412124,
        "nauc_recall_at_1_std": 0.09475,
        "nauc_recall_at_1_diff1": 0.680684,
        "nauc_recall_at_3_max": 0.450939,
        "nauc_recall_at_3_std": 0.141742,
        "nauc_recall_at_3_diff1": 0.585271,
        "nauc_recall_at_5_max": 0.463523,
        "nauc_recall_at_5_std": 0.166925,
        "nauc_recall_at_5_diff1": 0.553332,
        "nauc_recall_at_10_max": 0.463553,
        "nauc_recall_at_10_std": 0.25279,
        "nauc_recall_at_10_diff1": 0.491878,
        "nauc_recall_at_20_max": 0.501132,
        "nauc_recall_at_20_std": 0.423653,
        "nauc_recall_at_20_diff1": 0.473148,
        "nauc_recall_at_100_max": 0.545163,
        "nauc_recall_at_100_std": 0.590592,
        "nauc_recall_at_100_diff1": 0.447407,
        "nauc_recall_at_1000_max": 0.934632,
        "nauc_recall_at_1000_std": 0.861079,
        "nauc_recall_at_1000_diff1": 0.777001,
        "nauc_precision_at_1_max": 0.484054,
        "nauc_precision_at_1_std": 0.163167,
        "nauc_precision_at_1_diff1": 0.668976,
        "nauc_precision_at_3_max": 0.448766,
        "nauc_precision_at_3_std": 0.241712,
        "nauc_precision_at_3_diff1": 0.279053,
        "nauc_precision_at_5_max": 0.420178,
        "nauc_precision_at_5_std": 0.279826,
        "nauc_precision_at_5_diff1": 0.12339,
        "nauc_precision_at_10_max": 0.333918,
        "nauc_precision_at_10_std": 0.342254,
        "nauc_precision_at_10_diff1": -0.036341,
        "nauc_precision_at_20_max": 0.286086,
        "nauc_precision_at_20_std": 0.3873,
        "nauc_precision_at_20_diff1": -0.123141,
        "nauc_precision_at_100_max": 0.220255,
        "nauc_precision_at_100_std": 0.379072,
        "nauc_precision_at_100_diff1": -0.247403,
        "nauc_precision_at_1000_max": 0.174953,
        "nauc_precision_at_1000_std": 0.339206,
        "nauc_precision_at_1000_diff1": -0.32019,
        "nauc_mrr_at_1_max": 0.484054,
        "nauc_mrr_at_1_std": 0.163167,
        "nauc_mrr_at_1_diff1": 0.668976,
        "nauc_mrr_at_3_max": 0.495112,
        "nauc_mrr_at_3_std": 0.189309,
        "nauc_mrr_at_3_diff1": 0.626225,
        "nauc_mrr_at_5_max": 0.489458,
        "nauc_mrr_at_5_std": 0.188137,
        "nauc_mrr_at_5_diff1": 0.625106,
        "nauc_mrr_at_10_max": 0.489179,
        "nauc_mrr_at_10_std": 0.191762,
        "nauc_mrr_at_10_diff1": 0.624533,
        "nauc_mrr_at_20_max": 0.490086,
        "nauc_mrr_at_20_std": 0.194354,
        "nauc_mrr_at_20_diff1": 0.62557,
        "nauc_mrr_at_100_max": 0.490826,
        "nauc_mrr_at_100_std": 0.193252,
        "nauc_mrr_at_100_diff1": 0.626339,
        "nauc_mrr_at_1000_max": 0.490905,
        "nauc_mrr_at_1000_std": 0.193067,
        "nauc_mrr_at_1000_diff1": 0.626517,
        "main_score": 0.76457,
        "hf_subset": "default",
        "languages": [
          "eng-Latn"
        ]
      }
    ],
    "test": [
      {
        "ndcg_at_1": 0.58333,
        "ndcg_at_3": 0.68032,
        "ndcg_at_5": 0.71171,
        "ndcg_at_10": 0.72909,
        "ndcg_at_20": 0.73929,
        "ndcg_at_100": 0.7504,
        "ndcg_at_1000": 0.75339,
        "map_at_1": 0.55261,
        "map_at_3": 0.64902,
        "map_at_5": 0.66984,
        "map_at_10": 0.67873,
        "map_at_20": 0.68164,
        "map_at_100": 0.68317,
        "map_at_1000": 0.68329,
        "recall_at_1": 0.55261,
        "recall_at_3": 0.74517,
        "recall_at_5": 0.82372,
        "recall_at_10": 0.87322,
        "recall_at_20": 0.91322,
        "recall_at_100": 0.97333,
        "recall_at_1000": 0.99667,
        "precision_at_1": 0.58333,
        "precision_at_3": 0.27444,
        "precision_at_5": 0.18467,
        "precision_at_10": 0.09933,
        "precision_at_20": 0.05183,
        "precision_at_100": 0.01103,
        "precision_at_1000": 0.00113,
        "mrr_at_1": 0.583333,
        "mrr_at_3": 0.662222,
        "mrr_at_5": 0.680556,
        "mrr_at_10": 0.686034,
        "mrr_at_20": 0.688535,
        "mrr_at_100": 0.689856,
        "mrr_at_1000": 0.689972,
        "nauc_ndcg_at_1_max": 0.548528,
        "nauc_ndcg_at_1_std": 0.107829,
        "nauc_ndcg_at_1_diff1": 0.804457,
        "nauc_ndcg_at_3_max": 0.558445,
        "nauc_ndcg_at_3_std": 0.080808,
        "nauc_ndcg_at_3_diff1": 0.727765,
        "nauc_ndcg_at_5_max": 0.553886,
        "nauc_ndcg_at_5_std": 0.086281,
        "nauc_ndcg_at_5_diff1": 0.721655,
        "nauc_ndcg_at_10_max": 0.586629,
        "nauc_ndcg_at_10_std": 0.118009,
        "nauc_ndcg_at_10_diff1": 0.729827,
        "nauc_ndcg_at_20_max": 0.58335,
        "nauc_ndcg_at_20_std": 0.121124,
        "nauc_ndcg_at_20_diff1": 0.738624,
        "nauc_ndcg_at_100_max": 0.57817,
        "nauc_ndcg_at_100_std": 0.126084,
        "nauc_ndcg_at_100_diff1": 0.737496,
        "nauc_ndcg_at_1000_max": 0.575135,
        "nauc_ndcg_at_1000_std": 0.120439,
        "nauc_ndcg_at_1000_diff1": 0.742682,
        "nauc_map_at_1_max": 0.486422,
        "nauc_map_at_1_std": 0.027661,
        "nauc_map_at_1_diff1": 0.816744,
        "nauc_map_at_3_max": 0.539096,
        "nauc_map_at_3_std": 0.057211,
        "nauc_map_at_3_diff1": 0.753584,
        "nauc_map_at_5_max": 0.547713,
        "nauc_map_at_5_std": 0.077076,
        "nauc_map_at_5_diff1": 0.748687,
        "nauc_map_at_10_max": 0.563237,
        "nauc_map_at_10_std": 0.097347,
        "nauc_map_at_10_diff1": 0.751642,
        "nauc_map_at_20_max": 0.562294,
        "nauc_map_at_20_std": 0.098684,
        "nauc_map_at_20_diff1": 0.75335,
        "nauc_map_at_100_max": 0.562215,
        "nauc_map_at_100_std": 0.099497,
        "nauc_map_at_100_diff1": 0.753197,
        "nauc_map_at_1000_max": 0.562128,
        "nauc_map_at_1000_std": 0.099386,
        "nauc_map_at_1000_diff1": 0.753334,
        "nauc_recall_at_1_max": 0.486422,
        "nauc_recall_at_1_std": 0.027661,
        "nauc_recall_at_1_diff1": 0.816744,
        "nauc_recall_at_3_max": 0.532639,
        "nauc_recall_at_3_std": 0.02113,
        "nauc_recall_at_3_diff1": 0.647533,
        "nauc_recall_at_5_max": 0.536068,
        "nauc_recall_at_5_std": 0.045241,
        "nauc_recall_at_5_diff1": 0.590408,
        "nauc_recall_at_10_max": 0.693778,
        "nauc_recall_at_10_std": 0.166285,
        "nauc_recall_at_10_diff1": 0.600851,
        "nauc_recall_at_20_max": 0.707485,
        "nauc_recall_at_20_std": 0.205848,
        "nauc_recall_at_20_diff1": 0.644442,
        "nauc_recall_at_100_max": 0.73862,
        "nauc_recall_at_100_std": 0.585434,
        "nauc_recall_at_100_diff1": 0.436391,
        "nauc_recall_at_1000_max": 0.358077,
        "nauc_recall_at_1000_std": 0.869281,
        "nauc_recall_at_1000_diff1": 0.869281,
        "nauc_precision_at_1_max": 0.548528,
        "nauc_precision_at_1_std": 0.107829,
        "nauc_precision_at_1_diff1": 0.804457,
        "nauc_precision_at_3_max": 0.483773,
        "nauc_precision_at_3_std": 0.255693,
        "nauc_precision_at_3_diff1": 0.331375,
        "nauc_precision_at_5_max": 0.440699,
        "nauc_precision_at_5_std": 0.360621,
        "nauc_precision_at_5_diff1": 0.157485,
        "nauc_precision_at_10_max": 0.417566,
        "nauc_precision_at_10_std": 0.465817,
        "nauc_precision_at_10_diff1": 0.038427,
        "nauc_precision_at_20_max": 0.367101,
        "nauc_precision_at_20_std": 0.509093,
        "nauc_precision_at_20_diff1": -0.027067,
        "nauc_precision_at_100_max": 0.265341,
        "nauc_precision_at_100_std": 0.587523,
        "nauc_precision_at_100_diff1": -0.219166,
        "nauc_precision_at_1000_max": 0.211702,
        "nauc_precision_at_1000_std": 0.591857,
        "nauc_precision_at_1000_diff1": -0.279521,
        "nauc_mrr_at_1_max": 0.548528,
        "nauc_mrr_at_1_std": 0.107829,
        "nauc_mrr_at_1_diff1": 0.804457,
        "nauc_mrr_at_3_max": 0.565046,
        "nauc_mrr_at_3_std": 0.108957,
        "nauc_mrr_at_3_diff1": 0.748271,
        "nauc_mrr_at_5_max": 0.56581,
        "nauc_mrr_at_5_std": 0.116966,
        "nauc_mrr_at_5_diff1": 0.745792,
        "nauc_mrr_at_10_max": 0.576065,
        "nauc_mrr_at_10_std": 0.120392,
        "nauc_mrr_at_10_diff1": 0.750305,
        "nauc_mrr_at_20_max": 0.574544,
        "nauc_mrr_at_20_std": 0.119519,
        "nauc_mrr_at_20_diff1": 0.752038,
        "nauc_mrr_at_100_max": 0.574037,
        "nauc_mrr_at_100_std": 0.119882,
        "nauc_mrr_at_100_diff1": 0.752047,
        "nauc_mrr_at_1000_max": 0.573955,
        "nauc_mrr_at_1000_std": 0.11978,
        "nauc_mrr_at_1000_diff1": 0.752186,
        "main_score": 0.72909,
        "hf_subset": "default",
        "languages": [
          "eng-Latn"
        ]
      }
    ]
  },
  "evaluation_time": 29.95310878753662,
  "kg_co2_emissions": null
}