{
  "dataset_revision": "20a6d6f312dd54037fe07a32d58e5e168867909d",
  "task_name": "SICK-R",
  "mteb_version": "1.26.3",
  "scores": {
    "test": [
      {
        "pearson": 0.808227,
        "spearman": 0.761022,
        "cosine_pearson": 0.808227,
        "cosine_spearman": 0.761022,
        "manhattan_pearson": 0.78019,
        "manhattan_spearman": 0.760309,
        "euclidean_pearson": 0.780932,
        "euclidean_spearman": 0.761022,
        "main_score": 0.761022,
        "hf_subset": "default",
        "languages": [
          "eng-Latn"
        ]
      }
    ]
  },
  "evaluation_time": 2.8736891746520996,
  "kg_co2_emissions": null
}