{
  "dataset_revision": "d66bd1f72af766a5cc4b0ca5e00c162f89e8cc46",
  "task_name": "SprintDuplicateQuestions",
  "mteb_version": "1.26.3",
  "scores": {
    "validation": [
      {
        "similarity_accuracy": 0.998109,
        "similarity_accuracy_threshold": 0.783514,
        "similarity_f1": 0.903584,
        "similarity_f1_threshold": 0.783514,
        "similarity_precision": 0.912334,
        "similarity_recall": 0.895,
        "similarity_ap": 0.953601,
        "cosine_accuracy": 0.998109,
        "cosine_accuracy_threshold": 0.783514,
        "cosine_f1": 0.903584,
        "cosine_f1_threshold": 0.783514,
        "cosine_precision": 0.912334,
        "cosine_recall": 0.895,
        "cosine_ap": 0.953601,
        "manhattan_accuracy": 0.998129,
        "manhattan_accuracy_threshold": 14.443812,
        "manhattan_f1": 0.904207,
        "manhattan_f1_threshold": 14.443812,
        "manhattan_precision": 0.916752,
        "manhattan_recall": 0.892,
        "manhattan_ap": 0.953705,
        "euclidean_accuracy": 0.998109,
        "euclidean_accuracy_threshold": 0.658006,
        "euclidean_f1": 0.903584,
        "euclidean_f1_threshold": 0.658006,
        "euclidean_precision": 0.912334,
        "euclidean_recall": 0.895,
        "euclidean_ap": 0.953601,
        "dot_accuracy": 0.998109,
        "dot_accuracy_threshold": 0.783514,
        "dot_f1": 0.903584,
        "dot_f1_threshold": 0.783514,
        "dot_precision": 0.912334,
        "dot_recall": 0.895,
        "dot_ap": 0.953601,
        "max_accuracy": 0.998129,
        "max_f1": 0.904207,
        "max_precision": 0.916752,
        "max_recall": 0.895,
        "max_ap": 0.953705,
        "main_score": 0.953705,
        "hf_subset": "default",
        "languages": [
          "eng-Latn"
        ]
      }
    ],
    "test": [
      {
        "similarity_accuracy": 0.998119,
        "similarity_accuracy_threshold": 0.783131,
        "similarity_f1": 0.905378,
        "similarity_f1_threshold": 0.782455,
        "similarity_precision": 0.901786,
        "similarity_recall": 0.909,
        "similarity_ap": 0.951759,
        "cosine_accuracy": 0.998119,
        "cosine_accuracy_threshold": 0.783131,
        "cosine_f1": 0.905378,
        "cosine_f1_threshold": 0.782455,
        "cosine_precision": 0.901786,
        "cosine_recall": 0.909,
        "cosine_ap": 0.951759,
        "manhattan_accuracy": 0.998139,
        "manhattan_accuracy_threshold": 14.471792,
        "manhattan_f1": 0.906,
        "manhattan_f1_threshold": 14.476672,
        "manhattan_precision": 0.906,
        "manhattan_recall": 0.906,
        "manhattan_ap": 0.951685,
        "euclidean_accuracy": 0.998119,
        "euclidean_accuracy_threshold": 0.658588,
        "euclidean_f1": 0.905378,
        "euclidean_f1_threshold": 0.659614,
        "euclidean_precision": 0.901786,
        "euclidean_recall": 0.909,
        "euclidean_ap": 0.951759,
        "dot_accuracy": 0.998119,
        "dot_accuracy_threshold": 0.783131,
        "dot_f1": 0.905378,
        "dot_f1_threshold": 0.782455,
        "dot_precision": 0.901786,
        "dot_recall": 0.909,
        "dot_ap": 0.951759,
        "max_accuracy": 0.998139,
        "max_f1": 0.906,
        "max_precision": 0.906,
        "max_recall": 0.909,
        "max_ap": 0.951759,
        "main_score": 0.951759,
        "hf_subset": "default",
        "languages": [
          "eng-Latn"
        ]
      }
    ]
  },
  "evaluation_time": 43.12658667564392,
  "kg_co2_emissions": null
}