{
  "dataset_revision": "e185fbe320c72810689fc5848eb6114e1ef5ec69",
  "task_name": "StackOverflowDupQuestions",
  "mteb_version": "1.26.3",
  "scores": {
    "test": [
      {
        "map": 0.509383,
        "mrr": 0.515184,
        "nAUC_map_max": 0.128008,
        "nAUC_map_std": 0.068132,
        "nAUC_map_diff1": 0.393126,
        "nAUC_mrr_max": 0.135173,
        "nAUC_mrr_std": 0.077558,
        "nAUC_mrr_diff1": 0.389713,
        "main_score": 0.509383,
        "hf_subset": "default",
        "languages": [
          "eng-Latn"
        ]
      }
    ]
  },
  "evaluation_time": 15.512077569961548,
  "kg_co2_emissions": null
}