{
  "dataset_revision": "4d8694f8f0e0100860b497b999b3dbed754a0513",
  "task_name": "STS16",
  "mteb_version": "1.26.3",
  "scores": {
    "test": [
      {
        "pearson": 0.797903,
        "spearman": 0.809688,
        "cosine_pearson": 0.797903,
        "cosine_spearman": 0.809686,
        "manhattan_pearson": 0.799527,
        "manhattan_spearman": 0.80881,
        "euclidean_pearson": 0.800188,
        "euclidean_spearman": 0.809686,
        "main_score": 0.809686,
        "hf_subset": "default",
        "languages": [
          "eng-Latn"
        ]
      }
    ]
  },
  "evaluation_time": 0.5255954265594482,
  "kg_co2_emissions": null
}