{
  "dataset_revision": "b0fddb56ed78048fa8b90373c8a3cfc37b684831",
  "task_name": "STSBenchmark",
  "mteb_version": "1.26.3",
  "scores": {
    "test": [
      {
        "pearson": 0.817171,
        "spearman": 0.820162,
        "cosine_pearson": 0.817171,
        "cosine_spearman": 0.820162,
        "manhattan_pearson": 0.819137,
        "manhattan_spearman": 0.820143,
        "euclidean_pearson": 0.819097,
        "euclidean_spearman": 0.820162,
        "main_score": 0.820162,
        "hf_subset": "default",
        "languages": [
          "eng-Latn"
        ]
      }
    ]
  },
  "evaluation_time": 0.5011403560638428,
  "kg_co2_emissions": null
}