{
  "dataset_revision": "6125ec4e24fa026cec8a478383ee943acfbd5449",
  "task_name": "TwentyNewsgroupsClustering",
  "mteb_version": "1.26.3",
  "scores": {
    "test": [
      {
        "v_measure": 0.442676,
        "v_measure_std": 0.016769,
        "v_measures": [
          0.447654,
          0.472805,
          0.427653,
          0.424234,
          0.444983,
          0.448008,
          0.470653,
          0.426336,
          0.434585,
          0.429846
        ],
        "main_score": 0.442676,
        "hf_subset": "default",
        "languages": [
          "eng-Latn"
        ]
      }
    ]
  },
  "evaluation_time": 10.394415378570557,
  "kg_co2_emissions": null
}