{
  "dataset_revision": "c22ab2a51041ffd869aaddef7af8d8215647e41a",
  "task_name": "ArguAna",
  "mteb_version": "1.26.3",
  "scores": {
    "test": [
      {
        "ndcg_at_1": 0.16074,
        "ndcg_at_3": 0.27265,
        "ndcg_at_5": 0.31852,
        "ndcg_at_10": 0.36787,
        "ndcg_at_20": 0.40466,
        "ndcg_at_100": 0.43403,
        "ndcg_at_1000": 0.44289,
        "map_at_1": 0.16074,
        "map_at_3": 0.24455,
        "map_at_5": 0.26976,
        "map_at_10": 0.29034,
        "map_at_20": 0.30049,
        "map_at_100": 0.30478,
        "map_at_1000": 0.30512,
        "recall_at_1": 0.16074,
        "recall_at_3": 0.3542,
        "recall_at_5": 0.46657,
        "recall_at_10": 0.61807,
        "recall_at_20": 0.76316,
        "recall_at_100": 0.91821,
        "recall_at_1000": 0.9872,
        "precision_at_1": 0.16074,
        "precision_at_3": 0.11807,
        "precision_at_5": 0.09331,
        "precision_at_10": 0.06181,
        "precision_at_20": 0.03816,
        "precision_at_100": 0.00918,
        "precision_at_1000": 0.00099,
        "mrr_at_1": 0.161451,
        "mrr_at_3": 0.244784,
        "mrr_at_5": 0.269784,
        "mrr_at_10": 0.29067,
        "mrr_at_20": 0.300755,
        "mrr_at_100": 0.305038,
        "mrr_at_1000": 0.305386,
        "nauc_ndcg_at_1_max": -0.069984,
        "nauc_ndcg_at_1_std": -0.046411,
        "nauc_ndcg_at_1_diff1": 0.122931,
        "nauc_ndcg_at_3_max": -0.025703,
        "nauc_ndcg_at_3_std": -0.033133,
        "nauc_ndcg_at_3_diff1": 0.092409,
        "nauc_ndcg_at_5_max": -0.033217,
        "nauc_ndcg_at_5_std": -0.032105,
        "nauc_ndcg_at_5_diff1": 0.080005,
        "nauc_ndcg_at_10_max": -0.014395,
        "nauc_ndcg_at_10_std": -0.011493,
        "nauc_ndcg_at_10_diff1": 0.099486,
        "nauc_ndcg_at_20_max": 0.001544,
        "nauc_ndcg_at_20_std": 0.009042,
        "nauc_ndcg_at_20_diff1": 0.109312,
        "nauc_ndcg_at_100_max": -0.008879,
        "nauc_ndcg_at_100_std": 0.013259,
        "nauc_ndcg_at_100_diff1": 0.103173,
        "nauc_ndcg_at_1000_max": -0.016537,
        "nauc_ndcg_at_1000_std": -0.001219,
        "nauc_ndcg_at_1000_diff1": 0.102717,
        "nauc_map_at_1_max": -0.069984,
        "nauc_map_at_1_std": -0.046411,
        "nauc_map_at_1_diff1": 0.122931,
        "nauc_map_at_3_max": -0.036204,
        "nauc_map_at_3_std": -0.038335,
        "nauc_map_at_3_diff1": 0.097088,
        "nauc_map_at_5_max": -0.040091,
        "nauc_map_at_5_std": -0.037399,
        "nauc_map_at_5_diff1": 0.090582,
        "nauc_map_at_10_max": -0.032397,
        "nauc_map_at_10_std": -0.029159,
        "nauc_map_at_10_diff1": 0.09911,
        "nauc_map_at_20_max": -0.028101,
        "nauc_map_at_20_std": -0.02417,
        "nauc_map_at_20_diff1": 0.101841,
        "nauc_map_at_100_max": -0.029891,
        "nauc_map_at_100_std": -0.023334,
        "nauc_map_at_100_diff1": 0.101128,
        "nauc_map_at_1000_max": -0.030172,
        "nauc_map_at_1000_std": -0.023792,
        "nauc_map_at_1000_diff1": 0.101156,
        "nauc_recall_at_1_max": -0.069984,
        "nauc_recall_at_1_std": -0.046411,
        "nauc_recall_at_1_diff1": 0.122931,
        "nauc_recall_at_3_max": 0.000128,
        "nauc_recall_at_3_std": -0.019744,
        "nauc_recall_at_3_diff1": 0.081638,
        "nauc_recall_at_5_max": -0.017543,
        "nauc_recall_at_5_std": -0.018684,
        "nauc_recall_at_5_diff1": 0.05265,
        "nauc_recall_at_10_max": 0.041916,
        "nauc_recall_at_10_std": 0.046834,
        "nauc_recall_at_10_diff1": 0.106261,
        "nauc_recall_at_20_max": 0.141294,
        "nauc_recall_at_20_std": 0.175458,
        "nauc_recall_at_20_diff1": 0.157041,
        "nauc_recall_at_100_max": 0.203616,
        "nauc_recall_at_100_std": 0.476815,
        "nauc_recall_at_100_diff1": 0.129345,
        "nauc_recall_at_1000_max": 0.238327,
        "nauc_recall_at_1000_std": 0.779912,
        "nauc_recall_at_1000_diff1": 0.143032,
        "nauc_precision_at_1_max": -0.069984,
        "nauc_precision_at_1_std": -0.046411,
        "nauc_precision_at_1_diff1": 0.122931,
        "nauc_precision_at_3_max": 0.000128,
        "nauc_precision_at_3_std": -0.019744,
        "nauc_precision_at_3_diff1": 0.081638,
        "nauc_precision_at_5_max": -0.017543,
        "nauc_precision_at_5_std": -0.018684,
        "nauc_precision_at_5_diff1": 0.05265,
        "nauc_precision_at_10_max": 0.041916,
        "nauc_precision_at_10_std": 0.046834,
        "nauc_precision_at_10_diff1": 0.106261,
        "nauc_precision_at_20_max": 0.141294,
        "nauc_precision_at_20_std": 0.175458,
        "nauc_precision_at_20_diff1": 0.157041,
        "nauc_precision_at_100_max": 0.203616,
        "nauc_precision_at_100_std": 0.476815,
        "nauc_precision_at_100_diff1": 0.129345,
        "nauc_precision_at_1000_max": 0.238327,
        "nauc_precision_at_1000_std": 0.779912,
        "nauc_precision_at_1000_diff1": 0.143032,
        "nauc_mrr_at_1_max": -0.068113,
        "nauc_mrr_at_1_std": -0.042909,
        "nauc_mrr_at_1_diff1": 0.119615,
        "nauc_mrr_at_3_max": -0.036182,
        "nauc_mrr_at_3_std": -0.037368,
        "nauc_mrr_at_3_diff1": 0.095078,
        "nauc_mrr_at_5_max": -0.041634,
        "nauc_mrr_at_5_std": -0.037118,
        "nauc_mrr_at_5_diff1": 0.08729,
        "nauc_mrr_at_10_max": -0.032287,
        "nauc_mrr_at_10_std": -0.028244,
        "nauc_mrr_at_10_diff1": 0.096694,
        "nauc_mrr_at_20_max": -0.028286,
        "nauc_mrr_at_20_std": -0.023104,
        "nauc_mrr_at_20_diff1": 0.09955,
        "nauc_mrr_at_100_max": -0.030076,
        "nauc_mrr_at_100_std": -0.022256,
        "nauc_mrr_at_100_diff1": 0.098809,
        "nauc_mrr_at_1000_max": -0.030356,
        "nauc_mrr_at_1000_std": -0.022712,
        "nauc_mrr_at_1000_diff1": 0.098834,
        "main_score": 0.36787,
        "hf_subset": "default",
        "languages": [
          "eng-Latn"
        ]
      }
    ]
  },
  "evaluation_time": 21.14427947998047,
  "kg_co2_emissions": null
}