{
  "dataset_revision": "0fd18e25b25c072e09e0d92ab615fda904d66300",
  "task_name": "Banking77Classification",
  "mteb_version": "1.26.3",
  "scores": {
    "test": [
      {
        "accuracy": 0.714221,
        "f1": 0.713872,
        "f1_weighted": 0.713872,
        "scores_per_experiment": [
          {
            "accuracy": 0.717208,
            "f1": 0.71713,
            "f1_weighted": 0.71713
          },
          {
            "accuracy": 0.717208,
            "f1": 0.71788,
            "f1_weighted": 0.71788
          },
          {
            "accuracy": 0.721753,
            "f1": 0.721602,
            "f1_weighted": 0.721602
          },
          {
            "accuracy": 0.727922,
            "f1": 0.727147,
            "f1_weighted": 0.727147
          },
          {
            "accuracy": 0.718831,
            "f1": 0.718212,
            "f1_weighted": 0.718212
          },
          {
            "accuracy": 0.702597,
            "f1": 0.701445,
            "f1_weighted": 0.701445
          },
          {
            "accuracy": 0.721429,
            "f1": 0.719812,
            "f1_weighted": 0.719812
          },
          {
            "accuracy": 0.694156,
            "f1": 0.694448,
            "f1_weighted": 0.694448
          },
          {
            "accuracy": 0.714286,
            "f1": 0.714584,
            "f1_weighted": 0.714584
          },
          {
            "accuracy": 0.706818,
            "f1": 0.70646,
            "f1_weighted": 0.70646
          }
        ],
        "main_score": 0.714221,
        "hf_subset": "default",
        "languages": [
          "eng-Latn"
        ]
      }
    ]
  },
  "evaluation_time": 14.09862995147705,
  "kg_co2_emissions": null
}