{
  "dataset_revision": "258694dd0231531bc1fd9de6ceb52a0853c6d908",
  "task_name": "BiorxivClusteringS2S",
  "mteb_version": "1.26.3",
  "scores": {
    "test": [
      {
        "v_measure": 0.251126,
        "v_measure_std": 0.003426,
        "v_measures": [
          0.246388,
          0.249275,
          0.25352,
          0.247419,
          0.255289,
          0.248818,
          0.248011,
          0.25258,
          0.256963,
          0.252997
        ],
        "main_score": 0.251126,
        "hf_subset": "default",
        "languages": [
          "eng-Latn"
        ]
      }
    ]
  },
  "evaluation_time": 22.09250497817993,
  "kg_co2_emissions": null
}