{
  "dataset_revision": "4f58c6b202a23cf9a4da393831edf4f9183cad37",
  "task_name": "EmotionClassification",
  "mteb_version": "1.26.3",
  "scores": {
    "validation": [
      {
        "accuracy": 0.4378,
        "f1": 0.388243,
        "f1_weighted": 0.456455,
        "scores_per_experiment": [
          {
            "accuracy": 0.4795,
            "f1": 0.420109,
            "f1_weighted": 0.501034
          },
          {
            "accuracy": 0.484,
            "f1": 0.409003,
            "f1_weighted": 0.492168
          },
          {
            "accuracy": 0.4785,
            "f1": 0.412898,
            "f1_weighted": 0.491301
          },
          {
            "accuracy": 0.4275,
            "f1": 0.383432,
            "f1_weighted": 0.455659
          },
          {
            "accuracy": 0.4475,
            "f1": 0.404226,
            "f1_weighted": 0.469266
          },
          {
            "accuracy": 0.4155,
            "f1": 0.361992,
            "f1_weighted": 0.430605
          },
          {
            "accuracy": 0.4125,
            "f1": 0.371505,
            "f1_weighted": 0.43969
          },
          {
            "accuracy": 0.3665,
            "f1": 0.348091,
            "f1_weighted": 0.38552
          },
          {
            "accuracy": 0.469,
            "f1": 0.402069,
            "f1_weighted": 0.472343
          },
          {
            "accuracy": 0.3975,
            "f1": 0.369105,
            "f1_weighted": 0.426964
          }
        ],
        "main_score": 0.4378,
        "hf_subset": "default",
        "languages": [
          "eng-Latn"
        ]
      }
    ],
    "test": [
      {
        "accuracy": 0.4349,
        "f1": 0.38407,
        "f1_weighted": 0.454014,
        "scores_per_experiment": [
          {
            "accuracy": 0.4875,
            "f1": 0.42536,
            "f1_weighted": 0.512626
          },
          {
            "accuracy": 0.478,
            "f1": 0.414475,
            "f1_weighted": 0.482446
          },
          {
            "accuracy": 0.4595,
            "f1": 0.393328,
            "f1_weighted": 0.476462
          },
          {
            "accuracy": 0.428,
            "f1": 0.389186,
            "f1_weighted": 0.458062
          },
          {
            "accuracy": 0.431,
            "f1": 0.380658,
            "f1_weighted": 0.456114
          },
          {
            "accuracy": 0.4205,
            "f1": 0.363967,
            "f1_weighted": 0.436545
          },
          {
            "accuracy": 0.4225,
            "f1": 0.378116,
            "f1_weighted": 0.449409
          },
          {
            "accuracy": 0.3655,
            "f1": 0.341647,
            "f1_weighted": 0.379401
          },
          {
            "accuracy": 0.443,
            "f1": 0.379699,
            "f1_weighted": 0.444797
          },
          {
            "accuracy": 0.4135,
            "f1": 0.374259,
            "f1_weighted": 0.444274
          }
        ],
        "main_score": 0.4349,
        "hf_subset": "default",
        "languages": [
          "eng-Latn"
        ]
      }
    ]
  },
  "evaluation_time": 10.352516174316406,
  "kg_co2_emissions": null
}