{
  "dataset_revision": "4672e20407010da34463acc759c162ca9734bca6",
  "task_name": "MassiveIntentClassification",
  "mteb_version": "1.26.3",
  "scores": {
    "validation": [
      {
        "accuracy": 0.617708,
        "f1": 0.610051,
        "f1_weighted": 0.624245,
        "scores_per_experiment": [
          {
            "accuracy": 0.613379,
            "f1": 0.600245,
            "f1_weighted": 0.622594
          },
          {
            "accuracy": 0.627644,
            "f1": 0.607662,
            "f1_weighted": 0.638034
          },
          {
            "accuracy": 0.620266,
            "f1": 0.609084,
            "f1_weighted": 0.62591
          },
          {
            "accuracy": 0.638465,
            "f1": 0.618866,
            "f1_weighted": 0.645613
          },
          {
            "accuracy": 0.610428,
            "f1": 0.607035,
            "f1_weighted": 0.618873
          },
          {
            "accuracy": 0.600098,
            "f1": 0.598497,
            "f1_weighted": 0.608512
          },
          {
            "accuracy": 0.60846,
            "f1": 0.606672,
            "f1_weighted": 0.613231
          },
          {
            "accuracy": 0.614363,
            "f1": 0.614665,
            "f1_weighted": 0.616982
          },
          {
            "accuracy": 0.61092,
            "f1": 0.615862,
            "f1_weighted": 0.618514
          },
          {
            "accuracy": 0.633055,
            "f1": 0.621926,
            "f1_weighted": 0.634191
          }
        ],
        "main_score": 0.617708,
        "hf_subset": "en",
        "languages": [
          "eng-Latn"
        ]
      }
    ],
    "test": [
      {
        "accuracy": 0.603833,
        "f1": 0.594196,
        "f1_weighted": 0.610176,
        "scores_per_experiment": [
          {
            "accuracy": 0.604909,
            "f1": 0.602316,
            "f1_weighted": 0.614044
          },
          {
            "accuracy": 0.619704,
            "f1": 0.599654,
            "f1_weighted": 0.624812
          },
          {
            "accuracy": 0.616342,
            "f1": 0.596827,
            "f1_weighted": 0.61689
          },
          {
            "accuracy": 0.624075,
            "f1": 0.601467,
            "f1_weighted": 0.631854
          },
          {
            "accuracy": 0.588433,
            "f1": 0.582419,
            "f1_weighted": 0.59648
          },
          {
            "accuracy": 0.577337,
            "f1": 0.573595,
            "f1_weighted": 0.585469
          },
          {
            "accuracy": 0.593141,
            "f1": 0.584968,
            "f1_weighted": 0.599815
          },
          {
            "accuracy": 0.605582,
            "f1": 0.594599,
            "f1_weighted": 0.608733
          },
          {
            "accuracy": 0.610289,
            "f1": 0.612812,
            "f1_weighted": 0.620946
          },
          {
            "accuracy": 0.598521,
            "f1": 0.5933,
            "f1_weighted": 0.602722
          }
        ],
        "main_score": 0.603833,
        "hf_subset": "en",
        "languages": [
          "eng-Latn"
        ]
      }
    ]
  },
  "evaluation_time": 8.476012706756592,
  "kg_co2_emissions": null
}