{
  "dataset_revision": "35191c8c0dca72d8ff3efcd72aa802307d469663",
  "task_name": "MedrxivClusteringS2S",
  "mteb_version": "1.26.3",
  "scores": {
    "test": [
      {
        "v_measure": 0.251914,
        "v_measure_std": 0.01285,
        "v_measures": [
          0.24079,
          0.236275,
          0.238635,
          0.243148,
          0.238785,
          0.272021,
          0.262053,
          0.265139,
          0.262702,
          0.259595
        ],
        "main_score": 0.251914,
        "hf_subset": "default",
        "languages": [
          "eng-Latn"
        ]
      }
    ]
  },
  "evaluation_time": 13.44918179512024,
  "kg_co2_emissions": null
}