{
  "dataset_revision": "ec0fa4fe99da2ff19ca1214b7966684033a58814",
  "task_name": "NFCorpus",
  "mteb_version": "1.26.3",
  "scores": {
    "test": [
      {
        "ndcg_at_1": 0.18111,
        "ndcg_at_3": 0.15341,
        "ndcg_at_5": 0.14723,
        "ndcg_at_10": 0.13446,
        "ndcg_at_20": 0.12568,
        "ndcg_at_100": 0.13399,
        "ndcg_at_1000": 0.23698,
        "map_at_1": 0.01638,
        "map_at_3": 0.0254,
        "map_at_5": 0.02964,
        "map_at_10": 0.03267,
        "map_at_20": 0.03614,
        "map_at_100": 0.04342,
        "map_at_1000": 0.05416,
        "recall_at_1": 0.01638,
        "recall_at_3": 0.03376,
        "recall_at_5": 0.0451,
        "recall_at_10": 0.05568,
        "recall_at_20": 0.07342,
        "recall_at_100": 0.15619,
        "recall_at_1000": 0.51983,
        "precision_at_1": 0.20124,
        "precision_at_3": 0.14551,
        "precision_at_5": 0.13127,
        "precision_at_10": 0.10372,
        "precision_at_20": 0.08251,
        "precision_at_100": 0.04331,
        "precision_at_1000": 0.01763,
        "mrr_at_1": 0.201238,
        "mrr_at_3": 0.25387,
        "mrr_at_5": 0.266563,
        "mrr_at_10": 0.277784,
        "mrr_at_20": 0.283406,
        "mrr_at_100": 0.287199,
        "mrr_at_1000": 0.288232,
        "nauc_ndcg_at_1_max": 0.006535,
        "nauc_ndcg_at_1_std": 0.060908,
        "nauc_ndcg_at_1_diff1": 0.208818,
        "nauc_ndcg_at_3_max": 0.038784,
        "nauc_ndcg_at_3_std": 0.063343,
        "nauc_ndcg_at_3_diff1": 0.110942,
        "nauc_ndcg_at_5_max": 0.050093,
        "nauc_ndcg_at_5_std": 0.094744,
        "nauc_ndcg_at_5_diff1": 0.080917,
        "nauc_ndcg_at_10_max": 0.060373,
        "nauc_ndcg_at_10_std": 0.12298,
        "nauc_ndcg_at_10_diff1": 0.076604,
        "nauc_ndcg_at_20_max": 0.068858,
        "nauc_ndcg_at_20_std": 0.121646,
        "nauc_ndcg_at_20_diff1": 0.104397,
        "nauc_ndcg_at_100_max": 0.138986,
        "nauc_ndcg_at_100_std": 0.150483,
        "nauc_ndcg_at_100_diff1": 0.115602,
        "nauc_ndcg_at_1000_max": 0.219056,
        "nauc_ndcg_at_1000_std": 0.204439,
        "nauc_ndcg_at_1000_diff1": 0.115565,
        "nauc_map_at_1_max": 0.059197,
        "nauc_map_at_1_std": -0.125851,
        "nauc_map_at_1_diff1": 0.301555,
        "nauc_map_at_3_max": 0.129758,
        "nauc_map_at_3_std": -0.106409,
        "nauc_map_at_3_diff1": 0.218604,
        "nauc_map_at_5_max": 0.131522,
        "nauc_map_at_5_std": -0.060373,
        "nauc_map_at_5_diff1": 0.183178,
        "nauc_map_at_10_max": 0.138404,
        "nauc_map_at_10_std": -0.039756,
        "nauc_map_at_10_diff1": 0.18809,
        "nauc_map_at_20_max": 0.137816,
        "nauc_map_at_20_std": -0.029051,
        "nauc_map_at_20_diff1": 0.197878,
        "nauc_map_at_100_max": 0.143534,
        "nauc_map_at_100_std": 0.03065,
        "nauc_map_at_100_diff1": 0.177852,
        "nauc_map_at_1000_max": 0.144323,
        "nauc_map_at_1000_std": 0.088304,
        "nauc_map_at_1000_diff1": 0.15758,
        "nauc_recall_at_1_max": 0.059197,
        "nauc_recall_at_1_std": -0.125851,
        "nauc_recall_at_1_diff1": 0.301555,
        "nauc_recall_at_3_max": 0.15021,
        "nauc_recall_at_3_std": -0.08776,
        "nauc_recall_at_3_diff1": 0.141923,
        "nauc_recall_at_5_max": 0.142902,
        "nauc_recall_at_5_std": -0.017295,
        "nauc_recall_at_5_diff1": 0.083344,
        "nauc_recall_at_10_max": 0.160586,
        "nauc_recall_at_10_std": 0.009321,
        "nauc_recall_at_10_diff1": 0.109549,
        "nauc_recall_at_20_max": 0.134999,
        "nauc_recall_at_20_std": 0.010091,
        "nauc_recall_at_20_diff1": 0.151941,
        "nauc_recall_at_100_max": 0.125563,
        "nauc_recall_at_100_std": 0.142018,
        "nauc_recall_at_100_diff1": 0.062008,
        "nauc_recall_at_1000_max": 0.156926,
        "nauc_recall_at_1000_std": 0.154678,
        "nauc_recall_at_1000_diff1": 0.060948,
        "nauc_precision_at_1_max": 0.063484,
        "nauc_precision_at_1_std": 0.061541,
        "nauc_precision_at_1_diff1": 0.204829,
        "nauc_precision_at_3_max": 0.065987,
        "nauc_precision_at_3_std": 0.102712,
        "nauc_precision_at_3_diff1": 0.048182,
        "nauc_precision_at_5_max": 0.056806,
        "nauc_precision_at_5_std": 0.174419,
        "nauc_precision_at_5_diff1": 0.004034,
        "nauc_precision_at_10_max": 0.04915,
        "nauc_precision_at_10_std": 0.233451,
        "nauc_precision_at_10_diff1": 0.001452,
        "nauc_precision_at_20_max": 0.027955,
        "nauc_precision_at_20_std": 0.235971,
        "nauc_precision_at_20_diff1": 0.025991,
        "nauc_precision_at_100_max": 0.012592,
        "nauc_precision_at_100_std": 0.29881,
        "nauc_precision_at_100_diff1": -0.011956,
        "nauc_precision_at_1000_max": -0.008804,
        "nauc_precision_at_1000_std": 0.2663,
        "nauc_precision_at_1000_diff1": 0.002543,
        "nauc_mrr_at_1_max": 0.063484,
        "nauc_mrr_at_1_std": 0.061541,
        "nauc_mrr_at_1_diff1": 0.204829,
        "nauc_mrr_at_3_max": 0.079831,
        "nauc_mrr_at_3_std": 0.087896,
        "nauc_mrr_at_3_diff1": 0.156128,
        "nauc_mrr_at_5_max": 0.084284,
        "nauc_mrr_at_5_std": 0.091454,
        "nauc_mrr_at_5_diff1": 0.146517,
        "nauc_mrr_at_10_max": 0.099046,
        "nauc_mrr_at_10_std": 0.096649,
        "nauc_mrr_at_10_diff1": 0.14544,
        "nauc_mrr_at_20_max": 0.10163,
        "nauc_mrr_at_20_std": 0.10116,
        "nauc_mrr_at_20_diff1": 0.145603,
        "nauc_mrr_at_100_max": 0.102614,
        "nauc_mrr_at_100_std": 0.100444,
        "nauc_mrr_at_100_diff1": 0.146412,
        "nauc_mrr_at_1000_max": 0.102524,
        "nauc_mrr_at_1000_std": 0.100145,
        "nauc_mrr_at_1000_diff1": 0.146431,
        "main_score": 0.13446,
        "hf_subset": "default",
        "languages": [
          "eng-Latn"
        ]
      }
    ]
  },
  "evaluation_time": 11.64178991317749,
  "kg_co2_emissions": null
}