{
  "dataset_revision": "d3c5e1fc0b855ab6097bf1cda04dd73947d7caab",
  "task_name": "SciDocsRR",
  "mteb_version": "1.26.3",
  "scores": {
    "test": [
      {
        "map": 0.700181,
        "mrr": 0.892795,
        "nAUC_map_max": 0.553083,
        "nAUC_map_std": 0.639956,
        "nAUC_map_diff1": 0.091346,
        "nAUC_mrr_max": 0.699665,
        "nAUC_mrr_std": 0.619257,
        "nAUC_mrr_diff1": 0.438772,
        "main_score": 0.700181,
        "hf_subset": "default",
        "languages": [
          "eng-Latn"
        ]
      }
    ]
  },
  "evaluation_time": 27.966655015945435,
  "kg_co2_emissions": null
}