{
  "dataset_revision": "0228b52cf27578f30900b9e5271d331663a030d7",
  "task_name": "SciFact",
  "mteb_version": "1.26.3",
  "scores": {
    "train": [
      {
        "ndcg_at_1": 0.21261,
        "ndcg_at_3": 0.27859,
        "ndcg_at_5": 0.30054,
        "ndcg_at_10": 0.32453,
        "ndcg_at_20": 0.34942,
        "ndcg_at_100": 0.3889,
        "ndcg_at_1000": 0.41424,
        "map_at_1": 0.19808,
        "map_at_3": 0.25667,
        "map_at_5": 0.26933,
        "map_at_10": 0.27962,
        "map_at_20": 0.28681,
        "map_at_100": 0.29264,
        "map_at_1000": 0.29354,
        "recall_at_1": 0.19808,
        "recall_at_3": 0.32229,
        "recall_at_5": 0.37699,
        "recall_at_10": 0.4479,
        "recall_at_20": 0.54322,
        "recall_at_100": 0.7501,
        "recall_at_1000": 0.95056,
        "precision_at_1": 0.21261,
        "precision_at_3": 0.12031,
        "precision_at_5": 0.08405,
        "precision_at_10": 0.05117,
        "precision_at_20": 0.03103,
        "precision_at_100": 0.00857,
        "precision_at_1000": 0.00108,
        "mrr_at_1": 0.212608,
        "mrr_at_3": 0.272559,
        "mrr_at_5": 0.285352,
        "mrr_at_10": 0.294522,
        "mrr_at_20": 0.301139,
        "mrr_at_100": 0.30618,
        "mrr_at_1000": 0.30695,
        "nauc_ndcg_at_1_max": 0.131648,
        "nauc_ndcg_at_1_std": -0.011142,
        "nauc_ndcg_at_1_diff1": 0.373976,
        "nauc_ndcg_at_3_max": 0.110324,
        "nauc_ndcg_at_3_std": 0.028978,
        "nauc_ndcg_at_3_diff1": 0.294892,
        "nauc_ndcg_at_5_max": 0.08253,
        "nauc_ndcg_at_5_std": 0.033613,
        "nauc_ndcg_at_5_diff1": 0.294264,
        "nauc_ndcg_at_10_max": 0.092806,
        "nauc_ndcg_at_10_std": 0.04751,
        "nauc_ndcg_at_10_diff1": 0.283865,
        "nauc_ndcg_at_20_max": 0.098811,
        "nauc_ndcg_at_20_std": 0.05611,
        "nauc_ndcg_at_20_diff1": 0.296997,
        "nauc_ndcg_at_100_max": 0.105993,
        "nauc_ndcg_at_100_std": 0.076317,
        "nauc_ndcg_at_100_diff1": 0.301903,
        "nauc_ndcg_at_1000_max": 0.106458,
        "nauc_ndcg_at_1000_std": 0.060297,
        "nauc_ndcg_at_1000_diff1": 0.303284,
        "nauc_map_at_1_max": 0.112008,
        "nauc_map_at_1_std": -0.020692,
        "nauc_map_at_1_diff1": 0.377832,
        "nauc_map_at_3_max": 0.10906,
        "nauc_map_at_3_std": 0.017094,
        "nauc_map_at_3_diff1": 0.31347,
        "nauc_map_at_5_max": 0.095412,
        "nauc_map_at_5_std": 0.021101,
        "nauc_map_at_5_diff1": 0.311881,
        "nauc_map_at_10_max": 0.099311,
        "nauc_map_at_10_std": 0.028283,
        "nauc_map_at_10_diff1": 0.307303,
        "nauc_map_at_20_max": 0.1013,
        "nauc_map_at_20_std": 0.032216,
        "nauc_map_at_20_diff1": 0.311524,
        "nauc_map_at_100_max": 0.102504,
        "nauc_map_at_100_std": 0.035134,
        "nauc_map_at_100_diff1": 0.312178,
        "nauc_map_at_1000_max": 0.102527,
        "nauc_map_at_1000_std": 0.034675,
        "nauc_map_at_1000_diff1": 0.312117,
        "nauc_recall_at_1_max": 0.112008,
        "nauc_recall_at_1_std": -0.020692,
        "nauc_recall_at_1_diff1": 0.377832,
        "nauc_recall_at_3_max": 0.094433,
        "nauc_recall_at_3_std": 0.047045,
        "nauc_recall_at_3_diff1": 0.254544,
        "nauc_recall_at_5_max": 0.034735,
        "nauc_recall_at_5_std": 0.0594,
        "nauc_recall_at_5_diff1": 0.251507,
        "nauc_recall_at_10_max": 0.06264,
        "nauc_recall_at_10_std": 0.0906,
        "nauc_recall_at_10_diff1": 0.220213,
        "nauc_recall_at_20_max": 0.079165,
        "nauc_recall_at_20_std": 0.115046,
        "nauc_recall_at_20_diff1": 0.260099,
        "nauc_recall_at_100_max": 0.118985,
        "nauc_recall_at_100_std": 0.28145,
        "nauc_recall_at_100_diff1": 0.279822,
        "nauc_recall_at_1000_max": 0.209727,
        "nauc_recall_at_1000_std": 0.294559,
        "nauc_recall_at_1000_diff1": 0.344991,
        "nauc_precision_at_1_max": 0.131648,
        "nauc_precision_at_1_std": -0.011142,
        "nauc_precision_at_1_diff1": 0.373976,
        "nauc_precision_at_3_max": 0.140705,
        "nauc_precision_at_3_std": 0.063755,
        "nauc_precision_at_3_diff1": 0.22854,
        "nauc_precision_at_5_max": 0.083935,
        "nauc_precision_at_5_std": 0.076378,
        "nauc_precision_at_5_diff1": 0.221344,
        "nauc_precision_at_10_max": 0.108138,
        "nauc_precision_at_10_std": 0.131768,
        "nauc_precision_at_10_diff1": 0.174148,
        "nauc_precision_at_20_max": 0.140528,
        "nauc_precision_at_20_std": 0.177037,
        "nauc_precision_at_20_diff1": 0.20525,
        "nauc_precision_at_100_max": 0.176473,
        "nauc_precision_at_100_std": 0.308657,
        "nauc_precision_at_100_diff1": 0.163011,
        "nauc_precision_at_1000_max": 0.186465,
        "nauc_precision_at_1000_std": 0.211775,
        "nauc_precision_at_1000_diff1": 0.049629,
        "nauc_mrr_at_1_max": 0.131648,
        "nauc_mrr_at_1_std": -0.011142,
        "nauc_mrr_at_1_diff1": 0.373976,
        "nauc_mrr_at_3_max": 0.118736,
        "nauc_mrr_at_3_std": 0.022763,
        "nauc_mrr_at_3_diff1": 0.307991,
        "nauc_mrr_at_5_max": 0.102431,
        "nauc_mrr_at_5_std": 0.0268,
        "nauc_mrr_at_5_diff1": 0.306663,
        "nauc_mrr_at_10_max": 0.107553,
        "nauc_mrr_at_10_std": 0.031119,
        "nauc_mrr_at_10_diff1": 0.303109,
        "nauc_mrr_at_20_max": 0.108893,
        "nauc_mrr_at_20_std": 0.032904,
        "nauc_mrr_at_20_diff1": 0.306652,
        "nauc_mrr_at_100_max": 0.109502,
        "nauc_mrr_at_100_std": 0.034554,
        "nauc_mrr_at_100_diff1": 0.307872,
        "nauc_mrr_at_1000_max": 0.10937,
        "nauc_mrr_at_1000_std": 0.034055,
        "nauc_mrr_at_1000_diff1": 0.307827,
        "main_score": 0.32453,
        "hf_subset": "default",
        "languages": [
          "eng-Latn"
        ]
      }
    ],
    "test": [
      {
        "ndcg_at_1": 0.21667,
        "ndcg_at_3": 0.27918,
        "ndcg_at_5": 0.30297,
        "ndcg_at_10": 0.33656,
        "ndcg_at_20": 0.35443,
        "ndcg_at_100": 0.39069,
        "ndcg_at_1000": 0.41643,
        "map_at_1": 0.20028,
        "map_at_3": 0.2555,
        "map_at_5": 0.26942,
        "map_at_10": 0.28388,
        "map_at_20": 0.289,
        "map_at_100": 0.2943,
        "map_at_1000": 0.29517,
        "recall_at_1": 0.20028,
        "recall_at_3": 0.32689,
        "recall_at_5": 0.38689,
        "recall_at_10": 0.48606,
        "recall_at_20": 0.55467,
        "recall_at_100": 0.74572,
        "recall_at_1000": 0.952,
        "precision_at_1": 0.21667,
        "precision_at_3": 0.11889,
        "precision_at_5": 0.084,
        "precision_at_10": 0.05367,
        "precision_at_20": 0.03117,
        "precision_at_100": 0.00843,
        "precision_at_1000": 0.00107,
        "mrr_at_1": 0.216667,
        "mrr_at_3": 0.272778,
        "mrr_at_5": 0.287444,
        "mrr_at_10": 0.301066,
        "mrr_at_20": 0.305256,
        "mrr_at_100": 0.309748,
        "mrr_at_1000": 0.310527,
        "nauc_ndcg_at_1_max": 0.229991,
        "nauc_ndcg_at_1_std": 0.075051,
        "nauc_ndcg_at_1_diff1": 0.412072,
        "nauc_ndcg_at_3_max": 0.137369,
        "nauc_ndcg_at_3_std": 0.065272,
        "nauc_ndcg_at_3_diff1": 0.327309,
        "nauc_ndcg_at_5_max": 0.128336,
        "nauc_ndcg_at_5_std": 0.078312,
        "nauc_ndcg_at_5_diff1": 0.327411,
        "nauc_ndcg_at_10_max": 0.136522,
        "nauc_ndcg_at_10_std": 0.091694,
        "nauc_ndcg_at_10_diff1": 0.3426,
        "nauc_ndcg_at_20_max": 0.11897,
        "nauc_ndcg_at_20_std": 0.103311,
        "nauc_ndcg_at_20_diff1": 0.331787,
        "nauc_ndcg_at_100_max": 0.133424,
        "nauc_ndcg_at_100_std": 0.100345,
        "nauc_ndcg_at_100_diff1": 0.330864,
        "nauc_ndcg_at_1000_max": 0.140771,
        "nauc_ndcg_at_1000_std": 0.091768,
        "nauc_ndcg_at_1000_diff1": 0.338362,
        "nauc_map_at_1_max": 0.219619,
        "nauc_map_at_1_std": 0.022972,
        "nauc_map_at_1_diff1": 0.409984,
        "nauc_map_at_3_max": 0.154471,
        "nauc_map_at_3_std": 0.045017,
        "nauc_map_at_3_diff1": 0.342122,
        "nauc_map_at_5_max": 0.148451,
        "nauc_map_at_5_std": 0.055724,
        "nauc_map_at_5_diff1": 0.344221,
        "nauc_map_at_10_max": 0.152737,
        "nauc_map_at_10_std": 0.062931,
        "nauc_map_at_10_diff1": 0.351612,
        "nauc_map_at_20_max": 0.147612,
        "nauc_map_at_20_std": 0.06681,
        "nauc_map_at_20_diff1": 0.349847,
        "nauc_map_at_100_max": 0.15009,
        "nauc_map_at_100_std": 0.066913,
        "nauc_map_at_100_diff1": 0.349926,
        "nauc_map_at_1000_max": 0.150285,
        "nauc_map_at_1000_std": 0.066758,
        "nauc_map_at_1000_diff1": 0.35007,
        "nauc_recall_at_1_max": 0.219619,
        "nauc_recall_at_1_std": 0.022972,
        "nauc_recall_at_1_diff1": 0.409984,
        "nauc_recall_at_3_max": 0.089486,
        "nauc_recall_at_3_std": 0.054458,
        "nauc_recall_at_3_diff1": 0.260373,
        "nauc_recall_at_5_max": 0.070924,
        "nauc_recall_at_5_std": 0.095643,
        "nauc_recall_at_5_diff1": 0.269553,
        "nauc_recall_at_10_max": 0.085023,
        "nauc_recall_at_10_std": 0.128769,
        "nauc_recall_at_10_diff1": 0.302932,
        "nauc_recall_at_20_max": 0.017673,
        "nauc_recall_at_20_std": 0.169427,
        "nauc_recall_at_20_diff1": 0.255379,
        "nauc_recall_at_100_max": 0.071142,
        "nauc_recall_at_100_std": 0.164125,
        "nauc_recall_at_100_diff1": 0.224132,
        "nauc_recall_at_1000_max": 0.210334,
        "nauc_recall_at_1000_std": -0.044507,
        "nauc_recall_at_1000_diff1": 0.303594,
        "nauc_precision_at_1_max": 0.229991,
        "nauc_precision_at_1_std": 0.075051,
        "nauc_precision_at_1_diff1": 0.412072,
        "nauc_precision_at_3_max": 0.092046,
        "nauc_precision_at_3_std": 0.137064,
        "nauc_precision_at_3_diff1": 0.289131,
        "nauc_precision_at_5_max": 0.069124,
        "nauc_precision_at_5_std": 0.179184,
        "nauc_precision_at_5_diff1": 0.296391,
        "nauc_precision_at_10_max": 0.102895,
        "nauc_precision_at_10_std": 0.216278,
        "nauc_precision_at_10_diff1": 0.324734,
        "nauc_precision_at_20_max": 0.023821,
        "nauc_precision_at_20_std": 0.269103,
        "nauc_precision_at_20_diff1": 0.251634,
        "nauc_precision_at_100_max": 0.076054,
        "nauc_precision_at_100_std": 0.294805,
        "nauc_precision_at_100_diff1": 0.203291,
        "nauc_precision_at_1000_max": 0.101073,
        "nauc_precision_at_1000_std": 0.324068,
        "nauc_precision_at_1000_diff1": 0.147039,
        "nauc_mrr_at_1_max": 0.229991,
        "nauc_mrr_at_1_std": 0.075051,
        "nauc_mrr_at_1_diff1": 0.412072,
        "nauc_mrr_at_3_max": 0.161171,
        "nauc_mrr_at_3_std": 0.093877,
        "nauc_mrr_at_3_diff1": 0.349869,
        "nauc_mrr_at_5_max": 0.153863,
        "nauc_mrr_at_5_std": 0.105286,
        "nauc_mrr_at_5_diff1": 0.351628,
        "nauc_mrr_at_10_max": 0.156903,
        "nauc_mrr_at_10_std": 0.108312,
        "nauc_mrr_at_10_diff1": 0.357396,
        "nauc_mrr_at_20_max": 0.153177,
        "nauc_mrr_at_20_std": 0.109748,
        "nauc_mrr_at_20_diff1": 0.354961,
        "nauc_mrr_at_100_max": 0.155066,
        "nauc_mrr_at_100_std": 0.109111,
        "nauc_mrr_at_100_diff1": 0.354276,
        "nauc_mrr_at_1000_max": 0.155193,
        "nauc_mrr_at_1000_std": 0.108841,
        "nauc_mrr_at_1000_diff1": 0.354341,
        "main_score": 0.33656,
        "hf_subset": "default",
        "languages": [
          "eng-Latn"
        ]
      }
    ]
  },
  "evaluation_time": 31.888490915298462,
  "kg_co2_emissions": null
}