{
  "dataset_revision": "20a6d6f312dd54037fe07a32d58e5e168867909d",
  "task_name": "SICK-R",
  "mteb_version": "1.26.3",
  "scores": {
    "test": [
      {
        "pearson": 0.837728,
        "spearman": 0.775304,
        "cosine_pearson": 0.837728,
        "cosine_spearman": 0.775304,
        "manhattan_pearson": 0.802059,
        "manhattan_spearman": 0.758222,
        "euclidean_pearson": 0.800267,
        "euclidean_spearman": 0.756088,
        "main_score": 0.775304,
        "hf_subset": "default",
        "languages": [
          "eng-Latn"
        ]
      }
    ]
  },
  "evaluation_time": 3.2872540950775146,
  "kg_co2_emissions": null
}