{
  "dataset_revision": "d66bd1f72af766a5cc4b0ca5e00c162f89e8cc46",
  "task_name": "SprintDuplicateQuestions",
  "mteb_version": "1.26.3",
  "scores": {
    "validation": [
      {
        "similarity_accuracy": 0.993644,
        "similarity_accuracy_threshold": 0.831567,
        "similarity_f1": 0.654739,
        "similarity_f1_threshold": 0.800478,
        "similarity_precision": 0.633895,
        "similarity_recall": 0.677,
        "similarity_ap": 0.691172,
        "cosine_accuracy": 0.993644,
        "cosine_accuracy_threshold": 0.831567,
        "cosine_f1": 0.654739,
        "cosine_f1_threshold": 0.800478,
        "cosine_precision": 0.633895,
        "cosine_recall": 0.677,
        "cosine_ap": 0.691171,
        "manhattan_accuracy": 0.994475,
        "manhattan_accuracy_threshold": 139.672241,
        "manhattan_f1": 0.691176,
        "manhattan_f1_threshold": 145.346039,
        "manhattan_precision": 0.727876,
        "manhattan_recall": 0.658,
        "manhattan_ap": 0.739869,
        "euclidean_accuracy": 0.994475,
        "euclidean_accuracy_threshold": 6.315553,
        "euclidean_f1": 0.694458,
        "euclidean_f1_threshold": 6.798142,
        "euclidean_precision": 0.659766,
        "euclidean_recall": 0.733,
        "euclidean_ap": 0.740719,
        "dot_accuracy": 0.990337,
        "dot_accuracy_threshold": 111.357361,
        "dot_f1": 0.368284,
        "dot_f1_threshold": 93.295212,
        "dot_precision": 0.324924,
        "dot_recall": 0.425,
        "dot_ap": 0.289553,
        "max_accuracy": 0.994475,
        "max_f1": 0.694458,
        "max_precision": 0.727876,
        "max_recall": 0.733,
        "max_ap": 0.740719,
        "main_score": 0.740719,
        "hf_subset": "default",
        "languages": [
          "eng-Latn"
        ]
      }
    ],
    "test": [
      {
        "similarity_accuracy": 0.994356,
        "similarity_accuracy_threshold": 0.833995,
        "similarity_f1": 0.686486,
        "similarity_f1_threshold": 0.824194,
        "similarity_precision": 0.747059,
        "similarity_recall": 0.635,
        "similarity_ap": 0.731396,
        "cosine_accuracy": 0.994356,
        "cosine_accuracy_threshold": 0.833995,
        "cosine_f1": 0.686486,
        "cosine_f1_threshold": 0.824194,
        "cosine_precision": 0.747059,
        "cosine_recall": 0.635,
        "cosine_ap": 0.731396,
        "manhattan_accuracy": 0.994752,
        "manhattan_accuracy_threshold": 132.225189,
        "manhattan_f1": 0.711319,
        "manhattan_f1_threshold": 142.318008,
        "manhattan_precision": 0.739741,
        "manhattan_recall": 0.685,
        "manhattan_ap": 0.763125,
        "euclidean_accuracy": 0.994802,
        "euclidean_accuracy_threshold": 6.061243,
        "euclidean_f1": 0.716202,
        "euclidean_f1_threshold": 6.472903,
        "euclidean_precision": 0.739872,
        "euclidean_recall": 0.694,
        "euclidean_ap": 0.765369,
        "dot_accuracy": 0.990465,
        "dot_accuracy_threshold": 111.866928,
        "dot_f1": 0.381494,
        "dot_f1_threshold": 93.575806,
        "dot_precision": 0.321038,
        "dot_recall": 0.47,
        "dot_ap": 0.326026,
        "max_accuracy": 0.994802,
        "max_f1": 0.716202,
        "max_precision": 0.747059,
        "max_recall": 0.694,
        "max_ap": 0.765369,
        "main_score": 0.765369,
        "hf_subset": "default",
        "languages": [
          "eng-Latn"
        ]
      }
    ]
  },
  "evaluation_time": 48.27585506439209,
  "kg_co2_emissions": null
}