{
  "dataset_revision": "e185fbe320c72810689fc5848eb6114e1ef5ec69",
  "task_name": "StackOverflowDupQuestions",
  "mteb_version": "1.26.3",
  "scores": {
    "test": [
      {
        "map": 0.373431,
        "mrr": 0.373767,
        "nAUC_map_max": 0.159553,
        "nAUC_map_std": 0.061522,
        "nAUC_map_diff1": 0.261556,
        "nAUC_mrr_max": 0.166704,
        "nAUC_mrr_std": 0.062176,
        "nAUC_mrr_diff1": 0.262939,
        "main_score": 0.373431,
        "hf_subset": "default",
        "languages": [
          "eng-Latn"
        ]
      }
    ]
  },
  "evaluation_time": 17.932595252990723,
  "kg_co2_emissions": null
}