{
  "dataset_revision": "4d8694f8f0e0100860b497b999b3dbed754a0513",
  "task_name": "STS16",
  "mteb_version": "1.26.3",
  "scores": {
    "test": [
      {
        "pearson": 0.741786,
        "spearman": 0.758212,
        "cosine_pearson": 0.741786,
        "cosine_spearman": 0.758212,
        "manhattan_pearson": 0.743292,
        "manhattan_spearman": 0.753171,
        "euclidean_pearson": 0.742982,
        "euclidean_spearman": 0.752745,
        "main_score": 0.758212,
        "hf_subset": "default",
        "languages": [
          "eng-Latn"
        ]
      }
    ]
  },
  "evaluation_time": 0.5465226173400879,
  "kg_co2_emissions": null
}