{
  "dataset_revision": "b0fddb56ed78048fa8b90373c8a3cfc37b684831",
  "task_name": "STSBenchmark",
  "mteb_version": "1.26.3",
  "scores": {
    "test": [
      {
        "pearson": 0.781293,
        "spearman": 0.783215,
        "cosine_pearson": 0.781293,
        "cosine_spearman": 0.783215,
        "manhattan_pearson": 0.764381,
        "manhattan_spearman": 0.757111,
        "euclidean_pearson": 0.764029,
        "euclidean_spearman": 0.756979,
        "main_score": 0.783215,
        "hf_subset": "default",
        "languages": [
          "eng-Latn"
        ]
      }
    ]
  },
  "evaluation_time": 0.5401420593261719,
  "kg_co2_emissions": null
}