{
  "dataset_revision": "6125ec4e24fa026cec8a478383ee943acfbd5449",
  "task_name": "TwentyNewsgroupsClustering",
  "mteb_version": "1.26.3",
  "scores": {
    "test": [
      {
        "v_measure": 0.28402,
        "v_measure_std": 0.01477,
        "v_measures": [
          0.308874,
          0.275424,
          0.281927,
          0.268363,
          0.268581,
          0.295755,
          0.281974,
          0.283811,
          0.267344,
          0.308145
        ],
        "main_score": 0.28402,
        "hf_subset": "default",
        "languages": [
          "eng-Latn"
        ]
      }
    ]
  },
  "evaluation_time": 10.707338809967041,
  "kg_co2_emissions": null
}