{
  "dataset_revision": "c22ab2a51041ffd869aaddef7af8d8215647e41a",
  "task_name": "ArguAna",
  "mteb_version": "1.26.3",
  "scores": {
    "test": [
      {
        "ndcg_at_1": 0.38122,
        "ndcg_at_3": 0.52678,
        "ndcg_at_5": 0.57138,
        "ndcg_at_10": 0.61314,
        "ndcg_at_20": 0.63174,
        "ndcg_at_100": 0.64112,
        "ndcg_at_1000": 0.64232,
        "map_at_1": 0.38122,
        "map_at_3": 0.4904,
        "map_at_5": 0.51536,
        "map_at_10": 0.53282,
        "map_at_20": 0.53805,
        "map_at_100": 0.53955,
        "map_at_1000": 0.53961,
        "recall_at_1": 0.38122,
        "recall_at_3": 0.63229,
        "recall_at_5": 0.73969,
        "recall_at_10": 0.86771,
        "recall_at_20": 0.94026,
        "recall_at_100": 0.98791,
        "recall_at_1000": 0.99644,
        "precision_at_1": 0.38122,
        "precision_at_3": 0.21076,
        "precision_at_5": 0.14794,
        "precision_at_10": 0.08677,
        "precision_at_20": 0.04701,
        "precision_at_100": 0.00988,
        "precision_at_1000": 0.001,
        "mrr_at_1": 0.384068,
        "mrr_at_3": 0.491347,
        "mrr_at_5": 0.516347,
        "mrr_at_10": 0.533919,
        "mrr_at_20": 0.539149,
        "mrr_at_100": 0.540652,
        "mrr_at_1000": 0.540716,
        "nauc_ndcg_at_1_max": -0.089985,
        "nauc_ndcg_at_1_std": -0.158497,
        "nauc_ndcg_at_1_diff1": 0.181161,
        "nauc_ndcg_at_3_max": -0.049455,
        "nauc_ndcg_at_3_std": -0.136466,
        "nauc_ndcg_at_3_diff1": 0.147534,
        "nauc_ndcg_at_5_max": -0.052676,
        "nauc_ndcg_at_5_std": -0.132635,
        "nauc_ndcg_at_5_diff1": 0.153083,
        "nauc_ndcg_at_10_max": -0.032713,
        "nauc_ndcg_at_10_std": -0.118212,
        "nauc_ndcg_at_10_diff1": 0.175043,
        "nauc_ndcg_at_20_max": -0.039613,
        "nauc_ndcg_at_20_std": -0.116105,
        "nauc_ndcg_at_20_diff1": 0.165263,
        "nauc_ndcg_at_100_max": -0.045713,
        "nauc_ndcg_at_100_std": -0.124082,
        "nauc_ndcg_at_100_diff1": 0.165099,
        "nauc_ndcg_at_1000_max": -0.048929,
        "nauc_ndcg_at_1000_std": -0.126619,
        "nauc_ndcg_at_1000_diff1": 0.163481,
        "nauc_map_at_1_max": -0.089985,
        "nauc_map_at_1_std": -0.158497,
        "nauc_map_at_1_diff1": 0.181161,
        "nauc_map_at_3_max": -0.059284,
        "nauc_map_at_3_std": -0.140124,
        "nauc_map_at_3_diff1": 0.154661,
        "nauc_map_at_5_max": -0.061193,
        "nauc_map_at_5_std": -0.138007,
        "nauc_map_at_5_diff1": 0.15818,
        "nauc_map_at_10_max": -0.054233,
        "nauc_map_at_10_std": -0.133223,
        "nauc_map_at_10_diff1": 0.166053,
        "nauc_map_at_20_max": -0.056154,
        "nauc_map_at_20_std": -0.132929,
        "nauc_map_at_20_diff1": 0.1634,
        "nauc_map_at_100_max": -0.056902,
        "nauc_map_at_100_std": -0.133888,
        "nauc_map_at_100_diff1": 0.16344,
        "nauc_map_at_1000_max": -0.057045,
        "nauc_map_at_1000_std": -0.133999,
        "nauc_map_at_1000_diff1": 0.163374,
        "nauc_recall_at_1_max": -0.089985,
        "nauc_recall_at_1_std": -0.158497,
        "nauc_recall_at_1_diff1": 0.181161,
        "nauc_recall_at_3_max": -0.017737,
        "nauc_recall_at_3_std": -0.1255,
        "nauc_recall_at_3_diff1": 0.125045,
        "nauc_recall_at_5_max": -0.020018,
        "nauc_recall_at_5_std": -0.112107,
        "nauc_recall_at_5_diff1": 0.134214,
        "nauc_recall_at_10_max": 0.131134,
        "nauc_recall_at_10_std": -0.001866,
        "nauc_recall_at_10_diff1": 0.262183,
        "nauc_recall_at_20_max": 0.205789,
        "nauc_recall_at_20_std": 0.162996,
        "nauc_recall_at_20_diff1": 0.212676,
        "nauc_recall_at_100_max": 0.526162,
        "nauc_recall_at_100_std": 0.41246,
        "nauc_recall_at_100_diff1": 0.361984,
        "nauc_recall_at_1000_max": 0.396703,
        "nauc_recall_at_1000_std": 0.503371,
        "nauc_recall_at_1000_diff1": 0.063433,
        "nauc_precision_at_1_max": -0.089985,
        "nauc_precision_at_1_std": -0.158497,
        "nauc_precision_at_1_diff1": 0.181161,
        "nauc_precision_at_3_max": -0.017737,
        "nauc_precision_at_3_std": -0.1255,
        "nauc_precision_at_3_diff1": 0.125045,
        "nauc_precision_at_5_max": -0.020018,
        "nauc_precision_at_5_std": -0.112107,
        "nauc_precision_at_5_diff1": 0.134214,
        "nauc_precision_at_10_max": 0.131134,
        "nauc_precision_at_10_std": -0.001866,
        "nauc_precision_at_10_diff1": 0.262183,
        "nauc_precision_at_20_max": 0.205789,
        "nauc_precision_at_20_std": 0.162996,
        "nauc_precision_at_20_diff1": 0.212676,
        "nauc_precision_at_100_max": 0.526162,
        "nauc_precision_at_100_std": 0.41246,
        "nauc_precision_at_100_diff1": 0.361984,
        "nauc_precision_at_1000_max": 0.396703,
        "nauc_precision_at_1000_std": 0.503371,
        "nauc_precision_at_1000_diff1": 0.063433,
        "nauc_mrr_at_1_max": -0.094054,
        "nauc_mrr_at_1_std": -0.16003,
        "nauc_mrr_at_1_diff1": 0.173013,
        "nauc_mrr_at_3_max": -0.0654,
        "nauc_mrr_at_3_std": -0.140762,
        "nauc_mrr_at_3_diff1": 0.145695,
        "nauc_mrr_at_5_max": -0.067143,
        "nauc_mrr_at_5_std": -0.139691,
        "nauc_mrr_at_5_diff1": 0.149591,
        "nauc_mrr_at_10_max": -0.059805,
        "nauc_mrr_at_10_std": -0.134355,
        "nauc_mrr_at_10_diff1": 0.157783,
        "nauc_mrr_at_20_max": -0.061813,
        "nauc_mrr_at_20_std": -0.13408,
        "nauc_mrr_at_20_diff1": 0.154999,
        "nauc_mrr_at_100_max": -0.062592,
        "nauc_mrr_at_100_std": -0.135043,
        "nauc_mrr_at_100_diff1": 0.154991,
        "nauc_mrr_at_1000_max": -0.062736,
        "nauc_mrr_at_1000_std": -0.135154,
        "nauc_mrr_at_1000_diff1": 0.154923,
        "main_score": 0.61314,
        "hf_subset": "default",
        "languages": [
          "eng-Latn"
        ]
      }
    ]
  },
  "evaluation_time": 19.58530282974243,
  "kg_co2_emissions": null
}