{
  "dataset_revision": "0fd18e25b25c072e09e0d92ab615fda904d66300",
  "task_name": "Banking77Classification",
  "mteb_version": "1.26.3",
  "scores": {
    "test": [
      {
        "accuracy": 0.823084,
        "f1": 0.816087,
        "f1_weighted": 0.816087,
        "scores_per_experiment": [
          {
            "accuracy": 0.818506,
            "f1": 0.810159,
            "f1_weighted": 0.810159
          },
          {
            "accuracy": 0.823701,
            "f1": 0.816104,
            "f1_weighted": 0.816104
          },
          {
            "accuracy": 0.824675,
            "f1": 0.816384,
            "f1_weighted": 0.816384
          },
          {
            "accuracy": 0.830195,
            "f1": 0.825666,
            "f1_weighted": 0.825666
          },
          {
            "accuracy": 0.817857,
            "f1": 0.810545,
            "f1_weighted": 0.810545
          },
          {
            "accuracy": 0.832792,
            "f1": 0.828487,
            "f1_weighted": 0.828487
          },
          {
            "accuracy": 0.816883,
            "f1": 0.810543,
            "f1_weighted": 0.810543
          },
          {
            "accuracy": 0.820455,
            "f1": 0.812654,
            "f1_weighted": 0.812654
          },
          {
            "accuracy": 0.828571,
            "f1": 0.820694,
            "f1_weighted": 0.820694
          },
          {
            "accuracy": 0.817208,
            "f1": 0.809632,
            "f1_weighted": 0.809632
          }
        ],
        "main_score": 0.823084,
        "hf_subset": "default",
        "languages": [
          "eng-Latn"
        ]
      }
    ]
  },
  "evaluation_time": 12.214557647705078,
  "kg_co2_emissions": null
}