{
  "dataset_revision": "258694dd0231531bc1fd9de6ceb52a0853c6d908",
  "task_name": "BiorxivClusteringS2S",
  "mteb_version": "1.26.3",
  "scores": {
    "test": [
      {
        "v_measure": 0.359285,
        "v_measure_std": 0.009389,
        "v_measures": [
          0.361371,
          0.349144,
          0.363144,
          0.362315,
          0.352173,
          0.359556,
          0.356071,
          0.381454,
          0.345509,
          0.362118
        ],
        "main_score": 0.359285,
        "hf_subset": "default",
        "languages": [
          "eng-Latn"
        ]
      }
    ]
  },
  "evaluation_time": 18.8962881565094,
  "kg_co2_emissions": null
}