{
  "dataset_revision": "4f58c6b202a23cf9a4da393831edf4f9183cad37",
  "task_name": "EmotionClassification",
  "mteb_version": "1.26.3",
  "scores": {
    "validation": [
      {
        "accuracy": 0.51745,
        "f1": 0.462766,
        "f1_weighted": 0.532783,
        "scores_per_experiment": [
          {
            "accuracy": 0.541,
            "f1": 0.482528,
            "f1_weighted": 0.5569
          },
          {
            "accuracy": 0.4955,
            "f1": 0.442031,
            "f1_weighted": 0.503324
          },
          {
            "accuracy": 0.513,
            "f1": 0.451135,
            "f1_weighted": 0.531868
          },
          {
            "accuracy": 0.5015,
            "f1": 0.449219,
            "f1_weighted": 0.52356
          },
          {
            "accuracy": 0.5445,
            "f1": 0.488594,
            "f1_weighted": 0.557636
          },
          {
            "accuracy": 0.5475,
            "f1": 0.48292,
            "f1_weighted": 0.557955
          },
          {
            "accuracy": 0.517,
            "f1": 0.458295,
            "f1_weighted": 0.536615
          },
          {
            "accuracy": 0.483,
            "f1": 0.445345,
            "f1_weighted": 0.495118
          },
          {
            "accuracy": 0.504,
            "f1": 0.456585,
            "f1_weighted": 0.520436
          },
          {
            "accuracy": 0.5275,
            "f1": 0.471009,
            "f1_weighted": 0.544416
          }
        ],
        "main_score": 0.51745,
        "hf_subset": "default",
        "languages": [
          "eng-Latn"
        ]
      }
    ],
    "test": [
      {
        "accuracy": 0.5198,
        "f1": 0.456637,
        "f1_weighted": 0.537553,
        "scores_per_experiment": [
          {
            "accuracy": 0.5445,
            "f1": 0.474602,
            "f1_weighted": 0.563807
          },
          {
            "accuracy": 0.497,
            "f1": 0.440874,
            "f1_weighted": 0.506041
          },
          {
            "accuracy": 0.5085,
            "f1": 0.438447,
            "f1_weighted": 0.528436
          },
          {
            "accuracy": 0.513,
            "f1": 0.452003,
            "f1_weighted": 0.536354
          },
          {
            "accuracy": 0.5545,
            "f1": 0.490924,
            "f1_weighted": 0.568309
          },
          {
            "accuracy": 0.5445,
            "f1": 0.467442,
            "f1_weighted": 0.553095
          },
          {
            "accuracy": 0.5285,
            "f1": 0.456226,
            "f1_weighted": 0.551348
          },
          {
            "accuracy": 0.478,
            "f1": 0.431995,
            "f1_weighted": 0.493664
          },
          {
            "accuracy": 0.5025,
            "f1": 0.454975,
            "f1_weighted": 0.525297
          },
          {
            "accuracy": 0.527,
            "f1": 0.458883,
            "f1_weighted": 0.549179
          }
        ],
        "main_score": 0.5198,
        "hf_subset": "default",
        "languages": [
          "eng-Latn"
        ]
      }
    ]
  },
  "evaluation_time": 11.160079002380371,
  "kg_co2_emissions": null
}