{
  "dataset_revision": "4672e20407010da34463acc759c162ca9734bca6",
  "task_name": "MassiveIntentClassification",
  "mteb_version": "1.26.3",
  "scores": {
    "validation": [
      {
        "accuracy": 0.6879,
        "f1": 0.654065,
        "f1_weighted": 0.675507,
        "scores_per_experiment": [
          {
            "accuracy": 0.691097,
            "f1": 0.663952,
            "f1_weighted": 0.683801
          },
          {
            "accuracy": 0.712248,
            "f1": 0.678588,
            "f1_weighted": 0.704147
          },
          {
            "accuracy": 0.680767,
            "f1": 0.633581,
            "f1_weighted": 0.663422
          },
          {
            "accuracy": 0.698967,
            "f1": 0.652163,
            "f1_weighted": 0.688028
          },
          {
            "accuracy": 0.671913,
            "f1": 0.631505,
            "f1_weighted": 0.656267
          },
          {
            "accuracy": 0.672897,
            "f1": 0.64855,
            "f1_weighted": 0.656376
          },
          {
            "accuracy": 0.686178,
            "f1": 0.649127,
            "f1_weighted": 0.675423
          },
          {
            "accuracy": 0.683227,
            "f1": 0.65097,
            "f1_weighted": 0.675649
          },
          {
            "accuracy": 0.672897,
            "f1": 0.656378,
            "f1_weighted": 0.647003
          },
          {
            "accuracy": 0.708805,
            "f1": 0.675836,
            "f1_weighted": 0.704954
          }
        ],
        "main_score": 0.6879,
        "hf_subset": "en",
        "languages": [
          "eng-Latn"
        ]
      }
    ],
    "test": [
      {
        "accuracy": 0.676194,
        "f1": 0.655152,
        "f1_weighted": 0.663722,
        "scores_per_experiment": [
          {
            "accuracy": 0.678547,
            "f1": 0.660963,
            "f1_weighted": 0.666885
          },
          {
            "accuracy": 0.694351,
            "f1": 0.667351,
            "f1_weighted": 0.685513
          },
          {
            "accuracy": 0.667787,
            "f1": 0.64157,
            "f1_weighted": 0.651545
          },
          {
            "accuracy": 0.696369,
            "f1": 0.669172,
            "f1_weighted": 0.686126
          },
          {
            "accuracy": 0.663753,
            "f1": 0.643193,
            "f1_weighted": 0.648652
          },
          {
            "accuracy": 0.655346,
            "f1": 0.64385,
            "f1_weighted": 0.644809
          },
          {
            "accuracy": 0.66846,
            "f1": 0.650637,
            "f1_weighted": 0.651671
          },
          {
            "accuracy": 0.682582,
            "f1": 0.65176,
            "f1_weighted": 0.676207
          },
          {
            "accuracy": 0.666443,
            "f1": 0.658996,
            "f1_weighted": 0.642258
          },
          {
            "accuracy": 0.688299,
            "f1": 0.664029,
            "f1_weighted": 0.683552
          }
        ],
        "main_score": 0.676194,
        "hf_subset": "en",
        "languages": [
          "eng-Latn"
        ]
      }
    ]
  },
  "evaluation_time": 7.0331010818481445,
  "kg_co2_emissions": null
}