{
  "dataset_revision": "35191c8c0dca72d8ff3efcd72aa802307d469663",
  "task_name": "MedrxivClusteringS2S",
  "mteb_version": "1.26.3",
  "scores": {
    "test": [
      {
        "v_measure": 0.310602,
        "v_measure_std": 0.01459,
        "v_measures": [
          0.297199,
          0.29551,
          0.296106,
          0.29601,
          0.297,
          0.321152,
          0.329472,
          0.328437,
          0.327112,
          0.318022
        ],
        "main_score": 0.310602,
        "hf_subset": "default",
        "languages": [
          "eng-Latn"
        ]
      }
    ]
  },
  "evaluation_time": 11.657934427261353,
  "kg_co2_emissions": null
}