{
  "dataset_revision": "ec0fa4fe99da2ff19ca1214b7966684033a58814",
  "task_name": "NFCorpus",
  "mteb_version": "1.26.3",
  "scores": {
    "test": [
      {
        "ndcg_at_1": 0.45975,
        "ndcg_at_3": 0.42639,
        "ndcg_at_5": 0.40138,
        "ndcg_at_10": 0.37055,
        "ndcg_at_20": 0.34462,
        "ndcg_at_100": 0.33666,
        "ndcg_at_1000": 0.42649,
        "map_at_1": 0.06581,
        "map_at_3": 0.10489,
        "map_at_5": 0.1219,
        "map_at_10": 0.14194,
        "map_at_20": 0.15732,
        "map_at_100": 0.17892,
        "map_at_1000": 0.19428,
        "recall_at_1": 0.06581,
        "recall_at_3": 0.11451,
        "recall_at_5": 0.13952,
        "recall_at_10": 0.17552,
        "recall_at_20": 0.21448,
        "recall_at_100": 0.33197,
        "recall_at_1000": 0.65908,
        "precision_at_1": 0.47988,
        "precision_at_3": 0.40248,
        "precision_at_5": 0.34985,
        "precision_at_10": 0.27647,
        "precision_at_20": 0.20217,
        "precision_at_100": 0.08449,
        "precision_at_1000": 0.02159,
        "mrr_at_1": 0.479876,
        "mrr_at_3": 0.552632,
        "mrr_at_5": 0.563622,
        "mrr_at_10": 0.571189,
        "mrr_at_20": 0.57428,
        "mrr_at_100": 0.576488,
        "mrr_at_1000": 0.576852,
        "nauc_ndcg_at_1_max": 0.371236,
        "nauc_ndcg_at_1_std": 0.231602,
        "nauc_ndcg_at_1_diff1": 0.354327,
        "nauc_ndcg_at_3_max": 0.381949,
        "nauc_ndcg_at_3_std": 0.244264,
        "nauc_ndcg_at_3_diff1": 0.244342,
        "nauc_ndcg_at_5_max": 0.399251,
        "nauc_ndcg_at_5_std": 0.267411,
        "nauc_ndcg_at_5_diff1": 0.226472,
        "nauc_ndcg_at_10_max": 0.373328,
        "nauc_ndcg_at_10_std": 0.287681,
        "nauc_ndcg_at_10_diff1": 0.196181,
        "nauc_ndcg_at_20_max": 0.361028,
        "nauc_ndcg_at_20_std": 0.293521,
        "nauc_ndcg_at_20_diff1": 0.213751,
        "nauc_ndcg_at_100_max": 0.398831,
        "nauc_ndcg_at_100_std": 0.305881,
        "nauc_ndcg_at_100_diff1": 0.253108,
        "nauc_ndcg_at_1000_max": 0.43629,
        "nauc_ndcg_at_1000_std": 0.355464,
        "nauc_ndcg_at_1000_diff1": 0.246311,
        "nauc_map_at_1_max": 0.102946,
        "nauc_map_at_1_std": -0.167445,
        "nauc_map_at_1_diff1": 0.437654,
        "nauc_map_at_3_max": 0.153315,
        "nauc_map_at_3_std": -0.108822,
        "nauc_map_at_3_diff1": 0.384173,
        "nauc_map_at_5_max": 0.19047,
        "nauc_map_at_5_std": -0.068018,
        "nauc_map_at_5_diff1": 0.366663,
        "nauc_map_at_10_max": 0.217861,
        "nauc_map_at_10_std": -0.001363,
        "nauc_map_at_10_diff1": 0.323774,
        "nauc_map_at_20_max": 0.243563,
        "nauc_map_at_20_std": 0.050253,
        "nauc_map_at_20_diff1": 0.308168,
        "nauc_map_at_100_max": 0.275026,
        "nauc_map_at_100_std": 0.12412,
        "nauc_map_at_100_diff1": 0.281576,
        "nauc_map_at_1000_max": 0.282602,
        "nauc_map_at_1000_std": 0.164258,
        "nauc_map_at_1000_diff1": 0.260347,
        "nauc_recall_at_1_max": 0.102946,
        "nauc_recall_at_1_std": -0.167445,
        "nauc_recall_at_1_diff1": 0.437654,
        "nauc_recall_at_3_max": 0.15665,
        "nauc_recall_at_3_std": -0.103599,
        "nauc_recall_at_3_diff1": 0.381931,
        "nauc_recall_at_5_max": 0.189259,
        "nauc_recall_at_5_std": -0.054502,
        "nauc_recall_at_5_diff1": 0.360377,
        "nauc_recall_at_10_max": 0.211583,
        "nauc_recall_at_10_std": 0.032409,
        "nauc_recall_at_10_diff1": 0.309584,
        "nauc_recall_at_20_max": 0.245522,
        "nauc_recall_at_20_std": 0.112425,
        "nauc_recall_at_20_diff1": 0.29705,
        "nauc_recall_at_100_max": 0.299896,
        "nauc_recall_at_100_std": 0.239598,
        "nauc_recall_at_100_diff1": 0.230184,
        "nauc_recall_at_1000_max": 0.218709,
        "nauc_recall_at_1000_std": 0.26564,
        "nauc_recall_at_1000_diff1": 0.12899,
        "nauc_precision_at_1_max": 0.387154,
        "nauc_precision_at_1_std": 0.256662,
        "nauc_precision_at_1_diff1": 0.353695,
        "nauc_precision_at_3_max": 0.396936,
        "nauc_precision_at_3_std": 0.311889,
        "nauc_precision_at_3_diff1": 0.13287,
        "nauc_precision_at_5_max": 0.412865,
        "nauc_precision_at_5_std": 0.355275,
        "nauc_precision_at_5_diff1": 0.070187,
        "nauc_precision_at_10_max": 0.348061,
        "nauc_precision_at_10_std": 0.408023,
        "nauc_precision_at_10_diff1": -0.040524,
        "nauc_precision_at_20_max": 0.291882,
        "nauc_precision_at_20_std": 0.441487,
        "nauc_precision_at_20_diff1": -0.084282,
        "nauc_precision_at_100_max": 0.20803,
        "nauc_precision_at_100_std": 0.494058,
        "nauc_precision_at_100_diff1": -0.188015,
        "nauc_precision_at_1000_max": 0.057969,
        "nauc_precision_at_1000_std": 0.387057,
        "nauc_precision_at_1000_diff1": -0.250792,
        "nauc_mrr_at_1_max": 0.387154,
        "nauc_mrr_at_1_std": 0.256662,
        "nauc_mrr_at_1_diff1": 0.353695,
        "nauc_mrr_at_3_max": 0.449621,
        "nauc_mrr_at_3_std": 0.296523,
        "nauc_mrr_at_3_diff1": 0.350026,
        "nauc_mrr_at_5_max": 0.451226,
        "nauc_mrr_at_5_std": 0.306111,
        "nauc_mrr_at_5_diff1": 0.34923,
        "nauc_mrr_at_10_max": 0.44998,
        "nauc_mrr_at_10_std": 0.308833,
        "nauc_mrr_at_10_diff1": 0.347038,
        "nauc_mrr_at_20_max": 0.449771,
        "nauc_mrr_at_20_std": 0.310406,
        "nauc_mrr_at_20_diff1": 0.346725,
        "nauc_mrr_at_100_max": 0.451153,
        "nauc_mrr_at_100_std": 0.310822,
        "nauc_mrr_at_100_diff1": 0.346448,
        "nauc_mrr_at_1000_max": 0.450715,
        "nauc_mrr_at_1000_std": 0.310545,
        "nauc_mrr_at_1000_diff1": 0.346492,
        "main_score": 0.37055,
        "hf_subset": "default",
        "languages": [
          "eng-Latn"
        ]
      }
    ]
  },
  "evaluation_time": 10.321020126342773,
  "kg_co2_emissions": null
}