{
  "dataset_revision": "d3c5e1fc0b855ab6097bf1cda04dd73947d7caab",
  "task_name": "SciDocsRR",
  "mteb_version": "1.26.3",
  "scores": {
    "test": [
      {
        "map": 0.866086,
        "mrr": 0.962601,
        "nAUC_map_max": 0.540574,
        "nAUC_map_std": 0.670188,
        "nAUC_map_diff1": -0.027612,
        "nAUC_mrr_max": 0.855468,
        "nAUC_mrr_std": 0.77282,
        "nAUC_mrr_diff1": 0.329142,
        "main_score": 0.866086,
        "hf_subset": "default",
        "languages": [
          "eng-Latn"
        ]
      }
    ]
  },
  "evaluation_time": 23.48789095878601,
  "kg_co2_emissions": null
}