{
  "dataset_revision": "0228b52cf27578f30900b9e5271d331663a030d7",
  "task_name": "SciFact",
  "mteb_version": "1.26.3",
  "scores": {
    "train": [
      {
        "ndcg_at_1": 0.64277,
        "ndcg_at_3": 0.72946,
        "ndcg_at_5": 0.75046,
        "ndcg_at_10": 0.76559,
        "ndcg_at_20": 0.77731,
        "ndcg_at_100": 0.78705,
        "ndcg_at_1000": 0.78974,
        "map_at_1": 0.61036,
        "map_at_3": 0.70021,
        "map_at_5": 0.71521,
        "map_at_10": 0.72255,
        "map_at_20": 0.72635,
        "map_at_100": 0.72775,
        "map_at_1000": 0.72786,
        "recall_at_1": 0.61036,
        "recall_at_3": 0.78871,
        "recall_at_5": 0.83857,
        "recall_at_10": 0.88263,
        "recall_at_20": 0.92625,
        "recall_at_100": 0.97796,
        "recall_at_1000": 0.99876,
        "precision_at_1": 0.64277,
        "precision_at_3": 0.28966,
        "precision_at_5": 0.18764,
        "precision_at_10": 0.1,
        "precision_at_20": 0.05272,
        "precision_at_100": 0.01112,
        "precision_at_1000": 0.00113,
        "mrr_at_1": 0.642769,
        "mrr_at_3": 0.720025,
        "mrr_at_5": 0.729357,
        "mrr_at_10": 0.734048,
        "mrr_at_20": 0.736687,
        "mrr_at_100": 0.737894,
        "mrr_at_1000": 0.737986,
        "nauc_ndcg_at_1_max": 0.474345,
        "nauc_ndcg_at_1_std": 0.106059,
        "nauc_ndcg_at_1_diff1": 0.672591,
        "nauc_ndcg_at_3_max": 0.465629,
        "nauc_ndcg_at_3_std": 0.112736,
        "nauc_ndcg_at_3_diff1": 0.622053,
        "nauc_ndcg_at_5_max": 0.475195,
        "nauc_ndcg_at_5_std": 0.132227,
        "nauc_ndcg_at_5_diff1": 0.615899,
        "nauc_ndcg_at_10_max": 0.481942,
        "nauc_ndcg_at_10_std": 0.159238,
        "nauc_ndcg_at_10_diff1": 0.605566,
        "nauc_ndcg_at_20_max": 0.478464,
        "nauc_ndcg_at_20_std": 0.160032,
        "nauc_ndcg_at_20_diff1": 0.604903,
        "nauc_ndcg_at_100_max": 0.483127,
        "nauc_ndcg_at_100_std": 0.152307,
        "nauc_ndcg_at_100_diff1": 0.617076,
        "nauc_ndcg_at_1000_max": 0.481849,
        "nauc_ndcg_at_1000_std": 0.145389,
        "nauc_ndcg_at_1000_diff1": 0.619424,
        "nauc_map_at_1_max": 0.41047,
        "nauc_map_at_1_std": 0.050922,
        "nauc_map_at_1_diff1": 0.680847,
        "nauc_map_at_3_max": 0.448152,
        "nauc_map_at_3_std": 0.081628,
        "nauc_map_at_3_diff1": 0.640195,
        "nauc_map_at_5_max": 0.468373,
        "nauc_map_at_5_std": 0.100715,
        "nauc_map_at_5_diff1": 0.63374,
        "nauc_map_at_10_max": 0.472827,
        "nauc_map_at_10_std": 0.116809,
        "nauc_map_at_10_diff1": 0.629303,
        "nauc_map_at_20_max": 0.471982,
        "nauc_map_at_20_std": 0.118212,
        "nauc_map_at_20_diff1": 0.629104,
        "nauc_map_at_100_max": 0.472979,
        "nauc_map_at_100_std": 0.117363,
        "nauc_map_at_100_diff1": 0.630994,
        "nauc_map_at_1000_max": 0.472928,
        "nauc_map_at_1000_std": 0.11713,
        "nauc_map_at_1000_diff1": 0.631049,
        "nauc_recall_at_1_max": 0.41047,
        "nauc_recall_at_1_std": 0.050922,
        "nauc_recall_at_1_diff1": 0.680847,
        "nauc_recall_at_3_max": 0.442866,
        "nauc_recall_at_3_std": 0.121278,
        "nauc_recall_at_3_diff1": 0.573857,
        "nauc_recall_at_5_max": 0.467444,
        "nauc_recall_at_5_std": 0.195983,
        "nauc_recall_at_5_diff1": 0.54212,
        "nauc_recall_at_10_max": 0.490981,
        "nauc_recall_at_10_std": 0.326541,
        "nauc_recall_at_10_diff1": 0.472005,
        "nauc_recall_at_20_max": 0.46383,
        "nauc_recall_at_20_std": 0.408669,
        "nauc_recall_at_20_diff1": 0.40273,
        "nauc_recall_at_100_max": 0.593641,
        "nauc_recall_at_100_std": 0.639763,
        "nauc_recall_at_100_diff1": 0.446613,
        "nauc_recall_at_1000_max": 1.0,
        "nauc_recall_at_1000_std": 1.0,
        "nauc_recall_at_1000_diff1": 0.357762,
        "nauc_precision_at_1_max": 0.474345,
        "nauc_precision_at_1_std": 0.106059,
        "nauc_precision_at_1_diff1": 0.672591,
        "nauc_precision_at_3_max": 0.433153,
        "nauc_precision_at_3_std": 0.224078,
        "nauc_precision_at_3_diff1": 0.257583,
        "nauc_precision_at_5_max": 0.396579,
        "nauc_precision_at_5_std": 0.28514,
        "nauc_precision_at_5_diff1": 0.093253,
        "nauc_precision_at_10_max": 0.338011,
        "nauc_precision_at_10_std": 0.37702,
        "nauc_precision_at_10_diff1": -0.044931,
        "nauc_precision_at_20_max": 0.253429,
        "nauc_precision_at_20_std": 0.377944,
        "nauc_precision_at_20_diff1": -0.156667,
        "nauc_precision_at_100_max": 0.197104,
        "nauc_precision_at_100_std": 0.36877,
        "nauc_precision_at_100_diff1": -0.265984,
        "nauc_precision_at_1000_max": 0.155292,
        "nauc_precision_at_1000_std": 0.335198,
        "nauc_precision_at_1000_diff1": -0.328642,
        "nauc_mrr_at_1_max": 0.474345,
        "nauc_mrr_at_1_std": 0.106059,
        "nauc_mrr_at_1_diff1": 0.672591,
        "nauc_mrr_at_3_max": 0.484717,
        "nauc_mrr_at_3_std": 0.139386,
        "nauc_mrr_at_3_diff1": 0.627128,
        "nauc_mrr_at_5_max": 0.482318,
        "nauc_mrr_at_5_std": 0.146521,
        "nauc_mrr_at_5_diff1": 0.62789,
        "nauc_mrr_at_10_max": 0.483545,
        "nauc_mrr_at_10_std": 0.149596,
        "nauc_mrr_at_10_diff1": 0.626167,
        "nauc_mrr_at_20_max": 0.48281,
        "nauc_mrr_at_20_std": 0.147764,
        "nauc_mrr_at_20_diff1": 0.626519,
        "nauc_mrr_at_100_max": 0.483615,
        "nauc_mrr_at_100_std": 0.146514,
        "nauc_mrr_at_100_diff1": 0.628043,
        "nauc_mrr_at_1000_max": 0.483596,
        "nauc_mrr_at_1000_std": 0.146323,
        "nauc_mrr_at_1000_diff1": 0.628127,
        "main_score": 0.76559,
        "hf_subset": "default",
        "languages": [
          "eng-Latn"
        ]
      }
    ],
    "test": [
      {
        "ndcg_at_1": 0.61333,
        "ndcg_at_3": 0.69057,
        "ndcg_at_5": 0.71778,
        "ndcg_at_10": 0.73702,
        "ndcg_at_20": 0.74538,
        "ndcg_at_100": 0.75889,
        "ndcg_at_1000": 0.76182,
        "map_at_1": 0.58161,
        "map_at_3": 0.66285,
        "map_at_5": 0.68094,
        "map_at_10": 0.69025,
        "map_at_20": 0.69313,
        "map_at_100": 0.69499,
        "map_at_1000": 0.69509,
        "recall_at_1": 0.58161,
        "recall_at_3": 0.7435,
        "recall_at_5": 0.81472,
        "recall_at_10": 0.86922,
        "recall_at_20": 0.89989,
        "recall_at_100": 0.97333,
        "recall_at_1000": 0.99667,
        "precision_at_1": 0.61333,
        "precision_at_3": 0.27333,
        "precision_at_5": 0.18133,
        "precision_at_10": 0.09833,
        "precision_at_20": 0.05117,
        "precision_at_100": 0.01103,
        "precision_at_1000": 0.00113,
        "mrr_at_1": 0.613333,
        "mrr_at_3": 0.677778,
        "mrr_at_5": 0.693444,
        "mrr_at_10": 0.700368,
        "mrr_at_20": 0.702102,
        "mrr_at_100": 0.703741,
        "mrr_at_1000": 0.703842,
        "nauc_ndcg_at_1_max": 0.539951,
        "nauc_ndcg_at_1_std": 0.082906,
        "nauc_ndcg_at_1_diff1": 0.754539,
        "nauc_ndcg_at_3_max": 0.552165,
        "nauc_ndcg_at_3_std": 0.07095,
        "nauc_ndcg_at_3_diff1": 0.712656,
        "nauc_ndcg_at_5_max": 0.554469,
        "nauc_ndcg_at_5_std": 0.055239,
        "nauc_ndcg_at_5_diff1": 0.710132,
        "nauc_ndcg_at_10_max": 0.582795,
        "nauc_ndcg_at_10_std": 0.05985,
        "nauc_ndcg_at_10_diff1": 0.71217,
        "nauc_ndcg_at_20_max": 0.579852,
        "nauc_ndcg_at_20_std": 0.090981,
        "nauc_ndcg_at_20_diff1": 0.712224,
        "nauc_ndcg_at_100_max": 0.575858,
        "nauc_ndcg_at_100_std": 0.09004,
        "nauc_ndcg_at_100_diff1": 0.715926,
        "nauc_ndcg_at_1000_max": 0.573443,
        "nauc_ndcg_at_1000_std": 0.084497,
        "nauc_ndcg_at_1000_diff1": 0.719067,
        "nauc_map_at_1_max": 0.485286,
        "nauc_map_at_1_std": -0.013045,
        "nauc_map_at_1_diff1": 0.77743,
        "nauc_map_at_3_max": 0.535157,
        "nauc_map_at_3_std": 0.034868,
        "nauc_map_at_3_diff1": 0.729851,
        "nauc_map_at_5_max": 0.546549,
        "nauc_map_at_5_std": 0.044084,
        "nauc_map_at_5_diff1": 0.723092,
        "nauc_map_at_10_max": 0.560599,
        "nauc_map_at_10_std": 0.050136,
        "nauc_map_at_10_diff1": 0.724615,
        "nauc_map_at_20_max": 0.559276,
        "nauc_map_at_20_std": 0.060516,
        "nauc_map_at_20_diff1": 0.724218,
        "nauc_map_at_100_max": 0.559417,
        "nauc_map_at_100_std": 0.060438,
        "nauc_map_at_100_diff1": 0.724574,
        "nauc_map_at_1000_max": 0.559402,
        "nauc_map_at_1000_std": 0.060361,
        "nauc_map_at_1000_diff1": 0.724713,
        "nauc_recall_at_1_max": 0.485286,
        "nauc_recall_at_1_std": -0.013045,
        "nauc_recall_at_1_diff1": 0.77743,
        "nauc_recall_at_3_max": 0.529944,
        "nauc_recall_at_3_std": 0.04487,
        "nauc_recall_at_3_diff1": 0.675376,
        "nauc_recall_at_5_max": 0.545295,
        "nauc_recall_at_5_std": 0.027535,
        "nauc_recall_at_5_diff1": 0.63832,
        "nauc_recall_at_10_max": 0.670675,
        "nauc_recall_at_10_std": 0.008648,
        "nauc_recall_at_10_diff1": 0.630787,
        "nauc_recall_at_20_max": 0.678472,
        "nauc_recall_at_20_std": 0.231276,
        "nauc_recall_at_20_diff1": 0.623075,
        "nauc_recall_at_100_max": 0.717612,
        "nauc_recall_at_100_std": 0.556022,
        "nauc_recall_at_100_diff1": 0.571137,
        "nauc_recall_at_1000_max": 0.358077,
        "nauc_recall_at_1000_std": 0.869281,
        "nauc_recall_at_1000_diff1": 0.869281,
        "nauc_precision_at_1_max": 0.539951,
        "nauc_precision_at_1_std": 0.082906,
        "nauc_precision_at_1_diff1": 0.754539,
        "nauc_precision_at_3_max": 0.481406,
        "nauc_precision_at_3_std": 0.287112,
        "nauc_precision_at_3_diff1": 0.329786,
        "nauc_precision_at_5_max": 0.46313,
        "nauc_precision_at_5_std": 0.344055,
        "nauc_precision_at_5_diff1": 0.175632,
        "nauc_precision_at_10_max": 0.449356,
        "nauc_precision_at_10_std": 0.389372,
        "nauc_precision_at_10_diff1": 0.032927,
        "nauc_precision_at_20_max": 0.3701,
        "nauc_precision_at_20_std": 0.497595,
        "nauc_precision_at_20_diff1": -0.043777,
        "nauc_precision_at_100_max": 0.26091,
        "nauc_precision_at_100_std": 0.576667,
        "nauc_precision_at_100_diff1": -0.250657,
        "nauc_precision_at_1000_max": 0.209261,
        "nauc_precision_at_1000_std": 0.583315,
        "nauc_precision_at_1000_diff1": -0.329869,
        "nauc_mrr_at_1_max": 0.539951,
        "nauc_mrr_at_1_std": 0.082906,
        "nauc_mrr_at_1_diff1": 0.754539,
        "nauc_mrr_at_3_max": 0.560643,
        "nauc_mrr_at_3_std": 0.088595,
        "nauc_mrr_at_3_diff1": 0.728048,
        "nauc_mrr_at_5_max": 0.563413,
        "nauc_mrr_at_5_std": 0.087253,
        "nauc_mrr_at_5_diff1": 0.726665,
        "nauc_mrr_at_10_max": 0.57168,
        "nauc_mrr_at_10_std": 0.087344,
        "nauc_mrr_at_10_diff1": 0.726815,
        "nauc_mrr_at_20_max": 0.570383,
        "nauc_mrr_at_20_std": 0.091056,
        "nauc_mrr_at_20_diff1": 0.726909,
        "nauc_mrr_at_100_max": 0.5701,
        "nauc_mrr_at_100_std": 0.090721,
        "nauc_mrr_at_100_diff1": 0.727373,
        "nauc_mrr_at_1000_max": 0.570089,
        "nauc_mrr_at_1000_std": 0.090655,
        "nauc_mrr_at_1000_diff1": 0.727516,
        "main_score": 0.73702,
        "hf_subset": "default",
        "languages": [
          "eng-Latn"
        ]
      }
    ]
  },
  "evaluation_time": 28.284198760986328,
  "kg_co2_emissions": null
}