{
  "dataset_revision": "20a6d6f312dd54037fe07a32d58e5e168867909d",
  "task_name": "SICK-R",
  "mteb_version": "1.26.3",
  "scores": {
    "test": [
      {
        "pearson": 0.822406,
        "spearman": 0.778028,
        "cosine_pearson": 0.822406,
        "cosine_spearman": 0.778028,
        "manhattan_pearson": 0.798812,
        "manhattan_spearman": 0.77697,
        "euclidean_pearson": 0.799701,
        "euclidean_spearman": 0.778028,
        "main_score": 0.778028,
        "hf_subset": "default",
        "languages": [
          "eng-Latn"
        ]
      }
    ]
  },
  "evaluation_time": 3.0903375148773193,
  "kg_co2_emissions": null
}