{
  "dataset_revision": "d66bd1f72af766a5cc4b0ca5e00c162f89e8cc46",
  "task_name": "SprintDuplicateQuestions",
  "mteb_version": "1.26.3",
  "scores": {
    "validation": [
      {
        "similarity_accuracy": 0.99804,
        "similarity_accuracy_threshold": 0.781145,
        "similarity_f1": 0.90045,
        "similarity_f1_threshold": 0.779538,
        "similarity_precision": 0.900901,
        "similarity_recall": 0.9,
        "similarity_ap": 0.953617,
        "cosine_accuracy": 0.99804,
        "cosine_accuracy_threshold": 0.781145,
        "cosine_f1": 0.90045,
        "cosine_f1_threshold": 0.779538,
        "cosine_precision": 0.900901,
        "cosine_recall": 0.9,
        "cosine_ap": 0.953617,
        "manhattan_accuracy": 0.99803,
        "manhattan_accuracy_threshold": 14.886877,
        "manhattan_f1": 0.902248,
        "manhattan_f1_threshold": 14.988391,
        "manhattan_precision": 0.882409,
        "manhattan_recall": 0.923,
        "manhattan_ap": 0.953043,
        "euclidean_accuracy": 0.99804,
        "euclidean_accuracy_threshold": 0.661596,
        "euclidean_f1": 0.90045,
        "euclidean_f1_threshold": 0.664021,
        "euclidean_precision": 0.900901,
        "euclidean_recall": 0.9,
        "euclidean_ap": 0.953617,
        "dot_accuracy": 0.99804,
        "dot_accuracy_threshold": 0.781145,
        "dot_f1": 0.90045,
        "dot_f1_threshold": 0.779538,
        "dot_precision": 0.900901,
        "dot_recall": 0.9,
        "dot_ap": 0.953617,
        "max_accuracy": 0.99804,
        "max_f1": 0.902248,
        "max_precision": 0.900901,
        "max_recall": 0.923,
        "max_ap": 0.953617,
        "main_score": 0.953617,
        "hf_subset": "default",
        "languages": [
          "eng-Latn"
        ]
      }
    ],
    "test": [
      {
        "similarity_accuracy": 0.998099,
        "similarity_accuracy_threshold": 0.786925,
        "similarity_f1": 0.902834,
        "similarity_f1_threshold": 0.786925,
        "similarity_precision": 0.913934,
        "similarity_recall": 0.892,
        "similarity_ap": 0.949477,
        "cosine_accuracy": 0.998099,
        "cosine_accuracy_threshold": 0.786925,
        "cosine_f1": 0.902834,
        "cosine_f1_threshold": 0.786925,
        "cosine_precision": 0.913934,
        "cosine_recall": 0.892,
        "cosine_ap": 0.949477,
        "manhattan_accuracy": 0.998069,
        "manhattan_accuracy_threshold": 14.05274,
        "manhattan_f1": 0.901241,
        "manhattan_f1_threshold": 14.635399,
        "manhattan_precision": 0.894581,
        "manhattan_recall": 0.908,
        "manhattan_ap": 0.949535,
        "euclidean_accuracy": 0.998099,
        "euclidean_accuracy_threshold": 0.652802,
        "euclidean_f1": 0.902834,
        "euclidean_f1_threshold": 0.652802,
        "euclidean_precision": 0.913934,
        "euclidean_recall": 0.892,
        "euclidean_ap": 0.949477,
        "dot_accuracy": 0.998099,
        "dot_accuracy_threshold": 0.786925,
        "dot_f1": 0.902834,
        "dot_f1_threshold": 0.786925,
        "dot_precision": 0.913934,
        "dot_recall": 0.892,
        "dot_ap": 0.949477,
        "max_accuracy": 0.998099,
        "max_f1": 0.902834,
        "max_precision": 0.913934,
        "max_recall": 0.908,
        "max_ap": 0.949535,
        "main_score": 0.949535,
        "hf_subset": "default",
        "languages": [
          "eng-Latn"
        ]
      }
    ]
  },
  "evaluation_time": 45.329346656799316,
  "kg_co2_emissions": null
}