{
  "dataset_revision": "e185fbe320c72810689fc5848eb6114e1ef5ec69",
  "task_name": "StackOverflowDupQuestions",
  "mteb_version": "1.26.3",
  "scores": {
    "test": [
      {
        "map": 0.509884,
        "mrr": 0.516864,
        "nAUC_map_max": 0.138086,
        "nAUC_map_std": 0.087368,
        "nAUC_map_diff1": 0.365765,
        "nAUC_mrr_max": 0.15335,
        "nAUC_mrr_std": 0.099863,
        "nAUC_mrr_diff1": 0.366168,
        "main_score": 0.509884,
        "hf_subset": "default",
        "languages": [
          "eng-Latn"
        ]
      }
    ]
  },
  "evaluation_time": 15.322028636932373,
  "kg_co2_emissions": null
}