{
  "dataset_revision": "7e90230a92c190f1bf69ae9002b8cea547a64cca",
  "task_name": "STS13",
  "mteb_version": "1.26.3",
  "scores": {
    "test": [
      {
        "pearson": 0.776798,
        "spearman": 0.79626,
        "cosine_pearson": 0.776798,
        "cosine_spearman": 0.79626,
        "manhattan_pearson": 0.778463,
        "manhattan_spearman": 0.793885,
        "euclidean_pearson": 0.780868,
        "euclidean_spearman": 0.79626,
        "main_score": 0.79626,
        "hf_subset": "default",
        "languages": [
          "eng-Latn"
        ]
      }
    ]
  },
  "evaluation_time": 0.5838863849639893,
  "kg_co2_emissions": null
}