{
  "dataset_revision": "4d8694f8f0e0100860b497b999b3dbed754a0513",
  "task_name": "STS16",
  "mteb_version": "1.26.3",
  "scores": {
    "test": [
      {
        "pearson": 0.78729,
        "spearman": 0.801143,
        "cosine_pearson": 0.78729,
        "cosine_spearman": 0.801143,
        "manhattan_pearson": 0.791073,
        "manhattan_spearman": 0.801264,
        "euclidean_pearson": 0.791129,
        "euclidean_spearman": 0.801143,
        "main_score": 0.801143,
        "hf_subset": "default",
        "languages": [
          "eng-Latn"
        ]
      }
    ]
  },
  "evaluation_time": 0.5328636169433594,
  "kg_co2_emissions": null
}