{
  "dataset_revision": "b0fddb56ed78048fa8b90373c8a3cfc37b684831",
  "task_name": "STSBenchmark",
  "mteb_version": "1.26.3",
  "scores": {
    "test": [
      {
        "pearson": 0.813802,
        "spearman": 0.817222,
        "cosine_pearson": 0.813802,
        "cosine_spearman": 0.817223,
        "manhattan_pearson": 0.816127,
        "manhattan_spearman": 0.816425,
        "euclidean_pearson": 0.816831,
        "euclidean_spearman": 0.817223,
        "main_score": 0.817223,
        "hf_subset": "default",
        "languages": [
          "eng-Latn"
        ]
      }
    ]
  },
  "evaluation_time": 0.5208396911621094,
  "kg_co2_emissions": null
}