{
  "dataset_revision": "cda12ad7615edc362dbf25a00fdd61d3b1eaf93c",
  "task_name": "SummEval",
  "mteb_version": "1.26.3",
  "scores": {
    "test": [
      {
        "pearson": 0.317865,
        "spearman": 0.303052,
        "cosine_spearman": 0.303052,
        "cosine_pearson": 0.317865,
        "dot_spearman": 0.303052,
        "dot_pearson": 0.317865,
        "main_score": 0.303052,
        "hf_subset": "default",
        "languages": [
          "eng-Latn"
        ]
      }
    ]
  },
  "evaluation_time": 2.8759870529174805,
  "kg_co2_emissions": null
}