{
  "dataset_revision": "6125ec4e24fa026cec8a478383ee943acfbd5449",
  "task_name": "TwentyNewsgroupsClustering",
  "mteb_version": "1.26.3",
  "scores": {
    "test": [
      {
        "v_measure": 0.433612,
        "v_measure_std": 0.018735,
        "v_measures": [
          0.43674,
          0.428176,
          0.430162,
          0.459891,
          0.394471,
          0.45859,
          0.439531,
          0.428648,
          0.413741,
          0.446174
        ],
        "main_score": 0.433612,
        "hf_subset": "default",
        "languages": [
          "eng-Latn"
        ]
      }
    ]
  },
  "evaluation_time": 9.776274681091309,
  "kg_co2_emissions": null
}