{
  "dataset_revision": "c22ab2a51041ffd869aaddef7af8d8215647e41a",
  "task_name": "ArguAna",
  "mteb_version": "1.26.3",
  "scores": {
    "test": [
      {
        "ndcg_at_1": 0.18137,
        "ndcg_at_3": 0.30109,
        "ndcg_at_5": 0.34853,
        "ndcg_at_10": 0.39556,
        "ndcg_at_20": 0.42743,
        "ndcg_at_100": 0.45561,
        "ndcg_at_1000": 0.46397,
        "map_at_1": 0.18137,
        "map_at_3": 0.27146,
        "map_at_5": 0.29777,
        "map_at_10": 0.31724,
        "map_at_20": 0.3261,
        "map_at_100": 0.33028,
        "map_at_1000": 0.33061,
        "recall_at_1": 0.18137,
        "recall_at_3": 0.38691,
        "recall_at_5": 0.50213,
        "recall_at_10": 0.64723,
        "recall_at_20": 0.7724,
        "recall_at_100": 0.92034,
        "recall_at_1000": 0.98506,
        "precision_at_1": 0.18137,
        "precision_at_3": 0.12897,
        "precision_at_5": 0.10043,
        "precision_at_10": 0.06472,
        "precision_at_20": 0.03862,
        "precision_at_100": 0.0092,
        "precision_at_1000": 0.00099,
        "mrr_at_1": 0.187055,
        "mrr_at_3": 0.273826,
        "mrr_at_5": 0.299822,
        "mrr_at_10": 0.319543,
        "mrr_at_20": 0.328397,
        "mrr_at_100": 0.332579,
        "mrr_at_1000": 0.33291,
        "nauc_ndcg_at_1_max": -0.079061,
        "nauc_ndcg_at_1_std": -0.049435,
        "nauc_ndcg_at_1_diff1": 0.094949,
        "nauc_ndcg_at_3_max": -0.003267,
        "nauc_ndcg_at_3_std": -0.02496,
        "nauc_ndcg_at_3_diff1": 0.077223,
        "nauc_ndcg_at_5_max": -0.012198,
        "nauc_ndcg_at_5_std": -0.024999,
        "nauc_ndcg_at_5_diff1": 0.080352,
        "nauc_ndcg_at_10_max": -0.00443,
        "nauc_ndcg_at_10_std": -0.006893,
        "nauc_ndcg_at_10_diff1": 0.074909,
        "nauc_ndcg_at_20_max": 0.008018,
        "nauc_ndcg_at_20_std": 0.012806,
        "nauc_ndcg_at_20_diff1": 0.085663,
        "nauc_ndcg_at_100_max": 0.001072,
        "nauc_ndcg_at_100_std": 0.015724,
        "nauc_ndcg_at_100_diff1": 0.085822,
        "nauc_ndcg_at_1000_max": -0.006617,
        "nauc_ndcg_at_1000_std": 0.003886,
        "nauc_ndcg_at_1000_diff1": 0.083591,
        "nauc_map_at_1_max": -0.079061,
        "nauc_map_at_1_std": -0.049435,
        "nauc_map_at_1_diff1": 0.094949,
        "nauc_map_at_3_max": -0.021166,
        "nauc_map_at_3_std": -0.031294,
        "nauc_map_at_3_diff1": 0.078656,
        "nauc_map_at_5_max": -0.026367,
        "nauc_map_at_5_std": -0.031136,
        "nauc_map_at_5_diff1": 0.080477,
        "nauc_map_at_10_max": -0.023666,
        "nauc_map_at_10_std": -0.023896,
        "nauc_map_at_10_diff1": 0.078138,
        "nauc_map_at_20_max": -0.020322,
        "nauc_map_at_20_std": -0.018572,
        "nauc_map_at_20_diff1": 0.081709,
        "nauc_map_at_100_max": -0.021203,
        "nauc_map_at_100_std": -0.0181,
        "nauc_map_at_100_diff1": 0.081935,
        "nauc_map_at_1000_max": -0.021477,
        "nauc_map_at_1000_std": -0.018444,
        "nauc_map_at_1000_diff1": 0.08188,
        "nauc_recall_at_1_max": -0.079061,
        "nauc_recall_at_1_std": -0.049435,
        "nauc_recall_at_1_diff1": 0.094949,
        "nauc_recall_at_3_max": 0.042223,
        "nauc_recall_at_3_std": -0.00869,
        "nauc_recall_at_3_diff1": 0.074444,
        "nauc_recall_at_5_max": 0.02355,
        "nauc_recall_at_5_std": -0.009109,
        "nauc_recall_at_5_diff1": 0.081262,
        "nauc_recall_at_10_max": 0.056782,
        "nauc_recall_at_10_std": 0.052901,
        "nauc_recall_at_10_diff1": 0.06441,
        "nauc_recall_at_20_max": 0.142403,
        "nauc_recall_at_20_std": 0.176186,
        "nauc_recall_at_20_diff1": 0.110121,
        "nauc_recall_at_100_max": 0.220575,
        "nauc_recall_at_100_std": 0.458514,
        "nauc_recall_at_100_diff1": 0.137405,
        "nauc_recall_at_1000_max": 0.184365,
        "nauc_recall_at_1000_std": 0.770358,
        "nauc_recall_at_1000_diff1": 0.045886,
        "nauc_precision_at_1_max": -0.079061,
        "nauc_precision_at_1_std": -0.049435,
        "nauc_precision_at_1_diff1": 0.094949,
        "nauc_precision_at_3_max": 0.042223,
        "nauc_precision_at_3_std": -0.00869,
        "nauc_precision_at_3_diff1": 0.074444,
        "nauc_precision_at_5_max": 0.02355,
        "nauc_precision_at_5_std": -0.009109,
        "nauc_precision_at_5_diff1": 0.081262,
        "nauc_precision_at_10_max": 0.056782,
        "nauc_precision_at_10_std": 0.052901,
        "nauc_precision_at_10_diff1": 0.06441,
        "nauc_precision_at_20_max": 0.142403,
        "nauc_precision_at_20_std": 0.176186,
        "nauc_precision_at_20_diff1": 0.110121,
        "nauc_precision_at_100_max": 0.220575,
        "nauc_precision_at_100_std": 0.458514,
        "nauc_precision_at_100_diff1": 0.137405,
        "nauc_precision_at_1000_max": 0.184365,
        "nauc_precision_at_1000_std": 0.770358,
        "nauc_precision_at_1000_diff1": 0.045886,
        "nauc_mrr_at_1_max": -0.070187,
        "nauc_mrr_at_1_std": -0.039451,
        "nauc_mrr_at_1_diff1": 0.071939,
        "nauc_mrr_at_3_max": -0.025986,
        "nauc_mrr_at_3_std": -0.029667,
        "nauc_mrr_at_3_diff1": 0.059617,
        "nauc_mrr_at_5_max": -0.031111,
        "nauc_mrr_at_5_std": -0.029231,
        "nauc_mrr_at_5_diff1": 0.062021,
        "nauc_mrr_at_10_max": -0.027604,
        "nauc_mrr_at_10_std": -0.021482,
        "nauc_mrr_at_10_diff1": 0.059926,
        "nauc_mrr_at_20_max": -0.02412,
        "nauc_mrr_at_20_std": -0.016202,
        "nauc_mrr_at_20_diff1": 0.063566,
        "nauc_mrr_at_100_max": -0.025053,
        "nauc_mrr_at_100_std": -0.01571,
        "nauc_mrr_at_100_diff1": 0.063562,
        "nauc_mrr_at_1000_max": -0.025328,
        "nauc_mrr_at_1000_std": -0.016047,
        "nauc_mrr_at_1000_diff1": 0.063487,
        "main_score": 0.39556,
        "hf_subset": "default",
        "languages": [
          "eng-Latn"
        ]
      }
    ]
  },
  "evaluation_time": 19.811477422714233,
  "kg_co2_emissions": null
}