{
  "dataset_revision": "0fd18e25b25c072e09e0d92ab615fda904d66300",
  "task_name": "Banking77Classification",
  "mteb_version": "1.26.3",
  "scores": {
    "test": [
      {
        "accuracy": 0.75487,
        "f1": 0.753983,
        "f1_weighted": 0.753983,
        "scores_per_experiment": [
          {
            "accuracy": 0.752922,
            "f1": 0.751454,
            "f1_weighted": 0.751454
          },
          {
            "accuracy": 0.751623,
            "f1": 0.751625,
            "f1_weighted": 0.751625
          },
          {
            "accuracy": 0.759416,
            "f1": 0.757557,
            "f1_weighted": 0.757557
          },
          {
            "accuracy": 0.766234,
            "f1": 0.767571,
            "f1_weighted": 0.767571
          },
          {
            "accuracy": 0.759416,
            "f1": 0.758961,
            "f1_weighted": 0.758961
          },
          {
            "accuracy": 0.750649,
            "f1": 0.747364,
            "f1_weighted": 0.747364
          },
          {
            "accuracy": 0.768831,
            "f1": 0.767374,
            "f1_weighted": 0.767374
          },
          {
            "accuracy": 0.746104,
            "f1": 0.745,
            "f1_weighted": 0.745
          },
          {
            "accuracy": 0.748377,
            "f1": 0.748947,
            "f1_weighted": 0.748947
          },
          {
            "accuracy": 0.74513,
            "f1": 0.743974,
            "f1_weighted": 0.743974
          }
        ],
        "main_score": 0.75487,
        "hf_subset": "default",
        "languages": [
          "eng-Latn"
        ]
      }
    ]
  },
  "evaluation_time": 14.701958656311035,
  "kg_co2_emissions": null
}