{
  "dataset_revision": "258694dd0231531bc1fd9de6ceb52a0853c6d908",
  "task_name": "BiorxivClusteringS2S",
  "mteb_version": "1.26.3",
  "scores": {
    "test": [
      {
        "v_measure": 0.257039,
        "v_measure_std": 0.007745,
        "v_measures": [
          0.25153,
          0.255897,
          0.260382,
          0.242679,
          0.25267,
          0.266667,
          0.250602,
          0.263575,
          0.256909,
          0.269481
        ],
        "main_score": 0.257039,
        "hf_subset": "default",
        "languages": [
          "eng-Latn"
        ]
      }
    ]
  },
  "evaluation_time": 20.987627506256104,
  "kg_co2_emissions": null
}