{
  "dataset_revision": "4f58c6b202a23cf9a4da393831edf4f9183cad37",
  "task_name": "EmotionClassification",
  "mteb_version": "1.26.3",
  "scores": {
    "validation": [
      {
        "accuracy": 0.45565,
        "f1": 0.408991,
        "f1_weighted": 0.477842,
        "scores_per_experiment": [
          {
            "accuracy": 0.4855,
            "f1": 0.426513,
            "f1_weighted": 0.510718
          },
          {
            "accuracy": 0.472,
            "f1": 0.413225,
            "f1_weighted": 0.489918
          },
          {
            "accuracy": 0.477,
            "f1": 0.419144,
            "f1_weighted": 0.495393
          },
          {
            "accuracy": 0.4395,
            "f1": 0.400718,
            "f1_weighted": 0.465597
          },
          {
            "accuracy": 0.465,
            "f1": 0.423031,
            "f1_weighted": 0.487547
          },
          {
            "accuracy": 0.4365,
            "f1": 0.390563,
            "f1_weighted": 0.457404
          },
          {
            "accuracy": 0.452,
            "f1": 0.404156,
            "f1_weighted": 0.472849
          },
          {
            "accuracy": 0.435,
            "f1": 0.39904,
            "f1_weighted": 0.457862
          },
          {
            "accuracy": 0.473,
            "f1": 0.431477,
            "f1_weighted": 0.490889
          },
          {
            "accuracy": 0.421,
            "f1": 0.382038,
            "f1_weighted": 0.450242
          }
        ],
        "main_score": 0.45565,
        "hf_subset": "default",
        "languages": [
          "eng-Latn"
        ]
      }
    ],
    "test": [
      {
        "accuracy": 0.4569,
        "f1": 0.405153,
        "f1_weighted": 0.481388,
        "scores_per_experiment": [
          {
            "accuracy": 0.489,
            "f1": 0.428251,
            "f1_weighted": 0.517823
          },
          {
            "accuracy": 0.464,
            "f1": 0.403335,
            "f1_weighted": 0.48168
          },
          {
            "accuracy": 0.469,
            "f1": 0.409801,
            "f1_weighted": 0.488979
          },
          {
            "accuracy": 0.4465,
            "f1": 0.403342,
            "f1_weighted": 0.477327
          },
          {
            "accuracy": 0.463,
            "f1": 0.413515,
            "f1_weighted": 0.485179
          },
          {
            "accuracy": 0.4395,
            "f1": 0.385065,
            "f1_weighted": 0.465052
          },
          {
            "accuracy": 0.452,
            "f1": 0.392407,
            "f1_weighted": 0.475598
          },
          {
            "accuracy": 0.4355,
            "f1": 0.396323,
            "f1_weighted": 0.460253
          },
          {
            "accuracy": 0.457,
            "f1": 0.413702,
            "f1_weighted": 0.477597
          },
          {
            "accuracy": 0.4535,
            "f1": 0.405792,
            "f1_weighted": 0.484392
          }
        ],
        "main_score": 0.4569,
        "hf_subset": "default",
        "languages": [
          "eng-Latn"
        ]
      }
    ]
  },
  "evaluation_time": 10.369858026504517,
  "kg_co2_emissions": null
}