{
  "dataset_revision": "4672e20407010da34463acc759c162ca9734bca6",
  "task_name": "MassiveIntentClassification",
  "mteb_version": "1.26.3",
  "scores": {
    "validation": [
      {
        "accuracy": 0.684506,
        "f1": 0.667489,
        "f1_weighted": 0.686309,
        "scores_per_experiment": [
          {
            "accuracy": 0.680767,
            "f1": 0.657776,
            "f1_weighted": 0.686503
          },
          {
            "accuracy": 0.693064,
            "f1": 0.665972,
            "f1_weighted": 0.700139
          },
          {
            "accuracy": 0.695032,
            "f1": 0.679215,
            "f1_weighted": 0.692261
          },
          {
            "accuracy": 0.700443,
            "f1": 0.672321,
            "f1_weighted": 0.701806
          },
          {
            "accuracy": 0.686178,
            "f1": 0.671605,
            "f1_weighted": 0.687209
          },
          {
            "accuracy": 0.669946,
            "f1": 0.65579,
            "f1_weighted": 0.668974
          },
          {
            "accuracy": 0.672897,
            "f1": 0.66217,
            "f1_weighted": 0.673987
          },
          {
            "accuracy": 0.674865,
            "f1": 0.665077,
            "f1_weighted": 0.675665
          },
          {
            "accuracy": 0.674865,
            "f1": 0.669395,
            "f1_weighted": 0.681726
          },
          {
            "accuracy": 0.697,
            "f1": 0.675571,
            "f1_weighted": 0.694826
          }
        ],
        "main_score": 0.684506,
        "hf_subset": "en",
        "languages": [
          "eng-Latn"
        ]
      }
    ],
    "test": [
      {
        "accuracy": 0.672058,
        "f1": 0.657443,
        "f1_weighted": 0.67438,
        "scores_per_experiment": [
          {
            "accuracy": 0.671486,
            "f1": 0.668704,
            "f1_weighted": 0.677636
          },
          {
            "accuracy": 0.685272,
            "f1": 0.661915,
            "f1_weighted": 0.691106
          },
          {
            "accuracy": 0.667787,
            "f1": 0.648868,
            "f1_weighted": 0.663281
          },
          {
            "accuracy": 0.691325,
            "f1": 0.671326,
            "f1_weighted": 0.695953
          },
          {
            "accuracy": 0.672831,
            "f1": 0.653104,
            "f1_weighted": 0.672179
          },
          {
            "accuracy": 0.65232,
            "f1": 0.648288,
            "f1_weighted": 0.652967
          },
          {
            "accuracy": 0.67115,
            "f1": 0.656681,
            "f1_weighted": 0.673069
          },
          {
            "accuracy": 0.66308,
            "f1": 0.643711,
            "f1_weighted": 0.668198
          },
          {
            "accuracy": 0.669132,
            "f1": 0.657816,
            "f1_weighted": 0.673282
          },
          {
            "accuracy": 0.676194,
            "f1": 0.664021,
            "f1_weighted": 0.676128
          }
        ],
        "main_score": 0.672058,
        "hf_subset": "en",
        "languages": [
          "eng-Latn"
        ]
      }
    ]
  },
  "evaluation_time": 10.133169651031494,
  "kg_co2_emissions": null
}