{
  "dataset_revision": "35191c8c0dca72d8ff3efcd72aa802307d469663",
  "task_name": "MedrxivClusteringS2S",
  "mteb_version": "1.26.3",
  "scores": {
    "test": [
      {
        "v_measure": 0.25851,
        "v_measure_std": 0.012682,
        "v_measures": [
          0.245998,
          0.23978,
          0.248894,
          0.249165,
          0.252602,
          0.268901,
          0.282126,
          0.265551,
          0.271411,
          0.260667
        ],
        "main_score": 0.25851,
        "hf_subset": "default",
        "languages": [
          "eng-Latn"
        ]
      }
    ]
  },
  "evaluation_time": 12.569389343261719,
  "kg_co2_emissions": null
}