{
  "dataset_revision": "ec0fa4fe99da2ff19ca1214b7966684033a58814",
  "task_name": "NFCorpus",
  "mteb_version": "1.26.3",
  "scores": {
    "test": [
      {
        "ndcg_at_1": 0.18421,
        "ndcg_at_3": 0.15199,
        "ndcg_at_5": 0.14687,
        "ndcg_at_10": 0.13487,
        "ndcg_at_20": 0.12576,
        "ndcg_at_100": 0.13732,
        "ndcg_at_1000": 0.23771,
        "map_at_1": 0.01844,
        "map_at_3": 0.02414,
        "map_at_5": 0.02875,
        "map_at_10": 0.03254,
        "map_at_20": 0.03597,
        "map_at_100": 0.04362,
        "map_at_1000": 0.05421,
        "recall_at_1": 0.01844,
        "recall_at_3": 0.02847,
        "recall_at_5": 0.04325,
        "recall_at_10": 0.05587,
        "recall_at_20": 0.07491,
        "recall_at_100": 0.16813,
        "recall_at_1000": 0.5175,
        "precision_at_1": 0.20124,
        "precision_at_3": 0.14448,
        "precision_at_5": 0.12879,
        "precision_at_10": 0.10526,
        "precision_at_20": 0.08189,
        "precision_at_100": 0.04402,
        "precision_at_1000": 0.0176,
        "mrr_at_1": 0.204334,
        "mrr_at_3": 0.246646,
        "mrr_at_5": 0.26677,
        "mrr_at_10": 0.277837,
        "mrr_at_20": 0.282725,
        "mrr_at_100": 0.286852,
        "mrr_at_1000": 0.287784,
        "nauc_ndcg_at_1_max": 0.015012,
        "nauc_ndcg_at_1_std": 0.051881,
        "nauc_ndcg_at_1_diff1": 0.144716,
        "nauc_ndcg_at_3_max": 0.069332,
        "nauc_ndcg_at_3_std": 0.089797,
        "nauc_ndcg_at_3_diff1": 0.057561,
        "nauc_ndcg_at_5_max": 0.078148,
        "nauc_ndcg_at_5_std": 0.089652,
        "nauc_ndcg_at_5_diff1": 0.028283,
        "nauc_ndcg_at_10_max": 0.071436,
        "nauc_ndcg_at_10_std": 0.122937,
        "nauc_ndcg_at_10_diff1": 0.042668,
        "nauc_ndcg_at_20_max": 0.065707,
        "nauc_ndcg_at_20_std": 0.12033,
        "nauc_ndcg_at_20_diff1": 0.046624,
        "nauc_ndcg_at_100_max": 0.133264,
        "nauc_ndcg_at_100_std": 0.152343,
        "nauc_ndcg_at_100_diff1": 0.040954,
        "nauc_ndcg_at_1000_max": 0.205193,
        "nauc_ndcg_at_1000_std": 0.201052,
        "nauc_ndcg_at_1000_diff1": 0.016765,
        "nauc_map_at_1_max": 0.010719,
        "nauc_map_at_1_std": -0.132281,
        "nauc_map_at_1_diff1": 0.172993,
        "nauc_map_at_3_max": 0.076371,
        "nauc_map_at_3_std": -0.075557,
        "nauc_map_at_3_diff1": 0.098664,
        "nauc_map_at_5_max": 0.100287,
        "nauc_map_at_5_std": -0.064483,
        "nauc_map_at_5_diff1": 0.074442,
        "nauc_map_at_10_max": 0.101163,
        "nauc_map_at_10_std": -0.027571,
        "nauc_map_at_10_diff1": 0.067983,
        "nauc_map_at_20_max": 0.100207,
        "nauc_map_at_20_std": -0.019881,
        "nauc_map_at_20_diff1": 0.06817,
        "nauc_map_at_100_max": 0.112208,
        "nauc_map_at_100_std": 0.037461,
        "nauc_map_at_100_diff1": 0.052541,
        "nauc_map_at_1000_max": 0.12023,
        "nauc_map_at_1000_std": 0.091672,
        "nauc_map_at_1000_diff1": 0.049847,
        "nauc_recall_at_1_max": 0.010719,
        "nauc_recall_at_1_std": -0.132281,
        "nauc_recall_at_1_diff1": 0.172993,
        "nauc_recall_at_3_max": 0.102488,
        "nauc_recall_at_3_std": -0.034626,
        "nauc_recall_at_3_diff1": 0.048963,
        "nauc_recall_at_5_max": 0.144422,
        "nauc_recall_at_5_std": -0.034427,
        "nauc_recall_at_5_diff1": 0.001572,
        "nauc_recall_at_10_max": 0.141082,
        "nauc_recall_at_10_std": 0.023061,
        "nauc_recall_at_10_diff1": 0.000375,
        "nauc_recall_at_20_max": 0.097498,
        "nauc_recall_at_20_std": 0.009961,
        "nauc_recall_at_20_diff1": 0.015502,
        "nauc_recall_at_100_max": 0.113526,
        "nauc_recall_at_100_std": 0.142877,
        "nauc_recall_at_100_diff1": 0.01119,
        "nauc_recall_at_1000_max": 0.117815,
        "nauc_recall_at_1000_std": 0.126706,
        "nauc_recall_at_1000_diff1": 0.003059,
        "nauc_precision_at_1_max": 0.071152,
        "nauc_precision_at_1_std": 0.056088,
        "nauc_precision_at_1_diff1": 0.158327,
        "nauc_precision_at_3_max": 0.121224,
        "nauc_precision_at_3_std": 0.137948,
        "nauc_precision_at_3_diff1": 0.016203,
        "nauc_precision_at_5_max": 0.104234,
        "nauc_precision_at_5_std": 0.153713,
        "nauc_precision_at_5_diff1": -0.032087,
        "nauc_precision_at_10_max": 0.084592,
        "nauc_precision_at_10_std": 0.223797,
        "nauc_precision_at_10_diff1": 0.003578,
        "nauc_precision_at_20_max": 0.053455,
        "nauc_precision_at_20_std": 0.231558,
        "nauc_precision_at_20_diff1": -0.000837,
        "nauc_precision_at_100_max": 0.042211,
        "nauc_precision_at_100_std": 0.275758,
        "nauc_precision_at_100_diff1": 0.010468,
        "nauc_precision_at_1000_max": 0.021069,
        "nauc_precision_at_1000_std": 0.248611,
        "nauc_precision_at_1000_diff1": 0.059463,
        "nauc_mrr_at_1_max": 0.066926,
        "nauc_mrr_at_1_std": 0.061739,
        "nauc_mrr_at_1_diff1": 0.146768,
        "nauc_mrr_at_3_max": 0.100067,
        "nauc_mrr_at_3_std": 0.09262,
        "nauc_mrr_at_3_diff1": 0.099089,
        "nauc_mrr_at_5_max": 0.101131,
        "nauc_mrr_at_5_std": 0.099466,
        "nauc_mrr_at_5_diff1": 0.078769,
        "nauc_mrr_at_10_max": 0.110663,
        "nauc_mrr_at_10_std": 0.102949,
        "nauc_mrr_at_10_diff1": 0.077058,
        "nauc_mrr_at_20_max": 0.109244,
        "nauc_mrr_at_20_std": 0.103633,
        "nauc_mrr_at_20_diff1": 0.076381,
        "nauc_mrr_at_100_max": 0.110189,
        "nauc_mrr_at_100_std": 0.104919,
        "nauc_mrr_at_100_diff1": 0.076899,
        "nauc_mrr_at_1000_max": 0.109824,
        "nauc_mrr_at_1000_std": 0.104309,
        "nauc_mrr_at_1000_diff1": 0.076669,
        "main_score": 0.13487,
        "hf_subset": "default",
        "languages": [
          "eng-Latn"
        ]
      }
    ]
  },
  "evaluation_time": 11.333182334899902,
  "kg_co2_emissions": null
}