{
  "dataset_revision": "d3c5e1fc0b855ab6097bf1cda04dd73947d7caab",
  "task_name": "SciDocsRR",
  "mteb_version": "1.26.3",
  "scores": {
    "test": [
      {
        "map": 0.711449,
        "mrr": 0.897386,
        "nAUC_map_max": 0.560737,
        "nAUC_map_std": 0.651148,
        "nAUC_map_diff1": 0.071983,
        "nAUC_mrr_max": 0.718652,
        "nAUC_mrr_std": 0.635757,
        "nAUC_mrr_diff1": 0.427596,
        "main_score": 0.711449,
        "hf_subset": "default",
        "languages": [
          "eng-Latn"
        ]
      }
    ]
  },
  "evaluation_time": 20.42667531967163,
  "kg_co2_emissions": null
}