{
  "dataset_revision": "0228b52cf27578f30900b9e5271d331663a030d7",
  "task_name": "SciFact",
  "mteb_version": "1.26.3",
  "scores": {
    "train": [
      {
        "ndcg_at_1": 0.22002,
        "ndcg_at_3": 0.28608,
        "ndcg_at_5": 0.31052,
        "ndcg_at_10": 0.3343,
        "ndcg_at_20": 0.3563,
        "ndcg_at_100": 0.39614,
        "ndcg_at_1000": 0.42126,
        "map_at_1": 0.20369,
        "map_at_3": 0.263,
        "map_at_5": 0.27755,
        "map_at_10": 0.28788,
        "map_at_20": 0.29434,
        "map_at_100": 0.30038,
        "map_at_1000": 0.3013,
        "recall_at_1": 0.20369,
        "recall_at_3": 0.33321,
        "recall_at_5": 0.39285,
        "recall_at_10": 0.46201,
        "recall_at_20": 0.54569,
        "recall_at_100": 0.75278,
        "recall_at_1000": 0.94932,
        "precision_at_1": 0.22002,
        "precision_at_3": 0.12361,
        "precision_at_5": 0.08801,
        "precision_at_10": 0.05229,
        "precision_at_20": 0.03115,
        "precision_at_100": 0.00859,
        "precision_at_1000": 0.00108,
        "mrr_at_1": 0.220025,
        "mrr_at_3": 0.279563,
        "mrr_at_5": 0.293346,
        "mrr_at_10": 0.303576,
        "mrr_at_20": 0.309087,
        "mrr_at_100": 0.314236,
        "mrr_at_1000": 0.315049,
        "nauc_ndcg_at_1_max": 0.173218,
        "nauc_ndcg_at_1_std": -0.046288,
        "nauc_ndcg_at_1_diff1": 0.36622,
        "nauc_ndcg_at_3_max": 0.132655,
        "nauc_ndcg_at_3_std": 0.004448,
        "nauc_ndcg_at_3_diff1": 0.311574,
        "nauc_ndcg_at_5_max": 0.133954,
        "nauc_ndcg_at_5_std": 0.000111,
        "nauc_ndcg_at_5_diff1": 0.290552,
        "nauc_ndcg_at_10_max": 0.125209,
        "nauc_ndcg_at_10_std": 0.016687,
        "nauc_ndcg_at_10_diff1": 0.284886,
        "nauc_ndcg_at_20_max": 0.123152,
        "nauc_ndcg_at_20_std": 0.016789,
        "nauc_ndcg_at_20_diff1": 0.292403,
        "nauc_ndcg_at_100_max": 0.136511,
        "nauc_ndcg_at_100_std": 0.041249,
        "nauc_ndcg_at_100_diff1": 0.292276,
        "nauc_ndcg_at_1000_max": 0.137738,
        "nauc_ndcg_at_1000_std": 0.028399,
        "nauc_ndcg_at_1000_diff1": 0.296394,
        "nauc_map_at_1_max": 0.145605,
        "nauc_map_at_1_std": -0.058331,
        "nauc_map_at_1_diff1": 0.372156,
        "nauc_map_at_3_max": 0.134216,
        "nauc_map_at_3_std": -0.014179,
        "nauc_map_at_3_diff1": 0.325535,
        "nauc_map_at_5_max": 0.137441,
        "nauc_map_at_5_std": -0.015793,
        "nauc_map_at_5_diff1": 0.312034,
        "nauc_map_at_10_max": 0.133257,
        "nauc_map_at_10_std": -0.007681,
        "nauc_map_at_10_diff1": 0.310249,
        "nauc_map_at_20_max": 0.132174,
        "nauc_map_at_20_std": -0.006423,
        "nauc_map_at_20_diff1": 0.311833,
        "nauc_map_at_100_max": 0.135432,
        "nauc_map_at_100_std": -0.001931,
        "nauc_map_at_100_diff1": 0.311928,
        "nauc_map_at_1000_max": 0.135546,
        "nauc_map_at_1000_std": -0.002314,
        "nauc_map_at_1000_diff1": 0.31203,
        "nauc_recall_at_1_max": 0.145605,
        "nauc_recall_at_1_std": -0.058331,
        "nauc_recall_at_1_diff1": 0.372156,
        "nauc_recall_at_3_max": 0.106841,
        "nauc_recall_at_3_std": 0.038248,
        "nauc_recall_at_3_diff1": 0.2815,
        "nauc_recall_at_5_max": 0.109688,
        "nauc_recall_at_5_std": 0.029739,
        "nauc_recall_at_5_diff1": 0.236803,
        "nauc_recall_at_10_max": 0.083522,
        "nauc_recall_at_10_std": 0.067915,
        "nauc_recall_at_10_diff1": 0.215982,
        "nauc_recall_at_20_max": 0.073974,
        "nauc_recall_at_20_std": 0.066618,
        "nauc_recall_at_20_diff1": 0.244099,
        "nauc_recall_at_100_max": 0.126214,
        "nauc_recall_at_100_std": 0.246268,
        "nauc_recall_at_100_diff1": 0.219805,
        "nauc_recall_at_1000_max": 0.138025,
        "nauc_recall_at_1000_std": 0.368818,
        "nauc_recall_at_1000_diff1": 0.197799,
        "nauc_precision_at_1_max": 0.173218,
        "nauc_precision_at_1_std": -0.046288,
        "nauc_precision_at_1_diff1": 0.36622,
        "nauc_precision_at_3_max": 0.15803,
        "nauc_precision_at_3_std": 0.050001,
        "nauc_precision_at_3_diff1": 0.262037,
        "nauc_precision_at_5_max": 0.163793,
        "nauc_precision_at_5_std": 0.049914,
        "nauc_precision_at_5_diff1": 0.206509,
        "nauc_precision_at_10_max": 0.135258,
        "nauc_precision_at_10_std": 0.112124,
        "nauc_precision_at_10_diff1": 0.188307,
        "nauc_precision_at_20_max": 0.123849,
        "nauc_precision_at_20_std": 0.122875,
        "nauc_precision_at_20_diff1": 0.187253,
        "nauc_precision_at_100_max": 0.183859,
        "nauc_precision_at_100_std": 0.281151,
        "nauc_precision_at_100_diff1": 0.119641,
        "nauc_precision_at_1000_max": 0.185213,
        "nauc_precision_at_1000_std": 0.229692,
        "nauc_precision_at_1000_diff1": 0.022381,
        "nauc_mrr_at_1_max": 0.173218,
        "nauc_mrr_at_1_std": -0.046288,
        "nauc_mrr_at_1_diff1": 0.36622,
        "nauc_mrr_at_3_max": 0.148793,
        "nauc_mrr_at_3_std": -0.004637,
        "nauc_mrr_at_3_diff1": 0.317247,
        "nauc_mrr_at_5_max": 0.149324,
        "nauc_mrr_at_5_std": -0.004368,
        "nauc_mrr_at_5_diff1": 0.304969,
        "nauc_mrr_at_10_max": 0.146891,
        "nauc_mrr_at_10_std": 0.003156,
        "nauc_mrr_at_10_diff1": 0.30116,
        "nauc_mrr_at_20_max": 0.14679,
        "nauc_mrr_at_20_std": 0.001301,
        "nauc_mrr_at_20_diff1": 0.303596,
        "nauc_mrr_at_100_max": 0.147979,
        "nauc_mrr_at_100_std": 0.003514,
        "nauc_mrr_at_100_diff1": 0.304094,
        "nauc_mrr_at_1000_max": 0.147998,
        "nauc_mrr_at_1000_std": 0.003127,
        "nauc_mrr_at_1000_diff1": 0.304222,
        "main_score": 0.3343,
        "hf_subset": "default",
        "languages": [
          "eng-Latn"
        ]
      }
    ],
    "test": [
      {
        "ndcg_at_1": 0.22667,
        "ndcg_at_3": 0.29591,
        "ndcg_at_5": 0.30989,
        "ndcg_at_10": 0.33889,
        "ndcg_at_20": 0.36368,
        "ndcg_at_100": 0.39964,
        "ndcg_at_1000": 0.42441,
        "map_at_1": 0.20972,
        "map_at_3": 0.27061,
        "map_at_5": 0.27932,
        "map_at_10": 0.29154,
        "map_at_20": 0.29871,
        "map_at_100": 0.30421,
        "map_at_1000": 0.30508,
        "recall_at_1": 0.20972,
        "recall_at_3": 0.35067,
        "recall_at_5": 0.3865,
        "recall_at_10": 0.47217,
        "recall_at_20": 0.56717,
        "recall_at_100": 0.75322,
        "recall_at_1000": 0.94867,
        "precision_at_1": 0.22667,
        "precision_at_3": 0.12667,
        "precision_at_5": 0.08467,
        "precision_at_10": 0.05233,
        "precision_at_20": 0.03133,
        "precision_at_100": 0.00847,
        "precision_at_1000": 0.00107,
        "mrr_at_1": 0.226667,
        "mrr_at_3": 0.286667,
        "mrr_at_5": 0.294833,
        "mrr_at_10": 0.307135,
        "mrr_at_20": 0.313894,
        "mrr_at_100": 0.318329,
        "mrr_at_1000": 0.319106,
        "nauc_ndcg_at_1_max": 0.218692,
        "nauc_ndcg_at_1_std": 0.089607,
        "nauc_ndcg_at_1_diff1": 0.463842,
        "nauc_ndcg_at_3_max": 0.142809,
        "nauc_ndcg_at_3_std": 0.038089,
        "nauc_ndcg_at_3_diff1": 0.404586,
        "nauc_ndcg_at_5_max": 0.146497,
        "nauc_ndcg_at_5_std": 0.050986,
        "nauc_ndcg_at_5_diff1": 0.400574,
        "nauc_ndcg_at_10_max": 0.136611,
        "nauc_ndcg_at_10_std": 0.083816,
        "nauc_ndcg_at_10_diff1": 0.407354,
        "nauc_ndcg_at_20_max": 0.12931,
        "nauc_ndcg_at_20_std": 0.083006,
        "nauc_ndcg_at_20_diff1": 0.392838,
        "nauc_ndcg_at_100_max": 0.138197,
        "nauc_ndcg_at_100_std": 0.085374,
        "nauc_ndcg_at_100_diff1": 0.382135,
        "nauc_ndcg_at_1000_max": 0.144632,
        "nauc_ndcg_at_1000_std": 0.079772,
        "nauc_ndcg_at_1000_diff1": 0.395691,
        "nauc_map_at_1_max": 0.222784,
        "nauc_map_at_1_std": 0.029235,
        "nauc_map_at_1_diff1": 0.477572,
        "nauc_map_at_3_max": 0.165665,
        "nauc_map_at_3_std": 0.027903,
        "nauc_map_at_3_diff1": 0.419096,
        "nauc_map_at_5_max": 0.167922,
        "nauc_map_at_5_std": 0.03848,
        "nauc_map_at_5_diff1": 0.418201,
        "nauc_map_at_10_max": 0.163533,
        "nauc_map_at_10_std": 0.05287,
        "nauc_map_at_10_diff1": 0.421566,
        "nauc_map_at_20_max": 0.160675,
        "nauc_map_at_20_std": 0.053336,
        "nauc_map_at_20_diff1": 0.417845,
        "nauc_map_at_100_max": 0.161888,
        "nauc_map_at_100_std": 0.054994,
        "nauc_map_at_100_diff1": 0.416037,
        "nauc_map_at_1000_max": 0.161921,
        "nauc_map_at_1000_std": 0.054964,
        "nauc_map_at_1000_diff1": 0.416761,
        "nauc_recall_at_1_max": 0.222784,
        "nauc_recall_at_1_std": 0.029235,
        "nauc_recall_at_1_diff1": 0.477572,
        "nauc_recall_at_3_max": 0.091826,
        "nauc_recall_at_3_std": 0.012126,
        "nauc_recall_at_3_diff1": 0.352485,
        "nauc_recall_at_5_max": 0.096439,
        "nauc_recall_at_5_std": 0.047945,
        "nauc_recall_at_5_diff1": 0.347801,
        "nauc_recall_at_10_max": 0.064046,
        "nauc_recall_at_10_std": 0.134559,
        "nauc_recall_at_10_diff1": 0.360316,
        "nauc_recall_at_20_max": 0.036225,
        "nauc_recall_at_20_std": 0.130242,
        "nauc_recall_at_20_diff1": 0.291867,
        "nauc_recall_at_100_max": 0.058079,
        "nauc_recall_at_100_std": 0.138862,
        "nauc_recall_at_100_diff1": 0.184124,
        "nauc_recall_at_1000_max": 0.144488,
        "nauc_recall_at_1000_std": 0.038506,
        "nauc_recall_at_1000_diff1": 0.124104,
        "nauc_precision_at_1_max": 0.218692,
        "nauc_precision_at_1_std": 0.089607,
        "nauc_precision_at_1_diff1": 0.463842,
        "nauc_precision_at_3_max": 0.09338,
        "nauc_precision_at_3_std": 0.076669,
        "nauc_precision_at_3_diff1": 0.335724,
        "nauc_precision_at_5_max": 0.105511,
        "nauc_precision_at_5_std": 0.114175,
        "nauc_precision_at_5_diff1": 0.325695,
        "nauc_precision_at_10_max": 0.075372,
        "nauc_precision_at_10_std": 0.206552,
        "nauc_precision_at_10_diff1": 0.331925,
        "nauc_precision_at_20_max": 0.037178,
        "nauc_precision_at_20_std": 0.21911,
        "nauc_precision_at_20_diff1": 0.281146,
        "nauc_precision_at_100_max": 0.040493,
        "nauc_precision_at_100_std": 0.26501,
        "nauc_precision_at_100_diff1": 0.134418,
        "nauc_precision_at_1000_max": 0.038627,
        "nauc_precision_at_1000_std": 0.311756,
        "nauc_precision_at_1000_diff1": 0.085724,
        "nauc_mrr_at_1_max": 0.218692,
        "nauc_mrr_at_1_std": 0.089607,
        "nauc_mrr_at_1_diff1": 0.463842,
        "nauc_mrr_at_3_max": 0.152563,
        "nauc_mrr_at_3_std": 0.077605,
        "nauc_mrr_at_3_diff1": 0.42203,
        "nauc_mrr_at_5_max": 0.152406,
        "nauc_mrr_at_5_std": 0.088019,
        "nauc_mrr_at_5_diff1": 0.420344,
        "nauc_mrr_at_10_max": 0.149907,
        "nauc_mrr_at_10_std": 0.102251,
        "nauc_mrr_at_10_diff1": 0.421727,
        "nauc_mrr_at_20_max": 0.147955,
        "nauc_mrr_at_20_std": 0.100843,
        "nauc_mrr_at_20_diff1": 0.417671,
        "nauc_mrr_at_100_max": 0.150176,
        "nauc_mrr_at_100_std": 0.10069,
        "nauc_mrr_at_100_diff1": 0.417079,
        "nauc_mrr_at_1000_max": 0.150129,
        "nauc_mrr_at_1000_std": 0.100473,
        "nauc_mrr_at_1000_diff1": 0.417506,
        "main_score": 0.33889,
        "hf_subset": "default",
        "languages": [
          "eng-Latn"
        ]
      }
    ]
  },
  "evaluation_time": 30.7353413105011,
  "kg_co2_emissions": null
}