{
  "dataset_revision": "20a6d6f312dd54037fe07a32d58e5e168867909d",
  "task_name": "SICK-R",
  "mteb_version": "1.26.3",
  "scores": {
    "test": [
      {
        "pearson": 0.858723,
        "spearman": 0.806244,
        "cosine_pearson": 0.858723,
        "cosine_spearman": 0.806244,
        "manhattan_pearson": 0.826749,
        "manhattan_spearman": 0.794781,
        "euclidean_pearson": 0.826553,
        "euclidean_spearman": 0.794404,
        "main_score": 0.806244,
        "hf_subset": "default",
        "languages": [
          "eng-Latn"
        ]
      }
    ]
  },
  "evaluation_time": 3.406839609146118,
  "kg_co2_emissions": null
}