{
  "dataset_revision": "d66bd1f72af766a5cc4b0ca5e00c162f89e8cc46",
  "task_name": "SprintDuplicateQuestions",
  "mteb_version": "1.26.3",
  "scores": {
    "validation": [
      {
        "similarity_accuracy": 0.994545,
        "similarity_accuracy_threshold": 0.837314,
        "similarity_f1": 0.701703,
        "similarity_f1_threshold": 0.815117,
        "similarity_precision": 0.683412,
        "similarity_recall": 0.721,
        "similarity_ap": 0.754513,
        "cosine_accuracy": 0.994545,
        "cosine_accuracy_threshold": 0.837314,
        "cosine_f1": 0.701703,
        "cosine_f1_threshold": 0.815117,
        "cosine_precision": 0.683412,
        "cosine_recall": 0.721,
        "cosine_ap": 0.754512,
        "manhattan_accuracy": 0.995228,
        "manhattan_accuracy_threshold": 139.708923,
        "manhattan_f1": 0.747309,
        "manhattan_f1_threshold": 141.690506,
        "manhattan_precision": 0.766562,
        "manhattan_recall": 0.729,
        "manhattan_ap": 0.795265,
        "euclidean_accuracy": 0.995198,
        "euclidean_accuracy_threshold": 6.206523,
        "euclidean_f1": 0.747298,
        "euclidean_f1_threshold": 6.42493,
        "euclidean_precision": 0.769883,
        "euclidean_recall": 0.726,
        "euclidean_ap": 0.795657,
        "dot_accuracy": 0.990495,
        "dot_accuracy_threshold": 109.665421,
        "dot_f1": 0.390372,
        "dot_f1_threshold": 97.445107,
        "dot_precision": 0.347082,
        "dot_recall": 0.446,
        "dot_ap": 0.324692,
        "max_accuracy": 0.995228,
        "max_f1": 0.747309,
        "max_precision": 0.769883,
        "max_recall": 0.729,
        "max_ap": 0.795657,
        "main_score": 0.795657,
        "hf_subset": "default",
        "languages": [
          "eng-Latn"
        ]
      }
    ],
    "test": [
      {
        "similarity_accuracy": 0.99502,
        "similarity_accuracy_threshold": 0.838528,
        "similarity_f1": 0.732673,
        "similarity_f1_threshold": 0.833462,
        "similarity_precision": 0.764962,
        "similarity_recall": 0.703,
        "similarity_ap": 0.789321,
        "cosine_accuracy": 0.99502,
        "cosine_accuracy_threshold": 0.838528,
        "cosine_f1": 0.732673,
        "cosine_f1_threshold": 0.833462,
        "cosine_precision": 0.764962,
        "cosine_recall": 0.703,
        "cosine_ap": 0.78932,
        "manhattan_accuracy": 0.995525,
        "manhattan_accuracy_threshold": 135.780396,
        "manhattan_f1": 0.760724,
        "manhattan_f1_threshold": 138.435547,
        "manhattan_precision": 0.787166,
        "manhattan_recall": 0.736,
        "manhattan_ap": 0.816412,
        "euclidean_accuracy": 0.995525,
        "euclidean_accuracy_threshold": 6.1128,
        "euclidean_f1": 0.75923,
        "euclidean_f1_threshold": 6.247588,
        "euclidean_precision": 0.790899,
        "euclidean_recall": 0.73,
        "euclidean_ap": 0.817385,
        "dot_accuracy": 0.990743,
        "dot_accuracy_threshold": 111.623466,
        "dot_f1": 0.41247,
        "dot_f1_threshold": 96.991959,
        "dot_precision": 0.343542,
        "dot_recall": 0.516,
        "dot_ap": 0.377079,
        "max_accuracy": 0.995525,
        "max_f1": 0.760724,
        "max_precision": 0.790899,
        "max_recall": 0.736,
        "max_ap": 0.817385,
        "main_score": 0.817385,
        "hf_subset": "default",
        "languages": [
          "eng-Latn"
        ]
      }
    ]
  },
  "evaluation_time": 19.435095071792603,
  "kg_co2_emissions": null
}