{
  "dataset_revision": "e185fbe320c72810689fc5848eb6114e1ef5ec69",
  "task_name": "StackOverflowDupQuestions",
  "mteb_version": "1.26.3",
  "scores": {
    "test": [
      {
        "map": 0.403188,
        "mrr": 0.405585,
        "nAUC_map_max": 0.181162,
        "nAUC_map_std": 0.077135,
        "nAUC_map_diff1": 0.301918,
        "nAUC_mrr_max": 0.190264,
        "nAUC_mrr_std": 0.079662,
        "nAUC_mrr_diff1": 0.307894,
        "main_score": 0.403188,
        "hf_subset": "default",
        "languages": [
          "eng-Latn"
        ]
      }
    ]
  },
  "evaluation_time": 15.734260082244873,
  "kg_co2_emissions": null
}