{
  "dataset_revision": "7e90230a92c190f1bf69ae9002b8cea547a64cca",
  "task_name": "STS13",
  "mteb_version": "1.26.3",
  "scores": {
    "test": [
      {
        "pearson": 0.795713,
        "spearman": 0.823939,
        "cosine_pearson": 0.795713,
        "cosine_spearman": 0.823939,
        "manhattan_pearson": 0.750395,
        "manhattan_spearman": 0.759278,
        "euclidean_pearson": 0.749895,
        "euclidean_spearman": 0.758937,
        "main_score": 0.823939,
        "hf_subset": "default",
        "languages": [
          "eng-Latn"
        ]
      }
    ]
  },
  "evaluation_time": 0.5682234764099121,
  "kg_co2_emissions": null
}