{
  "dataset_revision": "4d8694f8f0e0100860b497b999b3dbed754a0513",
  "task_name": "STS16",
  "mteb_version": "1.26.3",
  "scores": {
    "test": [
      {
        "pearson": 0.778963,
        "spearman": 0.807146,
        "cosine_pearson": 0.778963,
        "cosine_spearman": 0.807146,
        "manhattan_pearson": 0.788359,
        "manhattan_spearman": 0.79874,
        "euclidean_pearson": 0.788315,
        "euclidean_spearman": 0.798879,
        "main_score": 0.807146,
        "hf_subset": "default",
        "languages": [
          "eng-Latn"
        ]
      }
    ]
  },
  "evaluation_time": 0.5408568382263184,
  "kg_co2_emissions": null
}