{
  "dataset_revision": "b0fddb56ed78048fa8b90373c8a3cfc37b684831",
  "task_name": "STSBenchmark",
  "mteb_version": "1.26.3",
  "scores": {
    "test": [
      {
        "pearson": 0.80828,
        "spearman": 0.826862,
        "cosine_pearson": 0.80828,
        "cosine_spearman": 0.826862,
        "manhattan_pearson": 0.806249,
        "manhattan_spearman": 0.805122,
        "euclidean_pearson": 0.806446,
        "euclidean_spearman": 0.80539,
        "main_score": 0.826862,
        "hf_subset": "default",
        "languages": [
          "eng-Latn"
        ]
      }
    ]
  },
  "evaluation_time": 0.5213205814361572,
  "kg_co2_emissions": null
}