{
  "dataset_revision": "6125ec4e24fa026cec8a478383ee943acfbd5449",
  "task_name": "TwentyNewsgroupsClustering",
  "mteb_version": "1.26.3",
  "scores": {
    "test": [
      {
        "v_measure": 0.316721,
        "v_measure_std": 0.016105,
        "v_measures": [
          0.294506,
          0.311388,
          0.317448,
          0.346133,
          0.305983,
          0.317215,
          0.316329,
          0.307889,
          0.304299,
          0.346017
        ],
        "main_score": 0.316721,
        "hf_subset": "default",
        "languages": [
          "eng-Latn"
        ]
      }
    ]
  },
  "evaluation_time": 9.993407011032104,
  "kg_co2_emissions": null
}