{
  "dataset_revision": "c22ab2a51041ffd869aaddef7af8d8215647e41a",
  "task_name": "ArguAna",
  "mteb_version": "1.26.3",
  "scores": {
    "test": [
      {
        "ndcg_at_1": 0.21266,
        "ndcg_at_3": 0.33219,
        "ndcg_at_5": 0.38618,
        "ndcg_at_10": 0.44247,
        "ndcg_at_20": 0.47799,
        "ndcg_at_100": 0.50003,
        "ndcg_at_1000": 0.50192,
        "map_at_1": 0.21266,
        "map_at_3": 0.30121,
        "map_at_5": 0.33105,
        "map_at_10": 0.35437,
        "map_at_20": 0.36416,
        "map_at_100": 0.36749,
        "map_at_1000": 0.36757,
        "recall_at_1": 0.21266,
        "recall_at_3": 0.42248,
        "recall_at_5": 0.55405,
        "recall_at_10": 0.7276,
        "recall_at_20": 0.86771,
        "recall_at_100": 0.98222,
        "recall_at_1000": 0.99644,
        "precision_at_1": 0.21266,
        "precision_at_3": 0.14083,
        "precision_at_5": 0.11081,
        "precision_at_10": 0.07276,
        "precision_at_20": 0.04339,
        "precision_at_100": 0.00982,
        "precision_at_1000": 0.001,
        "mrr_at_1": 0.213371,
        "mrr_at_3": 0.301565,
        "mrr_at_5": 0.331508,
        "mrr_at_10": 0.354696,
        "mrr_at_20": 0.364491,
        "mrr_at_100": 0.36782,
        "mrr_at_1000": 0.367902,
        "nauc_ndcg_at_1_max": 0.03285,
        "nauc_ndcg_at_1_std": -0.079855,
        "nauc_ndcg_at_1_diff1": 0.238737,
        "nauc_ndcg_at_3_max": 0.042939,
        "nauc_ndcg_at_3_std": -0.085879,
        "nauc_ndcg_at_3_diff1": 0.174099,
        "nauc_ndcg_at_5_max": 0.05582,
        "nauc_ndcg_at_5_std": -0.083093,
        "nauc_ndcg_at_5_diff1": 0.15054,
        "nauc_ndcg_at_10_max": 0.068581,
        "nauc_ndcg_at_10_std": -0.094494,
        "nauc_ndcg_at_10_diff1": 0.142193,
        "nauc_ndcg_at_20_max": 0.075579,
        "nauc_ndcg_at_20_std": -0.094404,
        "nauc_ndcg_at_20_diff1": 0.154194,
        "nauc_ndcg_at_100_max": 0.063196,
        "nauc_ndcg_at_100_std": -0.082889,
        "nauc_ndcg_at_100_diff1": 0.167406,
        "nauc_ndcg_at_1000_max": 0.060317,
        "nauc_ndcg_at_1000_std": -0.085957,
        "nauc_ndcg_at_1000_diff1": 0.168096,
        "nauc_map_at_1_max": 0.03285,
        "nauc_map_at_1_std": -0.079855,
        "nauc_map_at_1_diff1": 0.238737,
        "nauc_map_at_3_max": 0.040468,
        "nauc_map_at_3_std": -0.085966,
        "nauc_map_at_3_diff1": 0.18926,
        "nauc_map_at_5_max": 0.047521,
        "nauc_map_at_5_std": -0.084016,
        "nauc_map_at_5_diff1": 0.17622,
        "nauc_map_at_10_max": 0.052225,
        "nauc_map_at_10_std": -0.088763,
        "nauc_map_at_10_diff1": 0.173637,
        "nauc_map_at_20_max": 0.054106,
        "nauc_map_at_20_std": -0.089,
        "nauc_map_at_20_diff1": 0.177567,
        "nauc_map_at_100_max": 0.052694,
        "nauc_map_at_100_std": -0.087169,
        "nauc_map_at_100_diff1": 0.179707,
        "nauc_map_at_1000_max": 0.05257,
        "nauc_map_at_1000_std": -0.087268,
        "nauc_map_at_1000_diff1": 0.179719,
        "nauc_recall_at_1_max": 0.03285,
        "nauc_recall_at_1_std": -0.079855,
        "nauc_recall_at_1_diff1": 0.238737,
        "nauc_recall_at_3_max": 0.049502,
        "nauc_recall_at_3_std": -0.085123,
        "nauc_recall_at_3_diff1": 0.13404,
        "nauc_recall_at_5_max": 0.081132,
        "nauc_recall_at_5_std": -0.080008,
        "nauc_recall_at_5_diff1": 0.075132,
        "nauc_recall_at_10_max": 0.139136,
        "nauc_recall_at_10_std": -0.120707,
        "nauc_recall_at_10_diff1": 0.016504,
        "nauc_recall_at_20_max": 0.247422,
        "nauc_recall_at_20_std": -0.13526,
        "nauc_recall_at_20_diff1": 0.00204,
        "nauc_recall_at_100_max": 0.349257,
        "nauc_recall_at_100_std": 0.355419,
        "nauc_recall_at_100_diff1": -0.050604,
        "nauc_recall_at_1000_max": 0.076478,
        "nauc_recall_at_1000_std": 0.490264,
        "nauc_recall_at_1000_diff1": -0.521851,
        "nauc_precision_at_1_max": 0.03285,
        "nauc_precision_at_1_std": -0.079855,
        "nauc_precision_at_1_diff1": 0.238737,
        "nauc_precision_at_3_max": 0.049502,
        "nauc_precision_at_3_std": -0.085123,
        "nauc_precision_at_3_diff1": 0.13404,
        "nauc_precision_at_5_max": 0.081132,
        "nauc_precision_at_5_std": -0.080008,
        "nauc_precision_at_5_diff1": 0.075132,
        "nauc_precision_at_10_max": 0.139136,
        "nauc_precision_at_10_std": -0.120707,
        "nauc_precision_at_10_diff1": 0.016504,
        "nauc_precision_at_20_max": 0.247422,
        "nauc_precision_at_20_std": -0.13526,
        "nauc_precision_at_20_diff1": 0.00204,
        "nauc_precision_at_100_max": 0.349257,
        "nauc_precision_at_100_std": 0.355419,
        "nauc_precision_at_100_diff1": -0.050604,
        "nauc_precision_at_1000_max": 0.076478,
        "nauc_precision_at_1000_std": 0.490264,
        "nauc_precision_at_1000_diff1": -0.521851,
        "nauc_mrr_at_1_max": 0.030722,
        "nauc_mrr_at_1_std": -0.081076,
        "nauc_mrr_at_1_diff1": 0.236017,
        "nauc_mrr_at_3_max": 0.037153,
        "nauc_mrr_at_3_std": -0.087059,
        "nauc_mrr_at_3_diff1": 0.185322,
        "nauc_mrr_at_5_max": 0.045473,
        "nauc_mrr_at_5_std": -0.084953,
        "nauc_mrr_at_5_diff1": 0.172968,
        "nauc_mrr_at_10_max": 0.049775,
        "nauc_mrr_at_10_std": -0.089412,
        "nauc_mrr_at_10_diff1": 0.170555,
        "nauc_mrr_at_20_max": 0.051592,
        "nauc_mrr_at_20_std": -0.089665,
        "nauc_mrr_at_20_diff1": 0.174404,
        "nauc_mrr_at_100_max": 0.050155,
        "nauc_mrr_at_100_std": -0.087842,
        "nauc_mrr_at_100_diff1": 0.176509,
        "nauc_mrr_at_1000_max": 0.05003,
        "nauc_mrr_at_1000_std": -0.087941,
        "nauc_mrr_at_1000_diff1": 0.176519,
        "main_score": 0.44247,
        "hf_subset": "default",
        "languages": [
          "eng-Latn"
        ]
      }
    ]
  },
  "evaluation_time": 22.76293420791626,
  "kg_co2_emissions": null
}