{
  "dataset_revision": "0fd18e25b25c072e09e0d92ab615fda904d66300",
  "task_name": "Banking77Classification",
  "mteb_version": "1.26.3",
  "scores": {
    "test": [
      {
        "accuracy": 0.797013,
        "f1": 0.79042,
        "f1_weighted": 0.79042,
        "scores_per_experiment": [
          {
            "accuracy": 0.79026,
            "f1": 0.781785,
            "f1_weighted": 0.781785
          },
          {
            "accuracy": 0.797727,
            "f1": 0.792152,
            "f1_weighted": 0.792152
          },
          {
            "accuracy": 0.806494,
            "f1": 0.80068,
            "f1_weighted": 0.80068
          },
          {
            "accuracy": 0.807143,
            "f1": 0.802436,
            "f1_weighted": 0.802436
          },
          {
            "accuracy": 0.788312,
            "f1": 0.779869,
            "f1_weighted": 0.779869
          },
          {
            "accuracy": 0.8,
            "f1": 0.795532,
            "f1_weighted": 0.795532
          },
          {
            "accuracy": 0.791883,
            "f1": 0.783385,
            "f1_weighted": 0.783385
          },
          {
            "accuracy": 0.797727,
            "f1": 0.790617,
            "f1_weighted": 0.790617
          },
          {
            "accuracy": 0.801623,
            "f1": 0.795433,
            "f1_weighted": 0.795433
          },
          {
            "accuracy": 0.788961,
            "f1": 0.782314,
            "f1_weighted": 0.782314
          }
        ],
        "main_score": 0.797013,
        "hf_subset": "default",
        "languages": [
          "eng-Latn"
        ]
      }
    ]
  },
  "evaluation_time": 11.597095727920532,
  "kg_co2_emissions": null
}