{
  "dataset_revision": "258694dd0231531bc1fd9de6ceb52a0853c6d908",
  "task_name": "BiorxivClusteringS2S",
  "mteb_version": "1.26.3",
  "scores": {
    "test": [
      {
        "v_measure": 0.33927,
        "v_measure_std": 0.004714,
        "v_measures": [
          0.336361,
          0.336867,
          0.334691,
          0.333188,
          0.334248,
          0.340865,
          0.344843,
          0.343265,
          0.34051,
          0.347855
        ],
        "main_score": 0.33927,
        "hf_subset": "default",
        "languages": [
          "eng-Latn"
        ]
      }
    ]
  },
  "evaluation_time": 23.694718837738037,
  "kg_co2_emissions": null
}