{
  "dataset_revision": "4f58c6b202a23cf9a4da393831edf4f9183cad37",
  "task_name": "EmotionClassification",
  "mteb_version": "1.26.3",
  "scores": {
    "validation": [
      {
        "accuracy": 0.41105,
        "f1": 0.375376,
        "f1_weighted": 0.431526,
        "scores_per_experiment": [
          {
            "accuracy": 0.448,
            "f1": 0.399213,
            "f1_weighted": 0.471875
          },
          {
            "accuracy": 0.377,
            "f1": 0.342362,
            "f1_weighted": 0.383772
          },
          {
            "accuracy": 0.394,
            "f1": 0.360568,
            "f1_weighted": 0.419819
          },
          {
            "accuracy": 0.432,
            "f1": 0.386681,
            "f1_weighted": 0.458251
          },
          {
            "accuracy": 0.372,
            "f1": 0.353365,
            "f1_weighted": 0.390719
          },
          {
            "accuracy": 0.4265,
            "f1": 0.399449,
            "f1_weighted": 0.4431
          },
          {
            "accuracy": 0.4405,
            "f1": 0.38767,
            "f1_weighted": 0.462038
          },
          {
            "accuracy": 0.3935,
            "f1": 0.356505,
            "f1_weighted": 0.411458
          },
          {
            "accuracy": 0.4285,
            "f1": 0.396184,
            "f1_weighted": 0.451112
          },
          {
            "accuracy": 0.3985,
            "f1": 0.371765,
            "f1_weighted": 0.423119
          }
        ],
        "main_score": 0.41105,
        "hf_subset": "default",
        "languages": [
          "eng-Latn"
        ]
      }
    ],
    "test": [
      {
        "accuracy": 0.4001,
        "f1": 0.359006,
        "f1_weighted": 0.425263,
        "scores_per_experiment": [
          {
            "accuracy": 0.405,
            "f1": 0.357846,
            "f1_weighted": 0.432971
          },
          {
            "accuracy": 0.361,
            "f1": 0.33015,
            "f1_weighted": 0.375285
          },
          {
            "accuracy": 0.3845,
            "f1": 0.345294,
            "f1_weighted": 0.412802
          },
          {
            "accuracy": 0.412,
            "f1": 0.359669,
            "f1_weighted": 0.442933
          },
          {
            "accuracy": 0.374,
            "f1": 0.351306,
            "f1_weighted": 0.398905
          },
          {
            "accuracy": 0.4,
            "f1": 0.366092,
            "f1_weighted": 0.423954
          },
          {
            "accuracy": 0.452,
            "f1": 0.389927,
            "f1_weighted": 0.474942
          },
          {
            "accuracy": 0.3905,
            "f1": 0.349736,
            "f1_weighted": 0.411175
          },
          {
            "accuracy": 0.4195,
            "f1": 0.373973,
            "f1_weighted": 0.450587
          },
          {
            "accuracy": 0.4025,
            "f1": 0.366067,
            "f1_weighted": 0.429076
          }
        ],
        "main_score": 0.4001,
        "hf_subset": "default",
        "languages": [
          "eng-Latn"
        ]
      }
    ]
  },
  "evaluation_time": 9.993211030960083,
  "kg_co2_emissions": null
}