{
  "dataset_revision": "4672e20407010da34463acc759c162ca9734bca6",
  "task_name": "MassiveIntentClassification",
  "mteb_version": "1.26.3",
  "scores": {
    "validation": [
      {
        "accuracy": 0.651353,
        "f1": 0.606483,
        "f1_weighted": 0.641658,
        "scores_per_experiment": [
          {
            "accuracy": 0.654206,
            "f1": 0.608851,
            "f1_weighted": 0.650152
          },
          {
            "accuracy": 0.671913,
            "f1": 0.618425,
            "f1_weighted": 0.666411
          },
          {
            "accuracy": 0.647811,
            "f1": 0.598529,
            "f1_weighted": 0.63798
          },
          {
            "accuracy": 0.67634,
            "f1": 0.629845,
            "f1_weighted": 0.66968
          },
          {
            "accuracy": 0.641417,
            "f1": 0.59307,
            "f1_weighted": 0.628131
          },
          {
            "accuracy": 0.632563,
            "f1": 0.596845,
            "f1_weighted": 0.621808
          },
          {
            "accuracy": 0.650271,
            "f1": 0.614113,
            "f1_weighted": 0.639933
          },
          {
            "accuracy": 0.645352,
            "f1": 0.599417,
            "f1_weighted": 0.636851
          },
          {
            "accuracy": 0.643384,
            "f1": 0.603677,
            "f1_weighted": 0.624531
          },
          {
            "accuracy": 0.650271,
            "f1": 0.60206,
            "f1_weighted": 0.641102
          }
        ],
        "main_score": 0.651353,
        "hf_subset": "en",
        "languages": [
          "eng-Latn"
        ]
      }
    ],
    "test": [
      {
        "accuracy": 0.640989,
        "f1": 0.615035,
        "f1_weighted": 0.632808,
        "scores_per_experiment": [
          {
            "accuracy": 0.650975,
            "f1": 0.623099,
            "f1_weighted": 0.644944
          },
          {
            "accuracy": 0.676194,
            "f1": 0.650496,
            "f1_weighted": 0.673105
          },
          {
            "accuracy": 0.62004,
            "f1": 0.583505,
            "f1_weighted": 0.607167
          },
          {
            "accuracy": 0.654001,
            "f1": 0.620114,
            "f1_weighted": 0.648587
          },
          {
            "accuracy": 0.631137,
            "f1": 0.6058,
            "f1_weighted": 0.622297
          },
          {
            "accuracy": 0.613315,
            "f1": 0.597819,
            "f1_weighted": 0.604163
          },
          {
            "accuracy": 0.640551,
            "f1": 0.622883,
            "f1_weighted": 0.631225
          },
          {
            "accuracy": 0.652993,
            "f1": 0.622689,
            "f1_weighted": 0.647219
          },
          {
            "accuracy": 0.622394,
            "f1": 0.596932,
            "f1_weighted": 0.605756
          },
          {
            "accuracy": 0.648285,
            "f1": 0.627016,
            "f1_weighted": 0.643622
          }
        ],
        "main_score": 0.640989,
        "hf_subset": "en",
        "languages": [
          "eng-Latn"
        ]
      }
    ]
  },
  "evaluation_time": 4.94908881187439,
  "kg_co2_emissions": null
}