{
  "dataset_revision": "35191c8c0dca72d8ff3efcd72aa802307d469663",
  "task_name": "MedrxivClusteringS2S",
  "mteb_version": "1.26.3",
  "scores": {
    "test": [
      {
        "v_measure": 0.325532,
        "v_measure_std": 0.014524,
        "v_measures": [
          0.311471,
          0.310057,
          0.314673,
          0.308851,
          0.313942,
          0.344544,
          0.342621,
          0.337083,
          0.344223,
          0.327858
        ],
        "main_score": 0.325532,
        "hf_subset": "default",
        "languages": [
          "eng-Latn"
        ]
      }
    ]
  },
  "evaluation_time": 14.051059007644653,
  "kg_co2_emissions": null
}