{
  "dataset_revision": "ec0fa4fe99da2ff19ca1214b7966684033a58814",
  "task_name": "NFCorpus",
  "mteb_version": "1.26.3",
  "scores": {
    "test": [
      {
        "ndcg_at_1": 0.42415,
        "ndcg_at_3": 0.37618,
        "ndcg_at_5": 0.36174,
        "ndcg_at_10": 0.33196,
        "ndcg_at_20": 0.31362,
        "ndcg_at_100": 0.31546,
        "ndcg_at_1000": 0.40546,
        "map_at_1": 0.05012,
        "map_at_3": 0.08333,
        "map_at_5": 0.10185,
        "map_at_10": 0.11968,
        "map_at_20": 0.13407,
        "map_at_100": 0.15638,
        "map_at_1000": 0.17152,
        "recall_at_1": 0.05012,
        "recall_at_3": 0.0942,
        "recall_at_5": 0.12922,
        "recall_at_10": 0.16249,
        "recall_at_20": 0.20536,
        "recall_at_100": 0.3391,
        "recall_at_1000": 0.66247,
        "precision_at_1": 0.43963,
        "precision_at_3": 0.35707,
        "precision_at_5": 0.3195,
        "precision_at_10": 0.25077,
        "precision_at_20": 0.18901,
        "precision_at_100": 0.08353,
        "precision_at_1000": 0.02132,
        "mrr_at_1": 0.439628,
        "mrr_at_3": 0.501548,
        "mrr_at_5": 0.518885,
        "mrr_at_10": 0.52576,
        "mrr_at_20": 0.528993,
        "mrr_at_100": 0.531826,
        "mrr_at_1000": 0.532155,
        "nauc_ndcg_at_1_max": 0.298152,
        "nauc_ndcg_at_1_std": 0.174734,
        "nauc_ndcg_at_1_diff1": 0.283655,
        "nauc_ndcg_at_3_max": 0.338911,
        "nauc_ndcg_at_3_std": 0.228731,
        "nauc_ndcg_at_3_diff1": 0.259448,
        "nauc_ndcg_at_5_max": 0.356705,
        "nauc_ndcg_at_5_std": 0.247456,
        "nauc_ndcg_at_5_diff1": 0.243993,
        "nauc_ndcg_at_10_max": 0.348534,
        "nauc_ndcg_at_10_std": 0.258055,
        "nauc_ndcg_at_10_diff1": 0.223455,
        "nauc_ndcg_at_20_max": 0.344221,
        "nauc_ndcg_at_20_std": 0.254448,
        "nauc_ndcg_at_20_diff1": 0.212171,
        "nauc_ndcg_at_100_max": 0.365133,
        "nauc_ndcg_at_100_std": 0.277383,
        "nauc_ndcg_at_100_diff1": 0.244751,
        "nauc_ndcg_at_1000_max": 0.426423,
        "nauc_ndcg_at_1000_std": 0.357198,
        "nauc_ndcg_at_1000_diff1": 0.246374,
        "nauc_map_at_1_max": -0.001315,
        "nauc_map_at_1_std": -0.136085,
        "nauc_map_at_1_diff1": 0.467443,
        "nauc_map_at_3_max": 0.07795,
        "nauc_map_at_3_std": -0.061651,
        "nauc_map_at_3_diff1": 0.417622,
        "nauc_map_at_5_max": 0.13371,
        "nauc_map_at_5_std": -0.023463,
        "nauc_map_at_5_diff1": 0.392853,
        "nauc_map_at_10_max": 0.183493,
        "nauc_map_at_10_std": 0.033251,
        "nauc_map_at_10_diff1": 0.359441,
        "nauc_map_at_20_max": 0.219016,
        "nauc_map_at_20_std": 0.074455,
        "nauc_map_at_20_diff1": 0.327559,
        "nauc_map_at_100_max": 0.25469,
        "nauc_map_at_100_std": 0.141256,
        "nauc_map_at_100_diff1": 0.296039,
        "nauc_map_at_1000_max": 0.26736,
        "nauc_map_at_1000_std": 0.174958,
        "nauc_map_at_1000_diff1": 0.284419,
        "nauc_recall_at_1_max": -0.001315,
        "nauc_recall_at_1_std": -0.136085,
        "nauc_recall_at_1_diff1": 0.467443,
        "nauc_recall_at_3_max": 0.082444,
        "nauc_recall_at_3_std": -0.050882,
        "nauc_recall_at_3_diff1": 0.377263,
        "nauc_recall_at_5_max": 0.144558,
        "nauc_recall_at_5_std": -0.016119,
        "nauc_recall_at_5_diff1": 0.331488,
        "nauc_recall_at_10_max": 0.194062,
        "nauc_recall_at_10_std": 0.045226,
        "nauc_recall_at_10_diff1": 0.303945,
        "nauc_recall_at_20_max": 0.209092,
        "nauc_recall_at_20_std": 0.081014,
        "nauc_recall_at_20_diff1": 0.240402,
        "nauc_recall_at_100_max": 0.233167,
        "nauc_recall_at_100_std": 0.171309,
        "nauc_recall_at_100_diff1": 0.1683,
        "nauc_recall_at_1000_max": 0.233139,
        "nauc_recall_at_1000_std": 0.219211,
        "nauc_recall_at_1000_diff1": 0.095057,
        "nauc_precision_at_1_max": 0.320498,
        "nauc_precision_at_1_std": 0.182786,
        "nauc_precision_at_1_diff1": 0.27894,
        "nauc_precision_at_3_max": 0.393285,
        "nauc_precision_at_3_std": 0.288649,
        "nauc_precision_at_3_diff1": 0.1874,
        "nauc_precision_at_5_max": 0.412007,
        "nauc_precision_at_5_std": 0.32696,
        "nauc_precision_at_5_diff1": 0.120532,
        "nauc_precision_at_10_max": 0.363056,
        "nauc_precision_at_10_std": 0.344191,
        "nauc_precision_at_10_diff1": 0.037798,
        "nauc_precision_at_20_max": 0.328138,
        "nauc_precision_at_20_std": 0.350637,
        "nauc_precision_at_20_diff1": -0.033459,
        "nauc_precision_at_100_max": 0.214853,
        "nauc_precision_at_100_std": 0.362629,
        "nauc_precision_at_100_diff1": -0.076774,
        "nauc_precision_at_1000_max": 0.081808,
        "nauc_precision_at_1000_std": 0.2461,
        "nauc_precision_at_1000_diff1": -0.091472,
        "nauc_mrr_at_1_max": 0.320498,
        "nauc_mrr_at_1_std": 0.182786,
        "nauc_mrr_at_1_diff1": 0.27894,
        "nauc_mrr_at_3_max": 0.386989,
        "nauc_mrr_at_3_std": 0.256987,
        "nauc_mrr_at_3_diff1": 0.281506,
        "nauc_mrr_at_5_max": 0.388699,
        "nauc_mrr_at_5_std": 0.263251,
        "nauc_mrr_at_5_diff1": 0.277446,
        "nauc_mrr_at_10_max": 0.388848,
        "nauc_mrr_at_10_std": 0.265133,
        "nauc_mrr_at_10_diff1": 0.275285,
        "nauc_mrr_at_20_max": 0.389816,
        "nauc_mrr_at_20_std": 0.265761,
        "nauc_mrr_at_20_diff1": 0.275617,
        "nauc_mrr_at_100_max": 0.390095,
        "nauc_mrr_at_100_std": 0.266651,
        "nauc_mrr_at_100_diff1": 0.277562,
        "nauc_mrr_at_1000_max": 0.38988,
        "nauc_mrr_at_1000_std": 0.266316,
        "nauc_mrr_at_1000_diff1": 0.277442,
        "main_score": 0.33196,
        "hf_subset": "default",
        "languages": [
          "eng-Latn"
        ]
      }
    ]
  },
  "evaluation_time": 10.906520128250122,
  "kg_co2_emissions": null
}