{
  "dataset_revision": "d3c5e1fc0b855ab6097bf1cda04dd73947d7caab",
  "task_name": "SciDocsRR",
  "mteb_version": "1.26.3",
  "scores": {
    "test": [
      {
        "map": 0.877669,
        "mrr": 0.963675,
        "nAUC_map_max": 0.556392,
        "nAUC_map_std": 0.715582,
        "nAUC_map_diff1": 0.004837,
        "nAUC_mrr_max": 0.874688,
        "nAUC_mrr_std": 0.837709,
        "nAUC_mrr_diff1": 0.452964,
        "main_score": 0.877669,
        "hf_subset": "default",
        "languages": [
          "eng-Latn"
        ]
      }
    ]
  },
  "evaluation_time": 28.797796964645386,
  "kg_co2_emissions": null
}