{
  "dataset_revision": "0228b52cf27578f30900b9e5271d331663a030d7",
  "task_name": "SciFact",
  "mteb_version": "1.26.3",
  "scores": {
    "train": [
      {
        "ndcg_at_1": 0.54265,
        "ndcg_at_3": 0.61107,
        "ndcg_at_5": 0.64131,
        "ndcg_at_10": 0.66392,
        "ndcg_at_20": 0.67756,
        "ndcg_at_100": 0.69427,
        "ndcg_at_1000": 0.70203,
        "map_at_1": 0.51607,
        "map_at_3": 0.58466,
        "map_at_5": 0.605,
        "map_at_10": 0.61574,
        "map_at_20": 0.62009,
        "map_at_100": 0.62278,
        "map_at_1000": 0.62309,
        "recall_at_1": 0.51607,
        "recall_at_3": 0.66022,
        "recall_at_5": 0.73061,
        "recall_at_10": 0.79689,
        "recall_at_20": 0.84755,
        "recall_at_100": 0.9316,
        "recall_at_1000": 0.99135,
        "precision_at_1": 0.54265,
        "precision_at_3": 0.24021,
        "precision_at_5": 0.16242,
        "precision_at_10": 0.08986,
        "precision_at_20": 0.04821,
        "precision_at_100": 0.01064,
        "precision_at_1000": 0.00113,
        "mrr_at_1": 0.542645,
        "mrr_at_3": 0.60857,
        "mrr_at_5": 0.622662,
        "mrr_at_10": 0.629859,
        "mrr_at_20": 0.633095,
        "mrr_at_100": 0.63538,
        "mrr_at_1000": 0.635669,
        "nauc_ndcg_at_1_max": 0.426024,
        "nauc_ndcg_at_1_std": 0.094208,
        "nauc_ndcg_at_1_diff1": 0.623608,
        "nauc_ndcg_at_3_max": 0.436557,
        "nauc_ndcg_at_3_std": 0.104394,
        "nauc_ndcg_at_3_diff1": 0.586833,
        "nauc_ndcg_at_5_max": 0.444863,
        "nauc_ndcg_at_5_std": 0.131184,
        "nauc_ndcg_at_5_diff1": 0.570174,
        "nauc_ndcg_at_10_max": 0.456207,
        "nauc_ndcg_at_10_std": 0.150572,
        "nauc_ndcg_at_10_diff1": 0.563987,
        "nauc_ndcg_at_20_max": 0.467352,
        "nauc_ndcg_at_20_std": 0.163277,
        "nauc_ndcg_at_20_diff1": 0.571826,
        "nauc_ndcg_at_100_max": 0.471372,
        "nauc_ndcg_at_100_std": 0.160631,
        "nauc_ndcg_at_100_diff1": 0.579364,
        "nauc_ndcg_at_1000_max": 0.463058,
        "nauc_ndcg_at_1000_std": 0.152492,
        "nauc_ndcg_at_1000_diff1": 0.580241,
        "nauc_map_at_1_max": 0.373382,
        "nauc_map_at_1_std": 0.057138,
        "nauc_map_at_1_diff1": 0.63109,
        "nauc_map_at_3_max": 0.411073,
        "nauc_map_at_3_std": 0.082152,
        "nauc_map_at_3_diff1": 0.59816,
        "nauc_map_at_5_max": 0.426297,
        "nauc_map_at_5_std": 0.103946,
        "nauc_map_at_5_diff1": 0.586512,
        "nauc_map_at_10_max": 0.434584,
        "nauc_map_at_10_std": 0.115411,
        "nauc_map_at_10_diff1": 0.584705,
        "nauc_map_at_20_max": 0.43836,
        "nauc_map_at_20_std": 0.12081,
        "nauc_map_at_20_diff1": 0.586438,
        "nauc_map_at_100_max": 0.439238,
        "nauc_map_at_100_std": 0.120712,
        "nauc_map_at_100_diff1": 0.587469,
        "nauc_map_at_1000_max": 0.438973,
        "nauc_map_at_1000_std": 0.120472,
        "nauc_map_at_1000_diff1": 0.587579,
        "nauc_recall_at_1_max": 0.373382,
        "nauc_recall_at_1_std": 0.057138,
        "nauc_recall_at_1_diff1": 0.63109,
        "nauc_recall_at_3_max": 0.4382,
        "nauc_recall_at_3_std": 0.105976,
        "nauc_recall_at_3_diff1": 0.560417,
        "nauc_recall_at_5_max": 0.453483,
        "nauc_recall_at_5_std": 0.176344,
        "nauc_recall_at_5_diff1": 0.505413,
        "nauc_recall_at_10_max": 0.491933,
        "nauc_recall_at_10_std": 0.251289,
        "nauc_recall_at_10_diff1": 0.466363,
        "nauc_recall_at_20_max": 0.571748,
        "nauc_recall_at_20_std": 0.349532,
        "nauc_recall_at_20_diff1": 0.499388,
        "nauc_recall_at_100_max": 0.736333,
        "nauc_recall_at_100_std": 0.478321,
        "nauc_recall_at_100_diff1": 0.559982,
        "nauc_recall_at_1000_max": 0.764255,
        "nauc_recall_at_1000_std": 0.84591,
        "nauc_recall_at_1000_diff1": 0.503656,
        "nauc_precision_at_1_max": 0.426024,
        "nauc_precision_at_1_std": 0.094208,
        "nauc_precision_at_1_diff1": 0.623608,
        "nauc_precision_at_3_max": 0.5216,
        "nauc_precision_at_3_std": 0.21046,
        "nauc_precision_at_3_diff1": 0.421931,
        "nauc_precision_at_5_max": 0.499596,
        "nauc_precision_at_5_std": 0.288225,
        "nauc_precision_at_5_diff1": 0.254013,
        "nauc_precision_at_10_max": 0.467634,
        "nauc_precision_at_10_std": 0.351592,
        "nauc_precision_at_10_diff1": 0.127288,
        "nauc_precision_at_20_max": 0.45378,
        "nauc_precision_at_20_std": 0.406354,
        "nauc_precision_at_20_diff1": 0.063345,
        "nauc_precision_at_100_max": 0.387296,
        "nauc_precision_at_100_std": 0.399767,
        "nauc_precision_at_100_diff1": -0.065988,
        "nauc_precision_at_1000_max": 0.287768,
        "nauc_precision_at_1000_std": 0.380447,
        "nauc_precision_at_1000_diff1": -0.219954,
        "nauc_mrr_at_1_max": 0.426024,
        "nauc_mrr_at_1_std": 0.094208,
        "nauc_mrr_at_1_diff1": 0.623608,
        "nauc_mrr_at_3_max": 0.461596,
        "nauc_mrr_at_3_std": 0.131719,
        "nauc_mrr_at_3_diff1": 0.590684,
        "nauc_mrr_at_5_max": 0.459348,
        "nauc_mrr_at_5_std": 0.141161,
        "nauc_mrr_at_5_diff1": 0.583804,
        "nauc_mrr_at_10_max": 0.459752,
        "nauc_mrr_at_10_std": 0.144015,
        "nauc_mrr_at_10_diff1": 0.582112,
        "nauc_mrr_at_20_max": 0.461246,
        "nauc_mrr_at_20_std": 0.14484,
        "nauc_mrr_at_20_diff1": 0.584453,
        "nauc_mrr_at_100_max": 0.461991,
        "nauc_mrr_at_100_std": 0.144523,
        "nauc_mrr_at_100_diff1": 0.585685,
        "nauc_mrr_at_1000_max": 0.4617,
        "nauc_mrr_at_1000_std": 0.144276,
        "nauc_mrr_at_1000_diff1": 0.585733,
        "main_score": 0.66392,
        "hf_subset": "default",
        "languages": [
          "eng-Latn"
        ]
      }
    ],
    "test": [
      {
        "ndcg_at_1": 0.52667,
        "ndcg_at_3": 0.59162,
        "ndcg_at_5": 0.61894,
        "ndcg_at_10": 0.65138,
        "ndcg_at_20": 0.66627,
        "ndcg_at_100": 0.68471,
        "ndcg_at_1000": 0.69107,
        "map_at_1": 0.50789,
        "map_at_3": 0.56721,
        "map_at_5": 0.58628,
        "map_at_10": 0.60196,
        "map_at_20": 0.60658,
        "map_at_100": 0.60925,
        "map_at_1000": 0.60951,
        "recall_at_1": 0.50789,
        "recall_at_3": 0.63561,
        "recall_at_5": 0.70044,
        "recall_at_10": 0.79344,
        "recall_at_20": 0.84967,
        "recall_at_100": 0.94833,
        "recall_at_1000": 0.99667,
        "precision_at_1": 0.52667,
        "precision_at_3": 0.22889,
        "precision_at_5": 0.156,
        "precision_at_10": 0.08967,
        "precision_at_20": 0.04833,
        "precision_at_100": 0.01077,
        "precision_at_1000": 0.00113,
        "mrr_at_1": 0.526667,
        "mrr_at_3": 0.585,
        "mrr_at_5": 0.599,
        "mrr_at_10": 0.611263,
        "mrr_at_20": 0.614679,
        "mrr_at_100": 0.616912,
        "mrr_at_1000": 0.617171,
        "nauc_ndcg_at_1_max": 0.34974,
        "nauc_ndcg_at_1_std": 0.050362,
        "nauc_ndcg_at_1_diff1": 0.682249,
        "nauc_ndcg_at_3_max": 0.429743,
        "nauc_ndcg_at_3_std": 0.092844,
        "nauc_ndcg_at_3_diff1": 0.670717,
        "nauc_ndcg_at_5_max": 0.439813,
        "nauc_ndcg_at_5_std": 0.109446,
        "nauc_ndcg_at_5_diff1": 0.662463,
        "nauc_ndcg_at_10_max": 0.443717,
        "nauc_ndcg_at_10_std": 0.130892,
        "nauc_ndcg_at_10_diff1": 0.649441,
        "nauc_ndcg_at_20_max": 0.467142,
        "nauc_ndcg_at_20_std": 0.141457,
        "nauc_ndcg_at_20_diff1": 0.650781,
        "nauc_ndcg_at_100_max": 0.445812,
        "nauc_ndcg_at_100_std": 0.132206,
        "nauc_ndcg_at_100_diff1": 0.654448,
        "nauc_ndcg_at_1000_max": 0.4393,
        "nauc_ndcg_at_1000_std": 0.120174,
        "nauc_ndcg_at_1000_diff1": 0.656898,
        "nauc_map_at_1_max": 0.315725,
        "nauc_map_at_1_std": 0.013214,
        "nauc_map_at_1_diff1": 0.693026,
        "nauc_map_at_3_max": 0.394802,
        "nauc_map_at_3_std": 0.057051,
        "nauc_map_at_3_diff1": 0.67861,
        "nauc_map_at_5_max": 0.410485,
        "nauc_map_at_5_std": 0.079075,
        "nauc_map_at_5_diff1": 0.670922,
        "nauc_map_at_10_max": 0.416808,
        "nauc_map_at_10_std": 0.091446,
        "nauc_map_at_10_diff1": 0.664135,
        "nauc_map_at_20_max": 0.423033,
        "nauc_map_at_20_std": 0.095246,
        "nauc_map_at_20_diff1": 0.664271,
        "nauc_map_at_100_max": 0.419991,
        "nauc_map_at_100_std": 0.093714,
        "nauc_map_at_100_diff1": 0.664754,
        "nauc_map_at_1000_max": 0.419679,
        "nauc_map_at_1000_std": 0.093325,
        "nauc_map_at_1000_diff1": 0.664852,
        "nauc_recall_at_1_max": 0.315725,
        "nauc_recall_at_1_std": 0.013214,
        "nauc_recall_at_1_diff1": 0.693026,
        "nauc_recall_at_3_max": 0.468811,
        "nauc_recall_at_3_std": 0.125812,
        "nauc_recall_at_3_diff1": 0.666483,
        "nauc_recall_at_5_max": 0.502188,
        "nauc_recall_at_5_std": 0.172591,
        "nauc_recall_at_5_diff1": 0.639035,
        "nauc_recall_at_10_max": 0.526244,
        "nauc_recall_at_10_std": 0.270244,
        "nauc_recall_at_10_diff1": 0.584032,
        "nauc_recall_at_20_max": 0.717579,
        "nauc_recall_at_20_std": 0.375398,
        "nauc_recall_at_20_diff1": 0.574896,
        "nauc_recall_at_100_max": 0.638174,
        "nauc_recall_at_100_std": 0.578085,
        "nauc_recall_at_100_diff1": 0.54152,
        "nauc_recall_at_1000_max": 0.358077,
        "nauc_recall_at_1000_std": 0.358077,
        "nauc_recall_at_1000_diff1": 0.358077,
        "nauc_precision_at_1_max": 0.34974,
        "nauc_precision_at_1_std": 0.050362,
        "nauc_precision_at_1_diff1": 0.682249,
        "nauc_precision_at_3_max": 0.536882,
        "nauc_precision_at_3_std": 0.249755,
        "nauc_precision_at_3_diff1": 0.526787,
        "nauc_precision_at_5_max": 0.531404,
        "nauc_precision_at_5_std": 0.336302,
        "nauc_precision_at_5_diff1": 0.356139,
        "nauc_precision_at_10_max": 0.484741,
        "nauc_precision_at_10_std": 0.422108,
        "nauc_precision_at_10_diff1": 0.165331,
        "nauc_precision_at_20_max": 0.510614,
        "nauc_precision_at_20_std": 0.472649,
        "nauc_precision_at_20_diff1": 0.055851,
        "nauc_precision_at_100_max": 0.326642,
        "nauc_precision_at_100_std": 0.488795,
        "nauc_precision_at_100_diff1": -0.158964,
        "nauc_precision_at_1000_max": 0.240035,
        "nauc_precision_at_1000_std": 0.443635,
        "nauc_precision_at_1000_diff1": -0.311224,
        "nauc_mrr_at_1_max": 0.34974,
        "nauc_mrr_at_1_std": 0.050362,
        "nauc_mrr_at_1_diff1": 0.682249,
        "nauc_mrr_at_3_max": 0.427699,
        "nauc_mrr_at_3_std": 0.104044,
        "nauc_mrr_at_3_diff1": 0.670936,
        "nauc_mrr_at_5_max": 0.42838,
        "nauc_mrr_at_5_std": 0.103087,
        "nauc_mrr_at_5_diff1": 0.664383,
        "nauc_mrr_at_10_max": 0.425788,
        "nauc_mrr_at_10_std": 0.108085,
        "nauc_mrr_at_10_diff1": 0.661095,
        "nauc_mrr_at_20_max": 0.429065,
        "nauc_mrr_at_20_std": 0.107193,
        "nauc_mrr_at_20_diff1": 0.662203,
        "nauc_mrr_at_100_max": 0.426587,
        "nauc_mrr_at_100_std": 0.105262,
        "nauc_mrr_at_100_diff1": 0.662839,
        "nauc_mrr_at_1000_max": 0.426292,
        "nauc_mrr_at_1000_std": 0.104904,
        "nauc_mrr_at_1000_diff1": 0.66295,
        "main_score": 0.65138,
        "hf_subset": "default",
        "languages": [
          "eng-Latn"
        ]
      }
    ]
  },
  "evaluation_time": 31.120338678359985,
  "kg_co2_emissions": null
}