{
  "dataset_revision": "20a6d6f312dd54037fe07a32d58e5e168867909d",
  "task_name": "SICK-R",
  "mteb_version": "1.26.3",
  "scores": {
    "test": [
      {
        "pearson": 0.824922,
        "spearman": 0.777985,
        "cosine_pearson": 0.824922,
        "cosine_spearman": 0.777985,
        "manhattan_pearson": 0.790664,
        "manhattan_spearman": 0.775623,
        "euclidean_pearson": 0.794035,
        "euclidean_spearman": 0.777985,
        "main_score": 0.777985,
        "hf_subset": "default",
        "languages": [
          "eng-Latn"
        ]
      }
    ]
  },
  "evaluation_time": 3.3645546436309814,
  "kg_co2_emissions": null
}