{
  "dataset_revision": "d66bd1f72af766a5cc4b0ca5e00c162f89e8cc46",
  "task_name": "SprintDuplicateQuestions",
  "mteb_version": "1.26.3",
  "scores": {
    "validation": [
      {
        "similarity_accuracy": 0.996208,
        "similarity_accuracy_threshold": 0.635833,
        "similarity_f1": 0.812683,
        "similarity_f1_threshold": 0.633794,
        "similarity_precision": 0.793333,
        "similarity_recall": 0.833,
        "similarity_ap": 0.878138,
        "cosine_accuracy": 0.996208,
        "cosine_accuracy_threshold": 0.635833,
        "cosine_f1": 0.812683,
        "cosine_f1_threshold": 0.633794,
        "cosine_precision": 0.793333,
        "cosine_recall": 0.833,
        "cosine_ap": 0.878138,
        "manhattan_accuracy": 0.996119,
        "manhattan_accuracy_threshold": 18.33189,
        "manhattan_f1": 0.804866,
        "manhattan_f1_threshold": 18.656368,
        "manhattan_precision": 0.783886,
        "manhattan_recall": 0.827,
        "manhattan_ap": 0.871736,
        "euclidean_accuracy": 0.996208,
        "euclidean_accuracy_threshold": 0.853425,
        "euclidean_f1": 0.812683,
        "euclidean_f1_threshold": 0.855811,
        "euclidean_precision": 0.793333,
        "euclidean_recall": 0.833,
        "euclidean_ap": 0.878138,
        "dot_accuracy": 0.996208,
        "dot_accuracy_threshold": 0.635833,
        "dot_f1": 0.812683,
        "dot_f1_threshold": 0.633794,
        "dot_precision": 0.793333,
        "dot_recall": 0.833,
        "dot_ap": 0.878138,
        "max_accuracy": 0.996208,
        "max_f1": 0.812683,
        "max_precision": 0.793333,
        "max_recall": 0.833,
        "max_ap": 0.878138,
        "main_score": 0.878138,
        "hf_subset": "default",
        "languages": [
          "eng-Latn"
        ]
      }
    ],
    "test": [
      {
        "similarity_accuracy": 0.995921,
        "similarity_accuracy_threshold": 0.682532,
        "similarity_f1": 0.781316,
        "similarity_f1_threshold": 0.681023,
        "similarity_precision": 0.832579,
        "similarity_recall": 0.736,
        "similarity_ap": 0.862363,
        "cosine_accuracy": 0.995921,
        "cosine_accuracy_threshold": 0.682532,
        "cosine_f1": 0.781316,
        "cosine_f1_threshold": 0.681023,
        "cosine_precision": 0.832579,
        "cosine_recall": 0.736,
        "cosine_ap": 0.862363,
        "manhattan_accuracy": 0.995752,
        "manhattan_accuracy_threshold": 17.11352,
        "manhattan_f1": 0.772394,
        "manhattan_f1_threshold": 18.183165,
        "manhattan_precision": 0.756472,
        "manhattan_recall": 0.789,
        "manhattan_ap": 0.854262,
        "euclidean_accuracy": 0.995921,
        "euclidean_accuracy_threshold": 0.796829,
        "euclidean_f1": 0.781316,
        "euclidean_f1_threshold": 0.79872,
        "euclidean_precision": 0.832579,
        "euclidean_recall": 0.736,
        "euclidean_ap": 0.862363,
        "dot_accuracy": 0.995921,
        "dot_accuracy_threshold": 0.682532,
        "dot_f1": 0.781316,
        "dot_f1_threshold": 0.681023,
        "dot_precision": 0.832579,
        "dot_recall": 0.736,
        "dot_ap": 0.862363,
        "max_accuracy": 0.995921,
        "max_f1": 0.781316,
        "max_precision": 0.832579,
        "max_recall": 0.789,
        "max_ap": 0.862363,
        "main_score": 0.862363,
        "hf_subset": "default",
        "languages": [
          "eng-Latn"
        ]
      }
    ]
  },
  "evaluation_time": 49.865508794784546,
  "kg_co2_emissions": null
}