{
  "dataset_revision": "e185fbe320c72810689fc5848eb6114e1ef5ec69",
  "task_name": "StackOverflowDupQuestions",
  "mteb_version": "1.26.3",
  "scores": {
    "test": [
      {
        "map": 0.473333,
        "mrr": 0.48058,
        "nAUC_map_max": 0.077892,
        "nAUC_map_std": 0.084101,
        "nAUC_map_diff1": 0.355027,
        "nAUC_mrr_max": 0.086312,
        "nAUC_mrr_std": 0.086074,
        "nAUC_mrr_diff1": 0.361131,
        "main_score": 0.473333,
        "hf_subset": "default",
        "languages": [
          "eng-Latn"
        ]
      }
    ]
  },
  "evaluation_time": 18.551578283309937,
  "kg_co2_emissions": null
}