{
  "dataset_revision": "4d8694f8f0e0100860b497b999b3dbed754a0513",
  "task_name": "STS16",
  "mteb_version": "1.26.3",
  "scores": {
    "test": [
      {
        "pearson": 0.677348,
        "spearman": 0.681311,
        "cosine_pearson": 0.677348,
        "cosine_spearman": 0.681311,
        "manhattan_pearson": 0.678058,
        "manhattan_spearman": 0.678723,
        "euclidean_pearson": 0.680618,
        "euclidean_spearman": 0.681311,
        "main_score": 0.681311,
        "hf_subset": "default",
        "languages": [
          "eng-Latn"
        ]
      }
    ]
  },
  "evaluation_time": 0.5954976081848145,
  "kg_co2_emissions": null
}