{
  "dataset_revision": "b0fddb56ed78048fa8b90373c8a3cfc37b684831",
  "task_name": "STSBenchmark",
  "mteb_version": "1.26.3",
  "scores": {
    "test": [
      {
        "pearson": 0.759283,
        "spearman": 0.741146,
        "cosine_pearson": 0.759283,
        "cosine_spearman": 0.741146,
        "manhattan_pearson": 0.74239,
        "manhattan_spearman": 0.736053,
        "euclidean_pearson": 0.746705,
        "euclidean_spearman": 0.741146,
        "main_score": 0.741146,
        "hf_subset": "default",
        "languages": [
          "eng-Latn"
        ]
      }
    ]
  },
  "evaluation_time": 0.5573346614837646,
  "kg_co2_emissions": null
}