{
  "dataset_revision": "6125ec4e24fa026cec8a478383ee943acfbd5449",
  "task_name": "TwentyNewsgroupsClustering",
  "mteb_version": "1.26.3",
  "scores": {
    "test": [
      {
        "v_measure": 0.392039,
        "v_measure_std": 0.012849,
        "v_measures": [
          0.388323,
          0.389392,
          0.390098,
          0.391624,
          0.426883,
          0.39211,
          0.392421,
          0.37921,
          0.376423,
          0.393903
        ],
        "main_score": 0.392039,
        "hf_subset": "default",
        "languages": [
          "eng-Latn"
        ]
      }
    ]
  },
  "evaluation_time": 10.998988628387451,
  "kg_co2_emissions": null
}