{
  "dataset_revision": "c22ab2a51041ffd869aaddef7af8d8215647e41a",
  "task_name": "ArguAna",
  "mteb_version": "1.26.3",
  "scores": {
    "test": [
      {
        "ndcg_at_1": 0.27881,
        "ndcg_at_3": 0.42693,
        "ndcg_at_5": 0.48116,
        "ndcg_at_10": 0.53033,
        "ndcg_at_20": 0.55745,
        "ndcg_at_100": 0.5699,
        "ndcg_at_1000": 0.57111,
        "map_at_1": 0.27881,
        "map_at_3": 0.38952,
        "map_at_5": 0.41964,
        "map_at_10": 0.4403,
        "map_at_20": 0.44791,
        "map_at_100": 0.44991,
        "map_at_1000": 0.44996,
        "recall_at_1": 0.27881,
        "recall_at_3": 0.53556,
        "recall_at_5": 0.66714,
        "recall_at_10": 0.81721,
        "recall_at_20": 0.92319,
        "recall_at_100": 0.98649,
        "recall_at_1000": 0.99573,
        "precision_at_1": 0.27881,
        "precision_at_3": 0.17852,
        "precision_at_5": 0.13343,
        "precision_at_10": 0.08172,
        "precision_at_20": 0.04616,
        "precision_at_100": 0.00986,
        "precision_at_1000": 0.001,
        "mrr_at_1": 0.280939,
        "mrr_at_3": 0.390588,
        "mrr_at_5": 0.420531,
        "mrr_at_10": 0.441066,
        "mrr_at_20": 0.448641,
        "mrr_at_100": 0.450677,
        "mrr_at_1000": 0.450726,
        "nauc_ndcg_at_1_max": -0.121146,
        "nauc_ndcg_at_1_std": -0.107695,
        "nauc_ndcg_at_1_diff1": 0.09976,
        "nauc_ndcg_at_3_max": -0.086435,
        "nauc_ndcg_at_3_std": -0.090929,
        "nauc_ndcg_at_3_diff1": 0.04994,
        "nauc_ndcg_at_5_max": -0.068863,
        "nauc_ndcg_at_5_std": -0.08454,
        "nauc_ndcg_at_5_diff1": 0.041935,
        "nauc_ndcg_at_10_max": -0.058544,
        "nauc_ndcg_at_10_std": -0.075576,
        "nauc_ndcg_at_10_diff1": 0.051017,
        "nauc_ndcg_at_20_max": -0.059084,
        "nauc_ndcg_at_20_std": -0.069111,
        "nauc_ndcg_at_20_diff1": 0.057483,
        "nauc_ndcg_at_100_max": -0.071858,
        "nauc_ndcg_at_100_std": -0.077636,
        "nauc_ndcg_at_100_diff1": 0.060713,
        "nauc_ndcg_at_1000_max": -0.073492,
        "nauc_ndcg_at_1000_std": -0.080285,
        "nauc_ndcg_at_1000_diff1": 0.060097,
        "nauc_map_at_1_max": -0.121146,
        "nauc_map_at_1_std": -0.107695,
        "nauc_map_at_1_diff1": 0.09976,
        "nauc_map_at_3_max": -0.094021,
        "nauc_map_at_3_std": -0.094448,
        "nauc_map_at_3_diff1": 0.060212,
        "nauc_map_at_5_max": -0.08456,
        "nauc_map_at_5_std": -0.091159,
        "nauc_map_at_5_diff1": 0.056636,
        "nauc_map_at_10_max": -0.081577,
        "nauc_map_at_10_std": -0.088534,
        "nauc_map_at_10_diff1": 0.060648,
        "nauc_map_at_20_max": -0.081977,
        "nauc_map_at_20_std": -0.087539,
        "nauc_map_at_20_diff1": 0.062567,
        "nauc_map_at_100_max": -0.083508,
        "nauc_map_at_100_std": -0.088476,
        "nauc_map_at_100_diff1": 0.063,
        "nauc_map_at_1000_max": -0.083555,
        "nauc_map_at_1000_std": -0.088553,
        "nauc_map_at_1000_diff1": 0.062987,
        "nauc_recall_at_1_max": -0.121146,
        "nauc_recall_at_1_std": -0.107695,
        "nauc_recall_at_1_diff1": 0.09976,
        "nauc_recall_at_3_max": -0.064715,
        "nauc_recall_at_3_std": -0.080919,
        "nauc_recall_at_3_diff1": 0.020802,
        "nauc_recall_at_5_max": -0.013419,
        "nauc_recall_at_5_std": -0.061228,
        "nauc_recall_at_5_diff1": -0.008937,
        "nauc_recall_at_10_max": 0.073854,
        "nauc_recall_at_10_std": 0.001948,
        "nauc_recall_at_10_diff1": 0.005988,
        "nauc_recall_at_20_max": 0.224145,
        "nauc_recall_at_20_std": 0.189075,
        "nauc_recall_at_20_diff1": 0.029182,
        "nauc_recall_at_100_max": 0.28614,
        "nauc_recall_at_100_std": 0.524821,
        "nauc_recall_at_100_diff1": 0.180531,
        "nauc_recall_at_1000_max": 0.318669,
        "nauc_recall_at_1000_std": 0.646816,
        "nauc_recall_at_1000_diff1": 0.147968,
        "nauc_precision_at_1_max": -0.121146,
        "nauc_precision_at_1_std": -0.107695,
        "nauc_precision_at_1_diff1": 0.09976,
        "nauc_precision_at_3_max": -0.064715,
        "nauc_precision_at_3_std": -0.080919,
        "nauc_precision_at_3_diff1": 0.020802,
        "nauc_precision_at_5_max": -0.013419,
        "nauc_precision_at_5_std": -0.061228,
        "nauc_precision_at_5_diff1": -0.008937,
        "nauc_precision_at_10_max": 0.073854,
        "nauc_precision_at_10_std": 0.001948,
        "nauc_precision_at_10_diff1": 0.005988,
        "nauc_precision_at_20_max": 0.224145,
        "nauc_precision_at_20_std": 0.189075,
        "nauc_precision_at_20_diff1": 0.029182,
        "nauc_precision_at_100_max": 0.28614,
        "nauc_precision_at_100_std": 0.524821,
        "nauc_precision_at_100_diff1": 0.180531,
        "nauc_precision_at_1000_max": 0.318669,
        "nauc_precision_at_1000_std": 0.646816,
        "nauc_precision_at_1000_diff1": 0.147968,
        "nauc_mrr_at_1_max": -0.124353,
        "nauc_mrr_at_1_std": -0.110871,
        "nauc_mrr_at_1_diff1": 0.093028,
        "nauc_mrr_at_3_max": -0.103334,
        "nauc_mrr_at_3_std": -0.097111,
        "nauc_mrr_at_3_diff1": 0.05007,
        "nauc_mrr_at_5_max": -0.090318,
        "nauc_mrr_at_5_std": -0.092145,
        "nauc_mrr_at_5_diff1": 0.04957,
        "nauc_mrr_at_10_max": -0.087915,
        "nauc_mrr_at_10_std": -0.089599,
        "nauc_mrr_at_10_diff1": 0.052323,
        "nauc_mrr_at_20_max": -0.088766,
        "nauc_mrr_at_20_std": -0.088829,
        "nauc_mrr_at_20_diff1": 0.053735,
        "nauc_mrr_at_100_max": -0.090165,
        "nauc_mrr_at_100_std": -0.08959,
        "nauc_mrr_at_100_diff1": 0.054298,
        "nauc_mrr_at_1000_max": -0.090212,
        "nauc_mrr_at_1000_std": -0.089667,
        "nauc_mrr_at_1000_diff1": 0.054284,
        "main_score": 0.53033,
        "hf_subset": "default",
        "languages": [
          "eng-Latn"
        ]
      }
    ]
  },
  "evaluation_time": 19.480710983276367,
  "kg_co2_emissions": null
}