{
  "dataset_revision": "0fd18e25b25c072e09e0d92ab615fda904d66300",
  "task_name": "Banking77Classification",
  "mteb_version": "1.26.3",
  "scores": {
    "test": [
      {
        "accuracy": 0.762662,
        "f1": 0.752837,
        "f1_weighted": 0.752837,
        "scores_per_experiment": [
          {
            "accuracy": 0.758766,
            "f1": 0.746929,
            "f1_weighted": 0.746929
          },
          {
            "accuracy": 0.760065,
            "f1": 0.749021,
            "f1_weighted": 0.749021
          },
          {
            "accuracy": 0.775649,
            "f1": 0.767164,
            "f1_weighted": 0.767164
          },
          {
            "accuracy": 0.756169,
            "f1": 0.749857,
            "f1_weighted": 0.749857
          },
          {
            "accuracy": 0.770455,
            "f1": 0.760744,
            "f1_weighted": 0.760744
          },
          {
            "accuracy": 0.774675,
            "f1": 0.766333,
            "f1_weighted": 0.766333
          },
          {
            "accuracy": 0.737987,
            "f1": 0.725422,
            "f1_weighted": 0.725422
          },
          {
            "accuracy": 0.758766,
            "f1": 0.74757,
            "f1_weighted": 0.74757
          },
          {
            "accuracy": 0.776299,
            "f1": 0.766363,
            "f1_weighted": 0.766363
          },
          {
            "accuracy": 0.757792,
            "f1": 0.748968,
            "f1_weighted": 0.748968
          }
        ],
        "main_score": 0.762662,
        "hf_subset": "default",
        "languages": [
          "eng-Latn"
        ]
      }
    ]
  },
  "evaluation_time": 11.58372163772583,
  "kg_co2_emissions": null
}