{
  "dataset_revision": "258694dd0231531bc1fd9de6ceb52a0853c6d908",
  "task_name": "BiorxivClusteringS2S",
  "mteb_version": "1.26.3",
  "scores": {
    "test": [
      {
        "v_measure": 0.299163,
        "v_measure_std": 0.007183,
        "v_measures": [
          0.297932,
          0.300406,
          0.302022,
          0.298286,
          0.285046,
          0.289468,
          0.296822,
          0.305746,
          0.309881,
          0.306019
        ],
        "main_score": 0.299163,
        "hf_subset": "default",
        "languages": [
          "eng-Latn"
        ]
      }
    ]
  },
  "evaluation_time": 20.494202136993408,
  "kg_co2_emissions": null
}