{
  "dataset_revision": "4f58c6b202a23cf9a4da393831edf4f9183cad37",
  "task_name": "EmotionClassification",
  "mteb_version": "1.26.3",
  "scores": {
    "validation": [
      {
        "accuracy": 0.5154,
        "f1": 0.457963,
        "f1_weighted": 0.528069,
        "scores_per_experiment": [
          {
            "accuracy": 0.5715,
            "f1": 0.49997,
            "f1_weighted": 0.578615
          },
          {
            "accuracy": 0.532,
            "f1": 0.466987,
            "f1_weighted": 0.544087
          },
          {
            "accuracy": 0.5295,
            "f1": 0.46071,
            "f1_weighted": 0.542461
          },
          {
            "accuracy": 0.515,
            "f1": 0.434852,
            "f1_weighted": 0.520314
          },
          {
            "accuracy": 0.525,
            "f1": 0.46683,
            "f1_weighted": 0.542556
          },
          {
            "accuracy": 0.5105,
            "f1": 0.459486,
            "f1_weighted": 0.523262
          },
          {
            "accuracy": 0.534,
            "f1": 0.464188,
            "f1_weighted": 0.546626
          },
          {
            "accuracy": 0.427,
            "f1": 0.411447,
            "f1_weighted": 0.437288
          },
          {
            "accuracy": 0.506,
            "f1": 0.465322,
            "f1_weighted": 0.522913
          },
          {
            "accuracy": 0.5035,
            "f1": 0.449837,
            "f1_weighted": 0.52257
          }
        ],
        "main_score": 0.5154,
        "hf_subset": "default",
        "languages": [
          "eng-Latn"
        ]
      }
    ],
    "test": [
      {
        "accuracy": 0.5185,
        "f1": 0.449985,
        "f1_weighted": 0.533622,
        "scores_per_experiment": [
          {
            "accuracy": 0.571,
            "f1": 0.490784,
            "f1_weighted": 0.579318
          },
          {
            "accuracy": 0.511,
            "f1": 0.443181,
            "f1_weighted": 0.526607
          },
          {
            "accuracy": 0.5205,
            "f1": 0.440128,
            "f1_weighted": 0.536997
          },
          {
            "accuracy": 0.5105,
            "f1": 0.417173,
            "f1_weighted": 0.517507
          },
          {
            "accuracy": 0.5365,
            "f1": 0.473061,
            "f1_weighted": 0.556182
          },
          {
            "accuracy": 0.508,
            "f1": 0.442977,
            "f1_weighted": 0.519892
          },
          {
            "accuracy": 0.548,
            "f1": 0.463374,
            "f1_weighted": 0.561952
          },
          {
            "accuracy": 0.447,
            "f1": 0.418809,
            "f1_weighted": 0.464711
          },
          {
            "accuracy": 0.5195,
            "f1": 0.461685,
            "f1_weighted": 0.539016
          },
          {
            "accuracy": 0.513,
            "f1": 0.448677,
            "f1_weighted": 0.534037
          }
        ],
        "main_score": 0.5185,
        "hf_subset": "default",
        "languages": [
          "eng-Latn"
        ]
      }
    ]
  },
  "evaluation_time": 9.452779531478882,
  "kg_co2_emissions": null
}