{
  "dataset_revision": "4672e20407010da34463acc759c162ca9734bca6",
  "task_name": "MassiveIntentClassification",
  "mteb_version": "1.26.3",
  "scores": {
    "validation": [
      {
        "accuracy": 0.674619,
        "f1": 0.634983,
        "f1_weighted": 0.661028,
        "scores_per_experiment": [
          {
            "accuracy": 0.6606,
            "f1": 0.633517,
            "f1_weighted": 0.650431
          },
          {
            "accuracy": 0.693556,
            "f1": 0.655399,
            "f1_weighted": 0.68865
          },
          {
            "accuracy": 0.685686,
            "f1": 0.637257,
            "f1_weighted": 0.675288
          },
          {
            "accuracy": 0.690605,
            "f1": 0.639386,
            "f1_weighted": 0.677369
          },
          {
            "accuracy": 0.675357,
            "f1": 0.628474,
            "f1_weighted": 0.659836
          },
          {
            "accuracy": 0.667486,
            "f1": 0.634783,
            "f1_weighted": 0.655146
          },
          {
            "accuracy": 0.674373,
            "f1": 0.638547,
            "f1_weighted": 0.663552
          },
          {
            "accuracy": 0.654697,
            "f1": 0.618269,
            "f1_weighted": 0.639061
          },
          {
            "accuracy": 0.652238,
            "f1": 0.620352,
            "f1_weighted": 0.619338
          },
          {
            "accuracy": 0.691589,
            "f1": 0.643845,
            "f1_weighted": 0.681609
          }
        ],
        "main_score": 0.674619,
        "hf_subset": "en",
        "languages": [
          "eng-Latn"
        ]
      }
    ],
    "test": [
      {
        "accuracy": 0.666543,
        "f1": 0.646142,
        "f1_weighted": 0.652502,
        "scores_per_experiment": [
          {
            "accuracy": 0.676866,
            "f1": 0.656229,
            "f1_weighted": 0.66639
          },
          {
            "accuracy": 0.692334,
            "f1": 0.663563,
            "f1_weighted": 0.686848
          },
          {
            "accuracy": 0.656019,
            "f1": 0.62992,
            "f1_weighted": 0.642297
          },
          {
            "accuracy": 0.681574,
            "f1": 0.66308,
            "f1_weighted": 0.67283
          },
          {
            "accuracy": 0.662071,
            "f1": 0.636544,
            "f1_weighted": 0.645139
          },
          {
            "accuracy": 0.650639,
            "f1": 0.641842,
            "f1_weighted": 0.632638
          },
          {
            "accuracy": 0.660726,
            "f1": 0.644706,
            "f1_weighted": 0.647392
          },
          {
            "accuracy": 0.660726,
            "f1": 0.632697,
            "f1_weighted": 0.646103
          },
          {
            "accuracy": 0.644586,
            "f1": 0.635437,
            "f1_weighted": 0.615466
          },
          {
            "accuracy": 0.679892,
            "f1": 0.657408,
            "f1_weighted": 0.669915
          }
        ],
        "main_score": 0.666543,
        "hf_subset": "en",
        "languages": [
          "eng-Latn"
        ]
      }
    ]
  },
  "evaluation_time": 7.1594274044036865,
  "kg_co2_emissions": null
}