{
  "dataset_revision": "35191c8c0dca72d8ff3efcd72aa802307d469663",
  "task_name": "MedrxivClusteringS2S",
  "mteb_version": "1.26.3",
  "scores": {
    "test": [
      {
        "v_measure": 0.276719,
        "v_measure_std": 0.014036,
        "v_measures": [
          0.269741,
          0.260277,
          0.260776,
          0.269441,
          0.259273,
          0.28534,
          0.294038,
          0.298999,
          0.280017,
          0.289283
        ],
        "main_score": 0.276719,
        "hf_subset": "default",
        "languages": [
          "eng-Latn"
        ]
      }
    ]
  },
  "evaluation_time": 12.249721765518188,
  "kg_co2_emissions": null
}