{
  "dataset_revision": "ec0fa4fe99da2ff19ca1214b7966684033a58814",
  "task_name": "NFCorpus",
  "mteb_version": "1.26.3",
  "scores": {
    "test": [
      {
        "ndcg_at_1": 0.4613,
        "ndcg_at_3": 0.42311,
        "ndcg_at_5": 0.40333,
        "ndcg_at_10": 0.37087,
        "ndcg_at_20": 0.34947,
        "ndcg_at_100": 0.34046,
        "ndcg_at_1000": 0.42529,
        "map_at_1": 0.0695,
        "map_at_3": 0.10851,
        "map_at_5": 0.12717,
        "map_at_10": 0.1468,
        "map_at_20": 0.16184,
        "map_at_100": 0.18184,
        "map_at_1000": 0.19637,
        "recall_at_1": 0.0695,
        "recall_at_3": 0.12197,
        "recall_at_5": 0.15167,
        "recall_at_10": 0.18994,
        "recall_at_20": 0.22789,
        "recall_at_100": 0.33515,
        "recall_at_1000": 0.64625,
        "precision_at_1": 0.47678,
        "precision_at_3": 0.39319,
        "precision_at_5": 0.34365,
        "precision_at_10": 0.26935,
        "precision_at_20": 0.20248,
        "precision_at_100": 0.08347,
        "precision_at_1000": 0.02105,
        "mrr_at_1": 0.482972,
        "mrr_at_3": 0.560372,
        "mrr_at_5": 0.571517,
        "mrr_at_10": 0.578383,
        "mrr_at_20": 0.582165,
        "mrr_at_100": 0.584144,
        "mrr_at_1000": 0.584457,
        "nauc_ndcg_at_1_max": 0.390161,
        "nauc_ndcg_at_1_std": 0.34694,
        "nauc_ndcg_at_1_diff1": 0.351486,
        "nauc_ndcg_at_3_max": 0.422741,
        "nauc_ndcg_at_3_std": 0.349649,
        "nauc_ndcg_at_3_diff1": 0.30216,
        "nauc_ndcg_at_5_max": 0.41762,
        "nauc_ndcg_at_5_std": 0.35055,
        "nauc_ndcg_at_5_diff1": 0.309076,
        "nauc_ndcg_at_10_max": 0.405163,
        "nauc_ndcg_at_10_std": 0.368863,
        "nauc_ndcg_at_10_diff1": 0.294757,
        "nauc_ndcg_at_20_max": 0.401409,
        "nauc_ndcg_at_20_std": 0.374174,
        "nauc_ndcg_at_20_diff1": 0.294179,
        "nauc_ndcg_at_100_max": 0.394299,
        "nauc_ndcg_at_100_std": 0.328343,
        "nauc_ndcg_at_100_diff1": 0.320124,
        "nauc_ndcg_at_1000_max": 0.442752,
        "nauc_ndcg_at_1000_std": 0.380504,
        "nauc_ndcg_at_1000_diff1": 0.318006,
        "nauc_map_at_1_max": 0.098071,
        "nauc_map_at_1_std": -0.144866,
        "nauc_map_at_1_diff1": 0.4852,
        "nauc_map_at_3_max": 0.148043,
        "nauc_map_at_3_std": -0.090298,
        "nauc_map_at_3_diff1": 0.437536,
        "nauc_map_at_5_max": 0.187716,
        "nauc_map_at_5_std": -0.059593,
        "nauc_map_at_5_diff1": 0.428456,
        "nauc_map_at_10_max": 0.229143,
        "nauc_map_at_10_std": 0.001465,
        "nauc_map_at_10_diff1": 0.383802,
        "nauc_map_at_20_max": 0.266328,
        "nauc_map_at_20_std": 0.060138,
        "nauc_map_at_20_diff1": 0.355672,
        "nauc_map_at_100_max": 0.294233,
        "nauc_map_at_100_std": 0.128077,
        "nauc_map_at_100_diff1": 0.338655,
        "nauc_map_at_1000_max": 0.303935,
        "nauc_map_at_1000_std": 0.170265,
        "nauc_map_at_1000_diff1": 0.326793,
        "nauc_recall_at_1_max": 0.098071,
        "nauc_recall_at_1_std": -0.144866,
        "nauc_recall_at_1_diff1": 0.4852,
        "nauc_recall_at_3_max": 0.148051,
        "nauc_recall_at_3_std": -0.079566,
        "nauc_recall_at_3_diff1": 0.410618,
        "nauc_recall_at_5_max": 0.178261,
        "nauc_recall_at_5_std": -0.058657,
        "nauc_recall_at_5_diff1": 0.405201,
        "nauc_recall_at_10_max": 0.204366,
        "nauc_recall_at_10_std": 0.003064,
        "nauc_recall_at_10_diff1": 0.33332,
        "nauc_recall_at_20_max": 0.246719,
        "nauc_recall_at_20_std": 0.070269,
        "nauc_recall_at_20_diff1": 0.299364,
        "nauc_recall_at_100_max": 0.260633,
        "nauc_recall_at_100_std": 0.178541,
        "nauc_recall_at_100_diff1": 0.233339,
        "nauc_recall_at_1000_max": 0.192547,
        "nauc_recall_at_1000_std": 0.2236,
        "nauc_recall_at_1000_diff1": 0.121194,
        "nauc_precision_at_1_max": 0.398596,
        "nauc_precision_at_1_std": 0.353404,
        "nauc_precision_at_1_diff1": 0.340639,
        "nauc_precision_at_3_max": 0.457913,
        "nauc_precision_at_3_std": 0.436006,
        "nauc_precision_at_3_diff1": 0.190873,
        "nauc_precision_at_5_max": 0.429954,
        "nauc_precision_at_5_std": 0.452788,
        "nauc_precision_at_5_diff1": 0.147269,
        "nauc_precision_at_10_max": 0.407495,
        "nauc_precision_at_10_std": 0.519712,
        "nauc_precision_at_10_diff1": 0.045527,
        "nauc_precision_at_20_max": 0.378034,
        "nauc_precision_at_20_std": 0.572599,
        "nauc_precision_at_20_diff1": -0.01521,
        "nauc_precision_at_100_max": 0.244106,
        "nauc_precision_at_100_std": 0.567554,
        "nauc_precision_at_100_diff1": -0.08086,
        "nauc_precision_at_1000_max": 0.096027,
        "nauc_precision_at_1000_std": 0.457675,
        "nauc_precision_at_1000_diff1": -0.120897,
        "nauc_mrr_at_1_max": 0.399893,
        "nauc_mrr_at_1_std": 0.346753,
        "nauc_mrr_at_1_diff1": 0.323818,
        "nauc_mrr_at_3_max": 0.473356,
        "nauc_mrr_at_3_std": 0.410549,
        "nauc_mrr_at_3_diff1": 0.339598,
        "nauc_mrr_at_5_max": 0.467243,
        "nauc_mrr_at_5_std": 0.404153,
        "nauc_mrr_at_5_diff1": 0.340522,
        "nauc_mrr_at_10_max": 0.464152,
        "nauc_mrr_at_10_std": 0.406691,
        "nauc_mrr_at_10_diff1": 0.33674,
        "nauc_mrr_at_20_max": 0.468069,
        "nauc_mrr_at_20_std": 0.409707,
        "nauc_mrr_at_20_diff1": 0.337818,
        "nauc_mrr_at_100_max": 0.468289,
        "nauc_mrr_at_100_std": 0.409523,
        "nauc_mrr_at_100_diff1": 0.338111,
        "nauc_mrr_at_1000_max": 0.468055,
        "nauc_mrr_at_1000_std": 0.409271,
        "nauc_mrr_at_1000_diff1": 0.338093,
        "main_score": 0.37087,
        "hf_subset": "default",
        "languages": [
          "eng-Latn"
        ]
      }
    ]
  },
  "evaluation_time": 11.131665468215942,
  "kg_co2_emissions": null
}