{
  "dataset_revision": "d3c5e1fc0b855ab6097bf1cda04dd73947d7caab",
  "task_name": "SciDocsRR",
  "mteb_version": "1.26.3",
  "scores": {
    "test": [
      {
        "map": 0.810134,
        "mrr": 0.946133,
        "nAUC_map_max": 0.508488,
        "nAUC_map_std": 0.598526,
        "nAUC_map_diff1": 0.053279,
        "nAUC_mrr_max": 0.798882,
        "nAUC_mrr_std": 0.70285,
        "nAUC_mrr_diff1": 0.489669,
        "main_score": 0.810134,
        "hf_subset": "default",
        "languages": [
          "eng-Latn"
        ]
      }
    ]
  },
  "evaluation_time": 20.120433807373047,
  "kg_co2_emissions": null
}