{
  "dataset_revision": "0228b52cf27578f30900b9e5271d331663a030d7",
  "task_name": "SciFact",
  "mteb_version": "1.26.3",
  "scores": {
    "train": [
      {
        "ndcg_at_1": 0.5958,
        "ndcg_at_3": 0.66991,
        "ndcg_at_5": 0.69062,
        "ndcg_at_10": 0.71364,
        "ndcg_at_20": 0.72592,
        "ndcg_at_100": 0.74108,
        "ndcg_at_1000": 0.74588,
        "map_at_1": 0.56994,
        "map_at_3": 0.64434,
        "map_at_5": 0.65913,
        "map_at_10": 0.67007,
        "map_at_20": 0.67416,
        "map_at_100": 0.67638,
        "map_at_1000": 0.67656,
        "recall_at_1": 0.56994,
        "recall_at_3": 0.71908,
        "recall_at_5": 0.76774,
        "recall_at_10": 0.83315,
        "recall_at_20": 0.878,
        "recall_at_100": 0.95797,
        "recall_at_1000": 0.99506,
        "precision_at_1": 0.5958,
        "precision_at_3": 0.26123,
        "precision_at_5": 0.17033,
        "precision_at_10": 0.09407,
        "precision_at_20": 0.05019,
        "precision_at_100": 0.01091,
        "precision_at_1000": 0.00113,
        "mrr_at_1": 0.595797,
        "mrr_at_3": 0.6644,
        "mrr_at_5": 0.673609,
        "mrr_at_10": 0.681937,
        "mrr_at_20": 0.684356,
        "mrr_at_100": 0.686278,
        "mrr_at_1000": 0.686457,
        "nauc_ndcg_at_1_max": 0.412172,
        "nauc_ndcg_at_1_std": 0.047653,
        "nauc_ndcg_at_1_diff1": 0.71268,
        "nauc_ndcg_at_3_max": 0.416296,
        "nauc_ndcg_at_3_std": 0.053259,
        "nauc_ndcg_at_3_diff1": 0.68421,
        "nauc_ndcg_at_5_max": 0.416894,
        "nauc_ndcg_at_5_std": 0.055714,
        "nauc_ndcg_at_5_diff1": 0.675405,
        "nauc_ndcg_at_10_max": 0.430023,
        "nauc_ndcg_at_10_std": 0.0738,
        "nauc_ndcg_at_10_diff1": 0.671555,
        "nauc_ndcg_at_20_max": 0.448694,
        "nauc_ndcg_at_20_std": 0.089797,
        "nauc_ndcg_at_20_diff1": 0.67094,
        "nauc_ndcg_at_100_max": 0.445075,
        "nauc_ndcg_at_100_std": 0.084472,
        "nauc_ndcg_at_100_diff1": 0.675988,
        "nauc_ndcg_at_1000_max": 0.439554,
        "nauc_ndcg_at_1000_std": 0.082593,
        "nauc_ndcg_at_1000_diff1": 0.679084,
        "nauc_map_at_1_max": 0.36959,
        "nauc_map_at_1_std": 0.011648,
        "nauc_map_at_1_diff1": 0.719526,
        "nauc_map_at_3_max": 0.402043,
        "nauc_map_at_3_std": 0.038585,
        "nauc_map_at_3_diff1": 0.694697,
        "nauc_map_at_5_max": 0.411163,
        "nauc_map_at_5_std": 0.048342,
        "nauc_map_at_5_diff1": 0.689204,
        "nauc_map_at_10_max": 0.418325,
        "nauc_map_at_10_std": 0.058878,
        "nauc_map_at_10_diff1": 0.687487,
        "nauc_map_at_20_max": 0.424884,
        "nauc_map_at_20_std": 0.064705,
        "nauc_map_at_20_diff1": 0.687839,
        "nauc_map_at_100_max": 0.424187,
        "nauc_map_at_100_std": 0.063982,
        "nauc_map_at_100_diff1": 0.688362,
        "nauc_map_at_1000_max": 0.424027,
        "nauc_map_at_1000_std": 0.063978,
        "nauc_map_at_1000_diff1": 0.688484,
        "nauc_recall_at_1_max": 0.36959,
        "nauc_recall_at_1_std": 0.011648,
        "nauc_recall_at_1_diff1": 0.719526,
        "nauc_recall_at_3_max": 0.40551,
        "nauc_recall_at_3_std": 0.047884,
        "nauc_recall_at_3_diff1": 0.647078,
        "nauc_recall_at_5_max": 0.404977,
        "nauc_recall_at_5_std": 0.051175,
        "nauc_recall_at_5_diff1": 0.619476,
        "nauc_recall_at_10_max": 0.444957,
        "nauc_recall_at_10_std": 0.100777,
        "nauc_recall_at_10_diff1": 0.587651,
        "nauc_recall_at_20_max": 0.57126,
        "nauc_recall_at_20_std": 0.209463,
        "nauc_recall_at_20_diff1": 0.562734,
        "nauc_recall_at_100_max": 0.699357,
        "nauc_recall_at_100_std": 0.282377,
        "nauc_recall_at_100_diff1": 0.516518,
        "nauc_recall_at_1000_max": 0.737296,
        "nauc_recall_at_1000_std": 0.93054,
        "nauc_recall_at_1000_diff1": 0.312358,
        "nauc_precision_at_1_max": 0.412172,
        "nauc_precision_at_1_std": 0.047653,
        "nauc_precision_at_1_diff1": 0.71268,
        "nauc_precision_at_3_max": 0.415906,
        "nauc_precision_at_3_std": 0.156771,
        "nauc_precision_at_3_diff1": 0.449307,
        "nauc_precision_at_5_max": 0.377248,
        "nauc_precision_at_5_std": 0.190164,
        "nauc_precision_at_5_diff1": 0.305346,
        "nauc_precision_at_10_max": 0.352332,
        "nauc_precision_at_10_std": 0.27588,
        "nauc_precision_at_10_diff1": 0.149734,
        "nauc_precision_at_20_max": 0.357818,
        "nauc_precision_at_20_std": 0.331247,
        "nauc_precision_at_20_diff1": 0.037233,
        "nauc_precision_at_100_max": 0.278531,
        "nauc_precision_at_100_std": 0.347725,
        "nauc_precision_at_100_diff1": -0.134507,
        "nauc_precision_at_1000_max": 0.203115,
        "nauc_precision_at_1000_std": 0.367118,
        "nauc_precision_at_1000_diff1": -0.243672,
        "nauc_mrr_at_1_max": 0.412172,
        "nauc_mrr_at_1_std": 0.047653,
        "nauc_mrr_at_1_diff1": 0.71268,
        "nauc_mrr_at_3_max": 0.432427,
        "nauc_mrr_at_3_std": 0.068297,
        "nauc_mrr_at_3_diff1": 0.690183,
        "nauc_mrr_at_5_max": 0.430269,
        "nauc_mrr_at_5_std": 0.066631,
        "nauc_mrr_at_5_diff1": 0.686138,
        "nauc_mrr_at_10_max": 0.434328,
        "nauc_mrr_at_10_std": 0.072124,
        "nauc_mrr_at_10_diff1": 0.685184,
        "nauc_mrr_at_20_max": 0.436046,
        "nauc_mrr_at_20_std": 0.073011,
        "nauc_mrr_at_20_diff1": 0.685187,
        "nauc_mrr_at_100_max": 0.435523,
        "nauc_mrr_at_100_std": 0.072275,
        "nauc_mrr_at_100_diff1": 0.685726,
        "nauc_mrr_at_1000_max": 0.43537,
        "nauc_mrr_at_1000_std": 0.072276,
        "nauc_mrr_at_1000_diff1": 0.685849,
        "main_score": 0.71364,
        "hf_subset": "default",
        "languages": [
          "eng-Latn"
        ]
      }
    ],
    "test": [
      {
        "ndcg_at_1": 0.59667,
        "ndcg_at_3": 0.67233,
        "ndcg_at_5": 0.69564,
        "ndcg_at_10": 0.7188,
        "ndcg_at_20": 0.73105,
        "ndcg_at_100": 0.74478,
        "ndcg_at_1000": 0.74846,
        "map_at_1": 0.56594,
        "map_at_3": 0.64294,
        "map_at_5": 0.66014,
        "map_at_10": 0.6712,
        "map_at_20": 0.67508,
        "map_at_100": 0.6772,
        "map_at_1000": 0.67739,
        "recall_at_1": 0.56594,
        "recall_at_3": 0.72461,
        "recall_at_5": 0.7815,
        "recall_at_10": 0.84856,
        "recall_at_20": 0.89467,
        "recall_at_100": 0.966,
        "recall_at_1000": 0.99333,
        "precision_at_1": 0.59667,
        "precision_at_3": 0.26333,
        "precision_at_5": 0.17467,
        "precision_at_10": 0.09567,
        "precision_at_20": 0.05067,
        "precision_at_100": 0.01093,
        "precision_at_1000": 0.00112,
        "mrr_at_1": 0.596667,
        "mrr_at_3": 0.665556,
        "mrr_at_5": 0.677222,
        "mrr_at_10": 0.686142,
        "mrr_at_20": 0.688729,
        "mrr_at_100": 0.690476,
        "mrr_at_1000": 0.690626,
        "nauc_ndcg_at_1_max": 0.31718,
        "nauc_ndcg_at_1_std": -0.063482,
        "nauc_ndcg_at_1_diff1": 0.703066,
        "nauc_ndcg_at_3_max": 0.376582,
        "nauc_ndcg_at_3_std": -0.032261,
        "nauc_ndcg_at_3_diff1": 0.670621,
        "nauc_ndcg_at_5_max": 0.371931,
        "nauc_ndcg_at_5_std": -0.029707,
        "nauc_ndcg_at_5_diff1": 0.653479,
        "nauc_ndcg_at_10_max": 0.397845,
        "nauc_ndcg_at_10_std": 0.024949,
        "nauc_ndcg_at_10_diff1": 0.650841,
        "nauc_ndcg_at_20_max": 0.391278,
        "nauc_ndcg_at_20_std": 0.01523,
        "nauc_ndcg_at_20_diff1": 0.646754,
        "nauc_ndcg_at_100_max": 0.379914,
        "nauc_ndcg_at_100_std": 0.003324,
        "nauc_ndcg_at_100_diff1": 0.646335,
        "nauc_ndcg_at_1000_max": 0.380377,
        "nauc_ndcg_at_1000_std": 0.003179,
        "nauc_ndcg_at_1000_diff1": 0.655769,
        "nauc_map_at_1_max": 0.281606,
        "nauc_map_at_1_std": -0.123635,
        "nauc_map_at_1_diff1": 0.696716,
        "nauc_map_at_3_max": 0.349815,
        "nauc_map_at_3_std": -0.0672,
        "nauc_map_at_3_diff1": 0.678823,
        "nauc_map_at_5_max": 0.352814,
        "nauc_map_at_5_std": -0.0505,
        "nauc_map_at_5_diff1": 0.670358,
        "nauc_map_at_10_max": 0.365116,
        "nauc_map_at_10_std": -0.025347,
        "nauc_map_at_10_diff1": 0.670199,
        "nauc_map_at_20_max": 0.363758,
        "nauc_map_at_20_std": -0.026802,
        "nauc_map_at_20_diff1": 0.669006,
        "nauc_map_at_100_max": 0.36274,
        "nauc_map_at_100_std": -0.027533,
        "nauc_map_at_100_diff1": 0.668659,
        "nauc_map_at_1000_max": 0.362804,
        "nauc_map_at_1000_std": -0.027588,
        "nauc_map_at_1000_diff1": 0.66896,
        "nauc_recall_at_1_max": 0.281606,
        "nauc_recall_at_1_std": -0.123635,
        "nauc_recall_at_1_diff1": 0.696716,
        "nauc_recall_at_3_max": 0.404464,
        "nauc_recall_at_3_std": -0.015814,
        "nauc_recall_at_3_diff1": 0.62811,
        "nauc_recall_at_5_max": 0.40315,
        "nauc_recall_at_5_std": -0.008129,
        "nauc_recall_at_5_diff1": 0.574471,
        "nauc_recall_at_10_max": 0.526666,
        "nauc_recall_at_10_std": 0.23367,
        "nauc_recall_at_10_diff1": 0.534408,
        "nauc_recall_at_20_max": 0.524257,
        "nauc_recall_at_20_std": 0.215818,
        "nauc_recall_at_20_diff1": 0.477617,
        "nauc_recall_at_100_max": 0.388935,
        "nauc_recall_at_100_std": 0.164653,
        "nauc_recall_at_100_diff1": 0.16274,
        "nauc_recall_at_1000_max": 0.496032,
        "nauc_recall_at_1000_std": 0.795752,
        "nauc_recall_at_1000_diff1": 0.540149,
        "nauc_precision_at_1_max": 0.31718,
        "nauc_precision_at_1_std": -0.063482,
        "nauc_precision_at_1_diff1": 0.703066,
        "nauc_precision_at_3_max": 0.390845,
        "nauc_precision_at_3_std": 0.146962,
        "nauc_precision_at_3_diff1": 0.456642,
        "nauc_precision_at_5_max": 0.346339,
        "nauc_precision_at_5_std": 0.249443,
        "nauc_precision_at_5_diff1": 0.29047,
        "nauc_precision_at_10_max": 0.375921,
        "nauc_precision_at_10_std": 0.445552,
        "nauc_precision_at_10_diff1": 0.158119,
        "nauc_precision_at_20_max": 0.300857,
        "nauc_precision_at_20_std": 0.423803,
        "nauc_precision_at_20_diff1": 0.047718,
        "nauc_precision_at_100_max": 0.186966,
        "nauc_precision_at_100_std": 0.450879,
        "nauc_precision_at_100_diff1": -0.140255,
        "nauc_precision_at_1000_max": 0.167586,
        "nauc_precision_at_1000_std": 0.483677,
        "nauc_precision_at_1000_diff1": -0.159158,
        "nauc_mrr_at_1_max": 0.31718,
        "nauc_mrr_at_1_std": -0.063482,
        "nauc_mrr_at_1_diff1": 0.703066,
        "nauc_mrr_at_3_max": 0.374227,
        "nauc_mrr_at_3_std": -0.01334,
        "nauc_mrr_at_3_diff1": 0.678977,
        "nauc_mrr_at_5_max": 0.371449,
        "nauc_mrr_at_5_std": -0.019325,
        "nauc_mrr_at_5_diff1": 0.669013,
        "nauc_mrr_at_10_max": 0.378769,
        "nauc_mrr_at_10_std": 0.000489,
        "nauc_mrr_at_10_diff1": 0.667836,
        "nauc_mrr_at_20_max": 0.376436,
        "nauc_mrr_at_20_std": -0.003393,
        "nauc_mrr_at_20_diff1": 0.667357,
        "nauc_mrr_at_100_max": 0.375114,
        "nauc_mrr_at_100_std": -0.005387,
        "nauc_mrr_at_100_diff1": 0.667468,
        "nauc_mrr_at_1000_max": 0.375097,
        "nauc_mrr_at_1000_std": -0.005358,
        "nauc_mrr_at_1000_diff1": 0.667721,
        "main_score": 0.7188,
        "hf_subset": "default",
        "languages": [
          "eng-Latn"
        ]
      }
    ]
  },
  "evaluation_time": 30.205037117004395,
  "kg_co2_emissions": null
}