{
  "dataset_revision": "20a6d6f312dd54037fe07a32d58e5e168867909d",
  "task_name": "SICK-R",
  "mteb_version": "1.26.3",
  "scores": {
    "test": [
      {
        "pearson": 0.852392,
        "spearman": 0.806585,
        "cosine_pearson": 0.852392,
        "cosine_spearman": 0.806585,
        "manhattan_pearson": 0.820996,
        "manhattan_spearman": 0.805764,
        "euclidean_pearson": 0.821785,
        "euclidean_spearman": 0.806585,
        "main_score": 0.806585,
        "hf_subset": "default",
        "languages": [
          "eng-Latn"
        ]
      }
    ]
  },
  "evaluation_time": 3.3626177310943604,
  "kg_co2_emissions": null
}