{
  "dataset_revision": "d66bd1f72af766a5cc4b0ca5e00c162f89e8cc46",
  "task_name": "SprintDuplicateQuestions",
  "mteb_version": "1.26.3",
  "scores": {
    "validation": [
      {
        "similarity_accuracy": 0.997673,
        "similarity_accuracy_threshold": 0.886046,
        "similarity_f1": 0.883675,
        "similarity_f1_threshold": 0.881952,
        "similarity_precision": 0.864245,
        "similarity_recall": 0.904,
        "similarity_ap": 0.940835,
        "cosine_accuracy": 0.997673,
        "cosine_accuracy_threshold": 0.886046,
        "cosine_f1": 0.883675,
        "cosine_f1_threshold": 0.881952,
        "cosine_precision": 0.864245,
        "cosine_recall": 0.904,
        "cosine_ap": 0.940835,
        "manhattan_accuracy": 0.997673,
        "manhattan_accuracy_threshold": 10.588518,
        "manhattan_f1": 0.8842,
        "manhattan_f1_threshold": 10.718925,
        "manhattan_precision": 0.868015,
        "manhattan_recall": 0.901,
        "manhattan_ap": 0.940905,
        "euclidean_accuracy": 0.997673,
        "euclidean_accuracy_threshold": 0.477398,
        "euclidean_f1": 0.883675,
        "euclidean_f1_threshold": 0.485898,
        "euclidean_precision": 0.864245,
        "euclidean_recall": 0.904,
        "euclidean_ap": 0.940835,
        "dot_accuracy": 0.997673,
        "dot_accuracy_threshold": 0.886046,
        "dot_f1": 0.883675,
        "dot_f1_threshold": 0.881952,
        "dot_precision": 0.864245,
        "dot_recall": 0.904,
        "dot_ap": 0.940835,
        "max_accuracy": 0.997673,
        "max_f1": 0.8842,
        "max_precision": 0.868015,
        "max_recall": 0.904,
        "max_ap": 0.940905,
        "main_score": 0.940905,
        "hf_subset": "default",
        "languages": [
          "eng-Latn"
        ]
      }
    ],
    "test": [
      {
        "similarity_accuracy": 0.997881,
        "similarity_accuracy_threshold": 0.893268,
        "similarity_f1": 0.89257,
        "similarity_f1_threshold": 0.893165,
        "similarity_precision": 0.896169,
        "similarity_recall": 0.889,
        "similarity_ap": 0.941856,
        "cosine_accuracy": 0.997881,
        "cosine_accuracy_threshold": 0.893268,
        "cosine_f1": 0.89257,
        "cosine_f1_threshold": 0.893165,
        "cosine_precision": 0.896169,
        "cosine_recall": 0.889,
        "cosine_ap": 0.941856,
        "manhattan_accuracy": 0.997881,
        "manhattan_accuracy_threshold": 10.071924,
        "manhattan_f1": 0.892186,
        "manhattan_f1_threshold": 10.332621,
        "manhattan_precision": 0.882583,
        "manhattan_recall": 0.902,
        "manhattan_ap": 0.941289,
        "euclidean_accuracy": 0.997881,
        "euclidean_accuracy_threshold": 0.462021,
        "euclidean_f1": 0.89257,
        "euclidean_f1_threshold": 0.462244,
        "euclidean_precision": 0.896169,
        "euclidean_recall": 0.889,
        "euclidean_ap": 0.941856,
        "dot_accuracy": 0.997881,
        "dot_accuracy_threshold": 0.893268,
        "dot_f1": 0.89257,
        "dot_f1_threshold": 0.893165,
        "dot_precision": 0.896169,
        "dot_recall": 0.889,
        "dot_ap": 0.941856,
        "max_accuracy": 0.997881,
        "max_f1": 0.89257,
        "max_precision": 0.896169,
        "max_recall": 0.902,
        "max_ap": 0.941856,
        "main_score": 0.941856,
        "hf_subset": "default",
        "languages": [
          "eng-Latn"
        ]
      }
    ]
  },
  "evaluation_time": 19.534762144088745,
  "kg_co2_emissions": null
}