{
  "dataset_revision": "e185fbe320c72810689fc5848eb6114e1ef5ec69",
  "task_name": "StackOverflowDupQuestions",
  "mteb_version": "1.26.3",
  "scores": {
    "test": [
      {
        "map": 0.481834,
        "mrr": 0.490186,
        "nAUC_map_max": 0.111183,
        "nAUC_map_std": 0.069805,
        "nAUC_map_diff1": 0.363836,
        "nAUC_mrr_max": 0.121622,
        "nAUC_mrr_std": 0.074738,
        "nAUC_mrr_diff1": 0.364059,
        "main_score": 0.481834,
        "hf_subset": "default",
        "languages": [
          "eng-Latn"
        ]
      }
    ]
  },
  "evaluation_time": 15.360393762588501,
  "kg_co2_emissions": null
}