{
  "dataset_revision": "4d8694f8f0e0100860b497b999b3dbed754a0513",
  "task_name": "STS16",
  "mteb_version": "1.26.3",
  "scores": {
    "test": [
      {
        "pearson": 0.832232,
        "spearman": 0.844865,
        "cosine_pearson": 0.832232,
        "cosine_spearman": 0.844863,
        "manhattan_pearson": 0.835704,
        "manhattan_spearman": 0.843467,
        "euclidean_pearson": 0.836777,
        "euclidean_spearman": 0.844863,
        "main_score": 0.844863,
        "hf_subset": "default",
        "languages": [
          "eng-Latn"
        ]
      }
    ]
  },
  "evaluation_time": 0.5152077674865723,
  "kg_co2_emissions": null
}