{
  "dataset_revision": "7e90230a92c190f1bf69ae9002b8cea547a64cca",
  "task_name": "STS13",
  "mteb_version": "1.26.3",
  "scores": {
    "test": [
      {
        "pearson": 0.842056,
        "spearman": 0.848311,
        "cosine_pearson": 0.842056,
        "cosine_spearman": 0.848311,
        "manhattan_pearson": 0.840282,
        "manhattan_spearman": 0.847492,
        "euclidean_pearson": 0.840963,
        "euclidean_spearman": 0.848311,
        "main_score": 0.848311,
        "hf_subset": "default",
        "languages": [
          "eng-Latn"
        ]
      }
    ]
  },
  "evaluation_time": 0.5641610622406006,
  "kg_co2_emissions": null
}