{
  "dataset_revision": "b0fddb56ed78048fa8b90373c8a3cfc37b684831",
  "task_name": "STSBenchmark",
  "mteb_version": "1.26.3",
  "scores": {
    "test": [
      {
        "pearson": 0.855615,
        "spearman": 0.863476,
        "cosine_pearson": 0.855615,
        "cosine_spearman": 0.863475,
        "manhattan_pearson": 0.862507,
        "manhattan_spearman": 0.862888,
        "euclidean_pearson": 0.862789,
        "euclidean_spearman": 0.863475,
        "main_score": 0.863475,
        "hf_subset": "default",
        "languages": [
          "eng-Latn"
        ]
      }
    ]
  },
  "evaluation_time": 0.5395889282226562,
  "kg_co2_emissions": null
}