{
  "dataset_revision": "6125ec4e24fa026cec8a478383ee943acfbd5449",
  "task_name": "TwentyNewsgroupsClustering",
  "mteb_version": "1.26.3",
  "scores": {
    "test": [
      {
        "v_measure": 0.437485,
        "v_measure_std": 0.011793,
        "v_measures": [
          0.451625,
          0.443964,
          0.428208,
          0.45645,
          0.427994,
          0.425919,
          0.420938,
          0.450183,
          0.430939,
          0.438626
        ],
        "main_score": 0.437485,
        "hf_subset": "default",
        "languages": [
          "eng-Latn"
        ]
      }
    ]
  },
  "evaluation_time": 9.799997568130493,
  "kg_co2_emissions": null
}