{
  "dataset_revision": "c22ab2a51041ffd869aaddef7af8d8215647e41a",
  "task_name": "ArguAna",
  "mteb_version": "1.26.3",
  "scores": {
    "test": [
      {
        "ndcg_at_1": 0.39687,
        "ndcg_at_3": 0.54728,
        "ndcg_at_5": 0.59243,
        "ndcg_at_10": 0.63482,
        "ndcg_at_20": 0.65045,
        "ndcg_at_100": 0.65658,
        "ndcg_at_1000": 0.65735,
        "map_at_1": 0.39687,
        "map_at_3": 0.50877,
        "map_at_5": 0.53402,
        "map_at_10": 0.5517,
        "map_at_20": 0.55617,
        "map_at_100": 0.55708,
        "map_at_1000": 0.55711,
        "recall_at_1": 0.39687,
        "recall_at_3": 0.65932,
        "recall_at_5": 0.76814,
        "recall_at_10": 0.89829,
        "recall_at_20": 0.95875,
        "recall_at_100": 0.99075,
        "recall_at_1000": 0.99644,
        "precision_at_1": 0.39687,
        "precision_at_3": 0.21977,
        "precision_at_5": 0.15363,
        "precision_at_10": 0.08983,
        "precision_at_20": 0.04794,
        "precision_at_100": 0.00991,
        "precision_at_1000": 0.001,
        "mrr_at_1": 0.399004,
        "mrr_at_3": 0.509483,
        "mrr_at_5": 0.534625,
        "mrr_at_10": 0.552427,
        "mrr_at_20": 0.556889,
        "mrr_at_100": 0.557799,
        "mrr_at_1000": 0.557835,
        "nauc_ndcg_at_1_max": -0.063205,
        "nauc_ndcg_at_1_std": -0.098467,
        "nauc_ndcg_at_1_diff1": 0.14776,
        "nauc_ndcg_at_3_max": -0.026713,
        "nauc_ndcg_at_3_std": -0.093396,
        "nauc_ndcg_at_3_diff1": 0.128724,
        "nauc_ndcg_at_5_max": -0.027503,
        "nauc_ndcg_at_5_std": -0.084066,
        "nauc_ndcg_at_5_diff1": 0.129135,
        "nauc_ndcg_at_10_max": -0.031435,
        "nauc_ndcg_at_10_std": -0.088577,
        "nauc_ndcg_at_10_diff1": 0.123439,
        "nauc_ndcg_at_20_max": -0.031269,
        "nauc_ndcg_at_20_std": -0.085748,
        "nauc_ndcg_at_20_diff1": 0.127718,
        "nauc_ndcg_at_100_max": -0.039607,
        "nauc_ndcg_at_100_std": -0.088363,
        "nauc_ndcg_at_100_diff1": 0.125308,
        "nauc_ndcg_at_1000_max": -0.040092,
        "nauc_ndcg_at_1000_std": -0.089162,
        "nauc_ndcg_at_1000_diff1": 0.125393,
        "nauc_map_at_1_max": -0.063205,
        "nauc_map_at_1_std": -0.098467,
        "nauc_map_at_1_diff1": 0.14776,
        "nauc_map_at_3_max": -0.040717,
        "nauc_map_at_3_std": -0.09722,
        "nauc_map_at_3_diff1": 0.129442,
        "nauc_map_at_5_max": -0.042108,
        "nauc_map_at_5_std": -0.092858,
        "nauc_map_at_5_diff1": 0.129628,
        "nauc_map_at_10_max": -0.044429,
        "nauc_map_at_10_std": -0.094665,
        "nauc_map_at_10_diff1": 0.127036,
        "nauc_map_at_20_max": -0.04476,
        "nauc_map_at_20_std": -0.094332,
        "nauc_map_at_20_diff1": 0.127909,
        "nauc_map_at_100_max": -0.045708,
        "nauc_map_at_100_std": -0.094456,
        "nauc_map_at_100_diff1": 0.127574,
        "nauc_map_at_1000_max": -0.045724,
        "nauc_map_at_1000_std": -0.094466,
        "nauc_map_at_1000_diff1": 0.127573,
        "nauc_recall_at_1_max": -0.063205,
        "nauc_recall_at_1_std": -0.098467,
        "nauc_recall_at_1_diff1": 0.14776,
        "nauc_recall_at_3_max": 0.022858,
        "nauc_recall_at_3_std": -0.079233,
        "nauc_recall_at_3_diff1": 0.128382,
        "nauc_recall_at_5_max": 0.038729,
        "nauc_recall_at_5_std": -0.042046,
        "nauc_recall_at_5_diff1": 0.130015,
        "nauc_recall_at_10_max": 0.082778,
        "nauc_recall_at_10_std": -0.035045,
        "nauc_recall_at_10_diff1": 0.096574,
        "nauc_recall_at_20_max": 0.262789,
        "nauc_recall_at_20_std": 0.117951,
        "nauc_recall_at_20_diff1": 0.161744,
        "nauc_recall_at_100_max": 0.147786,
        "nauc_recall_at_100_std": 0.385538,
        "nauc_recall_at_100_diff1": -0.013201,
        "nauc_recall_at_1000_max": 0.208555,
        "nauc_recall_at_1000_std": 0.700735,
        "nauc_recall_at_1000_diff1": -0.180605,
        "nauc_precision_at_1_max": -0.063205,
        "nauc_precision_at_1_std": -0.098467,
        "nauc_precision_at_1_diff1": 0.14776,
        "nauc_precision_at_3_max": 0.022858,
        "nauc_precision_at_3_std": -0.079233,
        "nauc_precision_at_3_diff1": 0.128382,
        "nauc_precision_at_5_max": 0.038729,
        "nauc_precision_at_5_std": -0.042046,
        "nauc_precision_at_5_diff1": 0.130015,
        "nauc_precision_at_10_max": 0.082778,
        "nauc_precision_at_10_std": -0.035045,
        "nauc_precision_at_10_diff1": 0.096574,
        "nauc_precision_at_20_max": 0.262789,
        "nauc_precision_at_20_std": 0.117951,
        "nauc_precision_at_20_diff1": 0.161744,
        "nauc_precision_at_100_max": 0.147786,
        "nauc_precision_at_100_std": 0.385538,
        "nauc_precision_at_100_diff1": -0.013201,
        "nauc_precision_at_1000_max": 0.208555,
        "nauc_precision_at_1000_std": 0.700735,
        "nauc_precision_at_1000_diff1": -0.180605,
        "nauc_mrr_at_1_max": -0.066047,
        "nauc_mrr_at_1_std": -0.098899,
        "nauc_mrr_at_1_diff1": 0.141725,
        "nauc_mrr_at_3_max": -0.044136,
        "nauc_mrr_at_3_std": -0.09753,
        "nauc_mrr_at_3_diff1": 0.124231,
        "nauc_mrr_at_5_max": -0.04635,
        "nauc_mrr_at_5_std": -0.093557,
        "nauc_mrr_at_5_diff1": 0.123286,
        "nauc_mrr_at_10_max": -0.048201,
        "nauc_mrr_at_10_std": -0.094967,
        "nauc_mrr_at_10_diff1": 0.12111,
        "nauc_mrr_at_20_max": -0.048589,
        "nauc_mrr_at_20_std": -0.094639,
        "nauc_mrr_at_20_diff1": 0.121894,
        "nauc_mrr_at_100_max": -0.049548,
        "nauc_mrr_at_100_std": -0.094763,
        "nauc_mrr_at_100_diff1": 0.121541,
        "nauc_mrr_at_1000_max": -0.049565,
        "nauc_mrr_at_1000_std": -0.094774,
        "nauc_mrr_at_1000_diff1": 0.121539,
        "main_score": 0.63482,
        "hf_subset": "default",
        "languages": [
          "eng-Latn"
        ]
      }
    ]
  },
  "evaluation_time": 61.175660610198975,
  "kg_co2_emissions": null
}