{
  "dataset_revision": "0fd18e25b25c072e09e0d92ab615fda904d66300",
  "task_name": "Banking77Classification",
  "mteb_version": "1.26.3",
  "scores": {
    "test": [
      {
        "accuracy": 0.865584,
        "f1": 0.865242,
        "f1_weighted": 0.865242,
        "scores_per_experiment": [
          {
            "accuracy": 0.87013,
            "f1": 0.869754,
            "f1_weighted": 0.869754
          },
          {
            "accuracy": 0.862987,
            "f1": 0.862618,
            "f1_weighted": 0.862618
          },
          {
            "accuracy": 0.875,
            "f1": 0.874603,
            "f1_weighted": 0.874603
          },
          {
            "accuracy": 0.871104,
            "f1": 0.871437,
            "f1_weighted": 0.871437
          },
          {
            "accuracy": 0.871429,
            "f1": 0.871306,
            "f1_weighted": 0.871306
          },
          {
            "accuracy": 0.859416,
            "f1": 0.858104,
            "f1_weighted": 0.858104
          },
          {
            "accuracy": 0.853571,
            "f1": 0.853301,
            "f1_weighted": 0.853301
          },
          {
            "accuracy": 0.853896,
            "f1": 0.853323,
            "f1_weighted": 0.853323
          },
          {
            "accuracy": 0.873377,
            "f1": 0.87329,
            "f1_weighted": 0.87329
          },
          {
            "accuracy": 0.864935,
            "f1": 0.864683,
            "f1_weighted": 0.864683
          }
        ],
        "main_score": 0.865584,
        "hf_subset": "default",
        "languages": [
          "eng-Latn"
        ]
      }
    ]
  },
  "evaluation_time": 19.66456937789917,
  "kg_co2_emissions": null
}