{
  "dataset_revision": "258694dd0231531bc1fd9de6ceb52a0853c6d908",
  "task_name": "BiorxivClusteringS2S",
  "mteb_version": "1.26.3",
  "scores": {
    "test": [
      {
        "v_measure": 0.359789,
        "v_measure_std": 0.008585,
        "v_measures": [
          0.354231,
          0.352126,
          0.348841,
          0.358854,
          0.354773,
          0.353285,
          0.372957,
          0.369585,
          0.359667,
          0.37357
        ],
        "main_score": 0.359789,
        "hf_subset": "default",
        "languages": [
          "eng-Latn"
        ]
      }
    ]
  },
  "evaluation_time": 70.98093819618225,
  "kg_co2_emissions": null
}