{
  "dataset_revision": "4f58c6b202a23cf9a4da393831edf4f9183cad37",
  "task_name": "EmotionClassification",
  "mteb_version": "1.26.3",
  "scores": {
    "validation": [
      {
        "accuracy": 0.5104,
        "f1": 0.468043,
        "f1_weighted": 0.528547,
        "scores_per_experiment": [
          {
            "accuracy": 0.534,
            "f1": 0.480142,
            "f1_weighted": 0.552439
          },
          {
            "accuracy": 0.523,
            "f1": 0.466611,
            "f1_weighted": 0.537614
          },
          {
            "accuracy": 0.541,
            "f1": 0.483046,
            "f1_weighted": 0.556256
          },
          {
            "accuracy": 0.462,
            "f1": 0.446807,
            "f1_weighted": 0.484837
          },
          {
            "accuracy": 0.5225,
            "f1": 0.480825,
            "f1_weighted": 0.539269
          },
          {
            "accuracy": 0.529,
            "f1": 0.488665,
            "f1_weighted": 0.543489
          },
          {
            "accuracy": 0.524,
            "f1": 0.479273,
            "f1_weighted": 0.547049
          },
          {
            "accuracy": 0.4655,
            "f1": 0.440975,
            "f1_weighted": 0.479632
          },
          {
            "accuracy": 0.5225,
            "f1": 0.466996,
            "f1_weighted": 0.535874
          },
          {
            "accuracy": 0.4805,
            "f1": 0.44709,
            "f1_weighted": 0.509006
          }
        ],
        "main_score": 0.5104,
        "hf_subset": "default",
        "languages": [
          "eng-Latn"
        ]
      }
    ],
    "test": [
      {
        "accuracy": 0.5043,
        "f1": 0.453333,
        "f1_weighted": 0.526545,
        "scores_per_experiment": [
          {
            "accuracy": 0.533,
            "f1": 0.472075,
            "f1_weighted": 0.55551
          },
          {
            "accuracy": 0.514,
            "f1": 0.451226,
            "f1_weighted": 0.531881
          },
          {
            "accuracy": 0.529,
            "f1": 0.460686,
            "f1_weighted": 0.54884
          },
          {
            "accuracy": 0.4675,
            "f1": 0.442519,
            "f1_weighted": 0.496091
          },
          {
            "accuracy": 0.506,
            "f1": 0.458973,
            "f1_weighted": 0.527686
          },
          {
            "accuracy": 0.5075,
            "f1": 0.453555,
            "f1_weighted": 0.528021
          },
          {
            "accuracy": 0.5045,
            "f1": 0.450222,
            "f1_weighted": 0.531502
          },
          {
            "accuracy": 0.4575,
            "f1": 0.423626,
            "f1_weighted": 0.474838
          },
          {
            "accuracy": 0.527,
            "f1": 0.466174,
            "f1_weighted": 0.543463
          },
          {
            "accuracy": 0.497,
            "f1": 0.454273,
            "f1_weighted": 0.527616
          }
        ],
        "main_score": 0.5043,
        "hf_subset": "default",
        "languages": [
          "eng-Latn"
        ]
      }
    ]
  },
  "evaluation_time": 15.023293495178223,
  "kg_co2_emissions": null
}