{
  "dataset_revision": "4672e20407010da34463acc759c162ca9734bca6",
  "task_name": "MassiveIntentClassification",
  "mteb_version": "1.26.3",
  "scores": {
    "validation": [
      {
        "accuracy": 0.740531,
        "f1": 0.721988,
        "f1_weighted": 0.740203,
        "scores_per_experiment": [
          {
            "accuracy": 0.743237,
            "f1": 0.723098,
            "f1_weighted": 0.744052
          },
          {
            "accuracy": 0.750123,
            "f1": 0.72321,
            "f1_weighted": 0.747492
          },
          {
            "accuracy": 0.73635,
            "f1": 0.714934,
            "f1_weighted": 0.734687
          },
          {
            "accuracy": 0.757501,
            "f1": 0.731377,
            "f1_weighted": 0.757521
          },
          {
            "accuracy": 0.733399,
            "f1": 0.718518,
            "f1_weighted": 0.732813
          },
          {
            "accuracy": 0.731923,
            "f1": 0.716699,
            "f1_weighted": 0.733488
          },
          {
            "accuracy": 0.741269,
            "f1": 0.718516,
            "f1_weighted": 0.740638
          },
          {
            "accuracy": 0.726513,
            "f1": 0.723031,
            "f1_weighted": 0.727611
          },
          {
            "accuracy": 0.743237,
            "f1": 0.729455,
            "f1_weighted": 0.744833
          },
          {
            "accuracy": 0.741761,
            "f1": 0.721038,
            "f1_weighted": 0.738896
          }
        ],
        "main_score": 0.740531,
        "hf_subset": "en",
        "languages": [
          "eng-Latn"
        ]
      }
    ],
    "test": [
      {
        "accuracy": 0.727875,
        "f1": 0.708354,
        "f1_weighted": 0.730424,
        "scores_per_experiment": [
          {
            "accuracy": 0.728985,
            "f1": 0.715502,
            "f1_weighted": 0.734398
          },
          {
            "accuracy": 0.741762,
            "f1": 0.713213,
            "f1_weighted": 0.740419
          },
          {
            "accuracy": 0.715198,
            "f1": 0.691865,
            "f1_weighted": 0.714341
          },
          {
            "accuracy": 0.743443,
            "f1": 0.726524,
            "f1_weighted": 0.745028
          },
          {
            "accuracy": 0.715535,
            "f1": 0.708542,
            "f1_weighted": 0.716503
          },
          {
            "accuracy": 0.718897,
            "f1": 0.697154,
            "f1_weighted": 0.721419
          },
          {
            "accuracy": 0.72764,
            "f1": 0.709791,
            "f1_weighted": 0.729759
          },
          {
            "accuracy": 0.719233,
            "f1": 0.699402,
            "f1_weighted": 0.728062
          },
          {
            "accuracy": 0.728985,
            "f1": 0.707102,
            "f1_weighted": 0.733445
          },
          {
            "accuracy": 0.739072,
            "f1": 0.714445,
            "f1_weighted": 0.740866
          }
        ],
        "main_score": 0.727875,
        "hf_subset": "en",
        "languages": [
          "eng-Latn"
        ]
      }
    ]
  },
  "evaluation_time": 14.340079545974731,
  "kg_co2_emissions": null
}