{
  "dataset_revision": "35191c8c0dca72d8ff3efcd72aa802307d469663",
  "task_name": "MedrxivClusteringS2S",
  "mteb_version": "1.26.3",
  "scores": {
    "test": [
      {
        "v_measure": 0.309371,
        "v_measure_std": 0.013542,
        "v_measures": [
          0.303946,
          0.302842,
          0.292891,
          0.293456,
          0.299585,
          0.332894,
          0.307811,
          0.330581,
          0.320997,
          0.308707
        ],
        "main_score": 0.309371,
        "hf_subset": "default",
        "languages": [
          "eng-Latn"
        ]
      }
    ]
  },
  "evaluation_time": 39.74804711341858,
  "kg_co2_emissions": null
}