{
  "dataset_revision": "ec0fa4fe99da2ff19ca1214b7966684033a58814",
  "task_name": "NFCorpus",
  "mteb_version": "1.26.3",
  "scores": {
    "test": [
      {
        "ndcg_at_1": 0.47214,
        "ndcg_at_3": 0.4233,
        "ndcg_at_5": 0.40189,
        "ndcg_at_10": 0.37791,
        "ndcg_at_20": 0.3592,
        "ndcg_at_100": 0.35381,
        "ndcg_at_1000": 0.44335,
        "map_at_1": 0.07002,
        "map_at_3": 0.10767,
        "map_at_5": 0.12396,
        "map_at_10": 0.14672,
        "map_at_20": 0.16479,
        "map_at_100": 0.18757,
        "map_at_1000": 0.2037,
        "recall_at_1": 0.07002,
        "recall_at_3": 0.11652,
        "recall_at_5": 0.14512,
        "recall_at_10": 0.1899,
        "recall_at_20": 0.23821,
        "recall_at_100": 0.36117,
        "recall_at_1000": 0.68896,
        "precision_at_1": 0.48607,
        "precision_at_3": 0.39009,
        "precision_at_5": 0.34365,
        "precision_at_10": 0.27957,
        "precision_at_20": 0.21176,
        "precision_at_100": 0.08901,
        "precision_at_1000": 0.02211,
        "mrr_at_1": 0.486068,
        "mrr_at_3": 0.551084,
        "mrr_at_5": 0.568576,
        "mrr_at_10": 0.576764,
        "mrr_at_20": 0.579558,
        "mrr_at_100": 0.582022,
        "mrr_at_1000": 0.582331,
        "nauc_ndcg_at_1_max": 0.420263,
        "nauc_ndcg_at_1_std": 0.121848,
        "nauc_ndcg_at_1_diff1": 0.262074,
        "nauc_ndcg_at_3_max": 0.422369,
        "nauc_ndcg_at_3_std": 0.184373,
        "nauc_ndcg_at_3_diff1": 0.200247,
        "nauc_ndcg_at_5_max": 0.419954,
        "nauc_ndcg_at_5_std": 0.205379,
        "nauc_ndcg_at_5_diff1": 0.195682,
        "nauc_ndcg_at_10_max": 0.390872,
        "nauc_ndcg_at_10_std": 0.219067,
        "nauc_ndcg_at_10_diff1": 0.165858,
        "nauc_ndcg_at_20_max": 0.371909,
        "nauc_ndcg_at_20_std": 0.216723,
        "nauc_ndcg_at_20_diff1": 0.163091,
        "nauc_ndcg_at_100_max": 0.400463,
        "nauc_ndcg_at_100_std": 0.223473,
        "nauc_ndcg_at_100_diff1": 0.210258,
        "nauc_ndcg_at_1000_max": 0.462166,
        "nauc_ndcg_at_1000_std": 0.284363,
        "nauc_ndcg_at_1000_diff1": 0.217575,
        "nauc_map_at_1_max": 0.192161,
        "nauc_map_at_1_std": -0.152933,
        "nauc_map_at_1_diff1": 0.42129,
        "nauc_map_at_3_max": 0.202652,
        "nauc_map_at_3_std": -0.138296,
        "nauc_map_at_3_diff1": 0.397575,
        "nauc_map_at_5_max": 0.229682,
        "nauc_map_at_5_std": -0.104899,
        "nauc_map_at_5_diff1": 0.3761,
        "nauc_map_at_10_max": 0.250424,
        "nauc_map_at_10_std": -0.051169,
        "nauc_map_at_10_diff1": 0.328916,
        "nauc_map_at_20_max": 0.261644,
        "nauc_map_at_20_std": -0.011262,
        "nauc_map_at_20_diff1": 0.287758,
        "nauc_map_at_100_max": 0.296938,
        "nauc_map_at_100_std": 0.053385,
        "nauc_map_at_100_diff1": 0.261137,
        "nauc_map_at_1000_max": 0.309008,
        "nauc_map_at_1000_std": 0.095848,
        "nauc_map_at_1000_diff1": 0.241353,
        "nauc_recall_at_1_max": 0.192161,
        "nauc_recall_at_1_std": -0.152933,
        "nauc_recall_at_1_diff1": 0.42129,
        "nauc_recall_at_3_max": 0.181215,
        "nauc_recall_at_3_std": -0.14025,
        "nauc_recall_at_3_diff1": 0.381386,
        "nauc_recall_at_5_max": 0.198228,
        "nauc_recall_at_5_std": -0.09439,
        "nauc_recall_at_5_diff1": 0.353644,
        "nauc_recall_at_10_max": 0.203014,
        "nauc_recall_at_10_std": -0.032758,
        "nauc_recall_at_10_diff1": 0.301559,
        "nauc_recall_at_20_max": 0.179203,
        "nauc_recall_at_20_std": -0.006361,
        "nauc_recall_at_20_diff1": 0.24371,
        "nauc_recall_at_100_max": 0.205745,
        "nauc_recall_at_100_std": 0.088773,
        "nauc_recall_at_100_diff1": 0.179247,
        "nauc_recall_at_1000_max": 0.196727,
        "nauc_recall_at_1000_std": 0.160423,
        "nauc_recall_at_1000_diff1": 0.150519,
        "nauc_precision_at_1_max": 0.422406,
        "nauc_precision_at_1_std": 0.127775,
        "nauc_precision_at_1_diff1": 0.247433,
        "nauc_precision_at_3_max": 0.40849,
        "nauc_precision_at_3_std": 0.24729,
        "nauc_precision_at_3_diff1": 0.078995,
        "nauc_precision_at_5_max": 0.387961,
        "nauc_precision_at_5_std": 0.302014,
        "nauc_precision_at_5_diff1": 0.036701,
        "nauc_precision_at_10_max": 0.337609,
        "nauc_precision_at_10_std": 0.356076,
        "nauc_precision_at_10_diff1": -0.076299,
        "nauc_precision_at_20_max": 0.288182,
        "nauc_precision_at_20_std": 0.38677,
        "nauc_precision_at_20_diff1": -0.148688,
        "nauc_precision_at_100_max": 0.211405,
        "nauc_precision_at_100_std": 0.448443,
        "nauc_precision_at_100_diff1": -0.190087,
        "nauc_precision_at_1000_max": 0.094059,
        "nauc_precision_at_1000_std": 0.398915,
        "nauc_precision_at_1000_diff1": -0.221377,
        "nauc_mrr_at_1_max": 0.422406,
        "nauc_mrr_at_1_std": 0.127775,
        "nauc_mrr_at_1_diff1": 0.247433,
        "nauc_mrr_at_3_max": 0.455514,
        "nauc_mrr_at_3_std": 0.198212,
        "nauc_mrr_at_3_diff1": 0.241368,
        "nauc_mrr_at_5_max": 0.463681,
        "nauc_mrr_at_5_std": 0.2152,
        "nauc_mrr_at_5_diff1": 0.249055,
        "nauc_mrr_at_10_max": 0.463802,
        "nauc_mrr_at_10_std": 0.221546,
        "nauc_mrr_at_10_diff1": 0.249612,
        "nauc_mrr_at_20_max": 0.464725,
        "nauc_mrr_at_20_std": 0.220805,
        "nauc_mrr_at_20_diff1": 0.251029,
        "nauc_mrr_at_100_max": 0.46593,
        "nauc_mrr_at_100_std": 0.220216,
        "nauc_mrr_at_100_diff1": 0.248518,
        "nauc_mrr_at_1000_max": 0.465695,
        "nauc_mrr_at_1000_std": 0.219825,
        "nauc_mrr_at_1000_diff1": 0.248686,
        "main_score": 0.37791,
        "hf_subset": "default",
        "languages": [
          "eng-Latn"
        ]
      }
    ]
  },
  "evaluation_time": 36.50726342201233,
  "kg_co2_emissions": null
}