{
  "dataset_revision": "d3c5e1fc0b855ab6097bf1cda04dd73947d7caab",
  "task_name": "SciDocsRR",
  "mteb_version": "1.26.3",
  "scores": {
    "test": [
      {
        "map": 0.869359,
        "mrr": 0.960505,
        "nAUC_map_max": 0.541153,
        "nAUC_map_std": 0.676605,
        "nAUC_map_diff1": -0.033602,
        "nAUC_mrr_max": 0.840447,
        "nAUC_mrr_std": 0.755446,
        "nAUC_mrr_diff1": 0.350063,
        "main_score": 0.869359,
        "hf_subset": "default",
        "languages": [
          "eng-Latn"
        ]
      }
    ]
  },
  "evaluation_time": 82.39630722999573,
  "kg_co2_emissions": null
}