{
  "dataset_revision": "0228b52cf27578f30900b9e5271d331663a030d7",
  "task_name": "SciFact",
  "mteb_version": "1.26.3",
  "scores": {
    "train": [
      {
        "ndcg_at_1": 0.63906,
        "ndcg_at_3": 0.71424,
        "ndcg_at_5": 0.73441,
        "ndcg_at_10": 0.75107,
        "ndcg_at_20": 0.76646,
        "ndcg_at_100": 0.7779,
        "ndcg_at_1000": 0.78086,
        "map_at_1": 0.60806,
        "map_at_3": 0.68737,
        "map_at_5": 0.70174,
        "map_at_10": 0.71014,
        "map_at_20": 0.71513,
        "map_at_100": 0.71684,
        "map_at_1000": 0.71699,
        "recall_at_1": 0.60806,
        "recall_at_3": 0.76776,
        "recall_at_5": 0.81364,
        "recall_at_10": 0.8608,
        "recall_at_20": 0.91811,
        "recall_at_100": 0.97734,
        "recall_at_1000": 0.99876,
        "precision_at_1": 0.63906,
        "precision_at_3": 0.28018,
        "precision_at_5": 0.18195,
        "precision_at_10": 0.09753,
        "precision_at_20": 0.05229,
        "precision_at_100": 0.01111,
        "precision_at_1000": 0.00113,
        "mrr_at_1": 0.639061,
        "mrr_at_3": 0.707664,
        "mrr_at_5": 0.716811,
        "mrr_at_10": 0.722237,
        "mrr_at_20": 0.725719,
        "mrr_at_100": 0.727262,
        "mrr_at_1000": 0.727387,
        "nauc_ndcg_at_1_max": 0.461455,
        "nauc_ndcg_at_1_std": 0.027351,
        "nauc_ndcg_at_1_diff1": 0.710726,
        "nauc_ndcg_at_3_max": 0.465468,
        "nauc_ndcg_at_3_std": 0.024148,
        "nauc_ndcg_at_3_diff1": 0.642952,
        "nauc_ndcg_at_5_max": 0.483707,
        "nauc_ndcg_at_5_std": 0.054348,
        "nauc_ndcg_at_5_diff1": 0.636019,
        "nauc_ndcg_at_10_max": 0.481481,
        "nauc_ndcg_at_10_std": 0.063948,
        "nauc_ndcg_at_10_diff1": 0.633327,
        "nauc_ndcg_at_20_max": 0.492161,
        "nauc_ndcg_at_20_std": 0.076073,
        "nauc_ndcg_at_20_diff1": 0.645782,
        "nauc_ndcg_at_100_max": 0.487898,
        "nauc_ndcg_at_100_std": 0.06793,
        "nauc_ndcg_at_100_diff1": 0.64632,
        "nauc_ndcg_at_1000_max": 0.487184,
        "nauc_ndcg_at_1000_std": 0.065428,
        "nauc_ndcg_at_1000_diff1": 0.649312,
        "nauc_map_at_1_max": 0.404898,
        "nauc_map_at_1_std": -0.012006,
        "nauc_map_at_1_diff1": 0.713115,
        "nauc_map_at_3_max": 0.446419,
        "nauc_map_at_3_std": 0.004084,
        "nauc_map_at_3_diff1": 0.660902,
        "nauc_map_at_5_max": 0.469749,
        "nauc_map_at_5_std": 0.024963,
        "nauc_map_at_5_diff1": 0.65425,
        "nauc_map_at_10_max": 0.472248,
        "nauc_map_at_10_std": 0.035778,
        "nauc_map_at_10_diff1": 0.652803,
        "nauc_map_at_20_max": 0.474976,
        "nauc_map_at_20_std": 0.040868,
        "nauc_map_at_20_diff1": 0.656061,
        "nauc_map_at_100_max": 0.474679,
        "nauc_map_at_100_std": 0.040337,
        "nauc_map_at_100_diff1": 0.656293,
        "nauc_map_at_1000_max": 0.474671,
        "nauc_map_at_1000_std": 0.04025,
        "nauc_map_at_1000_diff1": 0.656412,
        "nauc_recall_at_1_max": 0.404898,
        "nauc_recall_at_1_std": -0.012006,
        "nauc_recall_at_1_diff1": 0.713115,
        "nauc_recall_at_3_max": 0.450819,
        "nauc_recall_at_3_std": 0.013833,
        "nauc_recall_at_3_diff1": 0.585519,
        "nauc_recall_at_5_max": 0.489969,
        "nauc_recall_at_5_std": 0.097952,
        "nauc_recall_at_5_diff1": 0.549559,
        "nauc_recall_at_10_max": 0.472025,
        "nauc_recall_at_10_std": 0.122362,
        "nauc_recall_at_10_diff1": 0.522693,
        "nauc_recall_at_20_max": 0.573564,
        "nauc_recall_at_20_std": 0.251971,
        "nauc_recall_at_20_diff1": 0.582617,
        "nauc_recall_at_100_max": 0.559922,
        "nauc_recall_at_100_std": 0.269095,
        "nauc_recall_at_100_diff1": 0.436931,
        "nauc_recall_at_1000_max": 0.869263,
        "nauc_recall_at_1000_std": 0.869263,
        "nauc_recall_at_1000_diff1": 0.122759,
        "nauc_precision_at_1_max": 0.461455,
        "nauc_precision_at_1_std": 0.027351,
        "nauc_precision_at_1_diff1": 0.710726,
        "nauc_precision_at_3_max": 0.47473,
        "nauc_precision_at_3_std": 0.135218,
        "nauc_precision_at_3_diff1": 0.304654,
        "nauc_precision_at_5_max": 0.470046,
        "nauc_precision_at_5_std": 0.240757,
        "nauc_precision_at_5_diff1": 0.145069,
        "nauc_precision_at_10_max": 0.388822,
        "nauc_precision_at_10_std": 0.304315,
        "nauc_precision_at_10_diff1": 0.018611,
        "nauc_precision_at_20_max": 0.341648,
        "nauc_precision_at_20_std": 0.363666,
        "nauc_precision_at_20_diff1": -0.073978,
        "nauc_precision_at_100_max": 0.254506,
        "nauc_precision_at_100_std": 0.368441,
        "nauc_precision_at_100_diff1": -0.253072,
        "nauc_precision_at_1000_max": 0.215331,
        "nauc_precision_at_1000_std": 0.366094,
        "nauc_precision_at_1000_diff1": -0.31328,
        "nauc_mrr_at_1_max": 0.461455,
        "nauc_mrr_at_1_std": 0.027351,
        "nauc_mrr_at_1_diff1": 0.710726,
        "nauc_mrr_at_3_max": 0.487673,
        "nauc_mrr_at_3_std": 0.057162,
        "nauc_mrr_at_3_diff1": 0.66015,
        "nauc_mrr_at_5_max": 0.487403,
        "nauc_mrr_at_5_std": 0.071734,
        "nauc_mrr_at_5_diff1": 0.659532,
        "nauc_mrr_at_10_max": 0.483475,
        "nauc_mrr_at_10_std": 0.067132,
        "nauc_mrr_at_10_diff1": 0.659288,
        "nauc_mrr_at_20_max": 0.48525,
        "nauc_mrr_at_20_std": 0.066567,
        "nauc_mrr_at_20_diff1": 0.662445,
        "nauc_mrr_at_100_max": 0.485092,
        "nauc_mrr_at_100_std": 0.066282,
        "nauc_mrr_at_100_diff1": 0.662608,
        "nauc_mrr_at_1000_max": 0.485099,
        "nauc_mrr_at_1000_std": 0.066219,
        "nauc_mrr_at_1000_diff1": 0.662739,
        "main_score": 0.75107,
        "hf_subset": "default",
        "languages": [
          "eng-Latn"
        ]
      }
    ],
    "test": [
      {
        "ndcg_at_1": 0.61667,
        "ndcg_at_3": 0.67731,
        "ndcg_at_5": 0.70065,
        "ndcg_at_10": 0.72634,
        "ndcg_at_20": 0.73836,
        "ndcg_at_100": 0.75031,
        "ndcg_at_1000": 0.75493,
        "map_at_1": 0.58717,
        "map_at_3": 0.65259,
        "map_at_5": 0.66936,
        "map_at_10": 0.68134,
        "map_at_20": 0.68498,
        "map_at_100": 0.68679,
        "map_at_1000": 0.68698,
        "recall_at_1": 0.58717,
        "recall_at_3": 0.71906,
        "recall_at_5": 0.78022,
        "recall_at_10": 0.85589,
        "recall_at_20": 0.90222,
        "recall_at_100": 0.965,
        "recall_at_1000": 1.0,
        "precision_at_1": 0.61667,
        "precision_at_3": 0.26444,
        "precision_at_5": 0.17533,
        "precision_at_10": 0.097,
        "precision_at_20": 0.05133,
        "precision_at_100": 0.01093,
        "precision_at_1000": 0.00113,
        "mrr_at_1": 0.616667,
        "mrr_at_3": 0.669444,
        "mrr_at_5": 0.681611,
        "mrr_at_10": 0.691112,
        "mrr_at_20": 0.693955,
        "mrr_at_100": 0.695583,
        "mrr_at_1000": 0.695765,
        "nauc_ndcg_at_1_max": 0.596422,
        "nauc_ndcg_at_1_std": 0.05193,
        "nauc_ndcg_at_1_diff1": 0.724859,
        "nauc_ndcg_at_3_max": 0.60849,
        "nauc_ndcg_at_3_std": 0.01617,
        "nauc_ndcg_at_3_diff1": 0.687677,
        "nauc_ndcg_at_5_max": 0.599394,
        "nauc_ndcg_at_5_std": 0.003713,
        "nauc_ndcg_at_5_diff1": 0.679578,
        "nauc_ndcg_at_10_max": 0.623713,
        "nauc_ndcg_at_10_std": 0.060037,
        "nauc_ndcg_at_10_diff1": 0.688954,
        "nauc_ndcg_at_20_max": 0.629175,
        "nauc_ndcg_at_20_std": 0.076315,
        "nauc_ndcg_at_20_diff1": 0.680052,
        "nauc_ndcg_at_100_max": 0.623915,
        "nauc_ndcg_at_100_std": 0.061009,
        "nauc_ndcg_at_100_diff1": 0.688891,
        "nauc_ndcg_at_1000_max": 0.621735,
        "nauc_ndcg_at_1000_std": 0.057391,
        "nauc_ndcg_at_1000_diff1": 0.690853,
        "nauc_map_at_1_max": 0.540884,
        "nauc_map_at_1_std": -0.024273,
        "nauc_map_at_1_diff1": 0.738042,
        "nauc_map_at_3_max": 0.590427,
        "nauc_map_at_3_std": -0.00268,
        "nauc_map_at_3_diff1": 0.703431,
        "nauc_map_at_5_max": 0.596203,
        "nauc_map_at_5_std": 0.004163,
        "nauc_map_at_5_diff1": 0.695111,
        "nauc_map_at_10_max": 0.608282,
        "nauc_map_at_10_std": 0.032791,
        "nauc_map_at_10_diff1": 0.698186,
        "nauc_map_at_20_max": 0.610553,
        "nauc_map_at_20_std": 0.037725,
        "nauc_map_at_20_diff1": 0.695816,
        "nauc_map_at_100_max": 0.609907,
        "nauc_map_at_100_std": 0.035881,
        "nauc_map_at_100_diff1": 0.69708,
        "nauc_map_at_1000_max": 0.609862,
        "nauc_map_at_1000_std": 0.035799,
        "nauc_map_at_1000_diff1": 0.697185,
        "nauc_recall_at_1_max": 0.540884,
        "nauc_recall_at_1_std": -0.024273,
        "nauc_recall_at_1_diff1": 0.738042,
        "nauc_recall_at_3_max": 0.592195,
        "nauc_recall_at_3_std": -0.048246,
        "nauc_recall_at_3_diff1": 0.65711,
        "nauc_recall_at_5_max": 0.579124,
        "nauc_recall_at_5_std": -0.070971,
        "nauc_recall_at_5_diff1": 0.621576,
        "nauc_recall_at_10_max": 0.667422,
        "nauc_recall_at_10_std": 0.146314,
        "nauc_recall_at_10_diff1": 0.646948,
        "nauc_recall_at_20_max": 0.72662,
        "nauc_recall_at_20_std": 0.31967,
        "nauc_recall_at_20_diff1": 0.555067,
        "nauc_recall_at_100_max": 0.727869,
        "nauc_recall_at_100_std": 0.236873,
        "nauc_recall_at_100_diff1": 0.609044,
        "nauc_recall_at_1000_max": NaN,
        "nauc_recall_at_1000_std": NaN,
        "nauc_recall_at_1000_diff1": NaN,
        "nauc_precision_at_1_max": 0.596422,
        "nauc_precision_at_1_std": 0.05193,
        "nauc_precision_at_1_diff1": 0.724859,
        "nauc_precision_at_3_max": 0.511805,
        "nauc_precision_at_3_std": 0.163558,
        "nauc_precision_at_3_diff1": 0.35807,
        "nauc_precision_at_5_max": 0.437758,
        "nauc_precision_at_5_std": 0.188448,
        "nauc_precision_at_5_diff1": 0.20264,
        "nauc_precision_at_10_max": 0.415993,
        "nauc_precision_at_10_std": 0.400513,
        "nauc_precision_at_10_diff1": 0.07116,
        "nauc_precision_at_20_max": 0.365355,
        "nauc_precision_at_20_std": 0.475884,
        "nauc_precision_at_20_diff1": -0.064631,
        "nauc_precision_at_100_max": 0.251647,
        "nauc_precision_at_100_std": 0.477626,
        "nauc_precision_at_100_diff1": -0.21202,
        "nauc_precision_at_1000_max": 0.164331,
        "nauc_precision_at_1000_std": 0.493791,
        "nauc_precision_at_1000_diff1": -0.338473,
        "nauc_mrr_at_1_max": 0.596422,
        "nauc_mrr_at_1_std": 0.05193,
        "nauc_mrr_at_1_diff1": 0.724859,
        "nauc_mrr_at_3_max": 0.613929,
        "nauc_mrr_at_3_std": 0.050676,
        "nauc_mrr_at_3_diff1": 0.696845,
        "nauc_mrr_at_5_max": 0.610307,
        "nauc_mrr_at_5_std": 0.049593,
        "nauc_mrr_at_5_diff1": 0.69197,
        "nauc_mrr_at_10_max": 0.619404,
        "nauc_mrr_at_10_std": 0.064205,
        "nauc_mrr_at_10_diff1": 0.696694,
        "nauc_mrr_at_20_max": 0.619233,
        "nauc_mrr_at_20_std": 0.065905,
        "nauc_mrr_at_20_diff1": 0.695384,
        "nauc_mrr_at_100_max": 0.618682,
        "nauc_mrr_at_100_std": 0.064355,
        "nauc_mrr_at_100_diff1": 0.696516,
        "nauc_mrr_at_1000_max": 0.61865,
        "nauc_mrr_at_1000_std": 0.064318,
        "nauc_mrr_at_1000_diff1": 0.696632,
        "main_score": 0.72634,
        "hf_subset": "default",
        "languages": [
          "eng-Latn"
        ]
      }
    ]
  },
  "evaluation_time": 99.45609831809998,
  "kg_co2_emissions": null
}