{
  "dataset_revision": "20a6d6f312dd54037fe07a32d58e5e168867909d",
  "task_name": "SICK-R",
  "mteb_version": "1.26.3",
  "scores": {
    "test": [
      {
        "pearson": 0.865431,
        "spearman": 0.815291,
        "cosine_pearson": 0.865431,
        "cosine_spearman": 0.815291,
        "manhattan_pearson": 0.841014,
        "manhattan_spearman": 0.812128,
        "euclidean_pearson": 0.841014,
        "euclidean_spearman": 0.812179,
        "main_score": 0.815291,
        "hf_subset": "default",
        "languages": [
          "eng-Latn"
        ]
      }
    ]
  },
  "evaluation_time": 8.524231910705566,
  "kg_co2_emissions": null
}