{
  "dataset_revision": "d66bd1f72af766a5cc4b0ca5e00c162f89e8cc46",
  "task_name": "SprintDuplicateQuestions",
  "mteb_version": "1.26.3",
  "scores": {
    "validation": [
      {
        "similarity_accuracy": 0.998624,
        "similarity_accuracy_threshold": 0.776651,
        "similarity_f1": 0.930742,
        "similarity_f1_threshold": 0.77326,
        "similarity_precision": 0.927507,
        "similarity_recall": 0.934,
        "similarity_ap": 0.970883,
        "cosine_accuracy": 0.998624,
        "cosine_accuracy_threshold": 0.776651,
        "cosine_f1": 0.930742,
        "cosine_f1_threshold": 0.77326,
        "cosine_precision": 0.927507,
        "cosine_recall": 0.934,
        "cosine_ap": 0.970883,
        "manhattan_accuracy": 0.998485,
        "manhattan_accuracy_threshold": 310.519958,
        "manhattan_f1": 0.921836,
        "manhattan_f1_threshold": 316.980408,
        "manhattan_precision": 0.929807,
        "manhattan_recall": 0.914,
        "manhattan_ap": 0.969491,
        "euclidean_accuracy": 0.998525,
        "euclidean_accuracy_threshold": 12.354468,
        "euclidean_f1": 0.924709,
        "euclidean_f1_threshold": 12.368566,
        "euclidean_precision": 0.934627,
        "euclidean_recall": 0.915,
        "euclidean_ap": 0.96979,
        "dot_accuracy": 0.998109,
        "dot_accuracy_threshold": 271.272705,
        "dot_f1": 0.904833,
        "dot_f1_threshold": 271.147949,
        "dot_precision": 0.901688,
        "dot_recall": 0.908,
        "dot_ap": 0.950991,
        "max_accuracy": 0.998624,
        "max_f1": 0.930742,
        "max_precision": 0.934627,
        "max_recall": 0.934,
        "max_ap": 0.970883,
        "main_score": 0.970883,
        "hf_subset": "default",
        "languages": [
          "eng-Latn"
        ]
      }
    ],
    "test": [
      {
        "similarity_accuracy": 0.998653,
        "similarity_accuracy_threshold": 0.773832,
        "similarity_f1": 0.932338,
        "similarity_f1_threshold": 0.773832,
        "similarity_precision": 0.927723,
        "similarity_recall": 0.937,
        "similarity_ap": 0.965171,
        "cosine_accuracy": 0.998653,
        "cosine_accuracy_threshold": 0.773832,
        "cosine_f1": 0.932338,
        "cosine_f1_threshold": 0.773832,
        "cosine_precision": 0.927723,
        "cosine_recall": 0.937,
        "cosine_ap": 0.965171,
        "manhattan_accuracy": 0.998574,
        "manhattan_accuracy_threshold": 312.696411,
        "manhattan_f1": 0.927199,
        "manhattan_f1_threshold": 312.696411,
        "manhattan_precision": 0.937628,
        "manhattan_recall": 0.917,
        "manhattan_ap": 0.963389,
        "euclidean_accuracy": 0.998584,
        "euclidean_accuracy_threshold": 12.207742,
        "euclidean_f1": 0.927814,
        "euclidean_f1_threshold": 12.300092,
        "euclidean_precision": 0.936799,
        "euclidean_recall": 0.919,
        "euclidean_ap": 0.963529,
        "dot_accuracy": 0.997901,
        "dot_accuracy_threshold": 269.699829,
        "dot_f1": 0.896484,
        "dot_f1_threshold": 268.477722,
        "dot_precision": 0.875954,
        "dot_recall": 0.918,
        "dot_ap": 0.940034,
        "max_accuracy": 0.998653,
        "max_f1": 0.932338,
        "max_precision": 0.937628,
        "max_recall": 0.937,
        "max_ap": 0.965171,
        "main_score": 0.965171,
        "hf_subset": "default",
        "languages": [
          "eng-Latn"
        ]
      }
    ]
  },
  "evaluation_time": 112.39797043800354,
  "kg_co2_emissions": null
}