{
  "dataset_revision": "e185fbe320c72810689fc5848eb6114e1ef5ec69",
  "task_name": "StackOverflowDupQuestions",
  "mteb_version": "1.26.3",
  "scores": {
    "test": [
      {
        "map": 0.524402,
        "mrr": 0.532094,
        "nAUC_map_max": 0.132644,
        "nAUC_map_std": 0.107546,
        "nAUC_map_diff1": 0.385053,
        "nAUC_mrr_max": 0.141244,
        "nAUC_mrr_std": 0.117406,
        "nAUC_mrr_diff1": 0.3842,
        "main_score": 0.524402,
        "hf_subset": "default",
        "languages": [
          "eng-Latn"
        ]
      }
    ]
  },
  "evaluation_time": 53.07726311683655,
  "kg_co2_emissions": null
}