{
  "dataset_revision": "4d8694f8f0e0100860b497b999b3dbed754a0513",
  "task_name": "STS16",
  "mteb_version": "1.26.3",
  "scores": {
    "test": [
      {
        "pearson": 0.822068,
        "spearman": 0.831341,
        "cosine_pearson": 0.822068,
        "cosine_spearman": 0.831341,
        "manhattan_pearson": 0.81041,
        "manhattan_spearman": 0.818882,
        "euclidean_pearson": 0.809976,
        "euclidean_spearman": 0.818308,
        "main_score": 0.831341,
        "hf_subset": "default",
        "languages": [
          "eng-Latn"
        ]
      }
    ]
  },
  "evaluation_time": 1.5741853713989258,
  "kg_co2_emissions": null
}