{
  "dataset_revision": "7e90230a92c190f1bf69ae9002b8cea547a64cca",
  "task_name": "STS13",
  "mteb_version": "1.26.3",
  "scores": {
    "test": [
      {
        "pearson": 0.848374,
        "spearman": 0.856809,
        "cosine_pearson": 0.848374,
        "cosine_spearman": 0.856809,
        "manhattan_pearson": 0.817796,
        "manhattan_spearman": 0.830828,
        "euclidean_pearson": 0.818653,
        "euclidean_spearman": 0.831795,
        "main_score": 0.856809,
        "hf_subset": "default",
        "languages": [
          "eng-Latn"
        ]
      }
    ]
  },
  "evaluation_time": 1.6565124988555908,
  "kg_co2_emissions": null
}