{
  "dataset_revision": "b0fddb56ed78048fa8b90373c8a3cfc37b684831",
  "task_name": "STSBenchmark",
  "mteb_version": "1.26.3",
  "scores": {
    "test": [
      {
        "pearson": 0.856265,
        "spearman": 0.859991,
        "cosine_pearson": 0.856265,
        "cosine_spearman": 0.859991,
        "manhattan_pearson": 0.852746,
        "manhattan_spearman": 0.854976,
        "euclidean_pearson": 0.8526,
        "euclidean_spearman": 0.854858,
        "main_score": 0.859991,
        "hf_subset": "default",
        "languages": [
          "eng-Latn"
        ]
      }
    ]
  },
  "evaluation_time": 1.493602991104126,
  "kg_co2_emissions": null
}