{
  "dataset_revision": "6125ec4e24fa026cec8a478383ee943acfbd5449",
  "task_name": "TwentyNewsgroupsClustering",
  "mteb_version": "1.26.3",
  "scores": {
    "test": [
      {
        "v_measure": 0.471986,
        "v_measure_std": 0.012295,
        "v_measures": [
          0.483818,
          0.490332,
          0.463153,
          0.483308,
          0.472397,
          0.48415,
          0.457285,
          0.471587,
          0.459143,
          0.454683
        ],
        "main_score": 0.471986,
        "hf_subset": "default",
        "languages": [
          "eng-Latn"
        ]
      }
    ]
  },
  "evaluation_time": 31.28306221961975,
  "kg_co2_emissions": null
}