{
  "dataset_revision": "c22ab2a51041ffd869aaddef7af8d8215647e41a",
  "task_name": "ArguAna",
  "mteb_version": "1.26.3",
  "scores": {
    "test": [
      {
        "ndcg_at_1": 0.26814,
        "ndcg_at_3": 0.40174,
        "ndcg_at_5": 0.45769,
        "ndcg_at_10": 0.51176,
        "ndcg_at_20": 0.54066,
        "ndcg_at_100": 0.55357,
        "ndcg_at_1000": 0.55503,
        "map_at_1": 0.26814,
        "map_at_3": 0.36771,
        "map_at_5": 0.39858,
        "map_at_10": 0.42103,
        "map_at_20": 0.42914,
        "map_at_100": 0.4311,
        "map_at_1000": 0.43117,
        "recall_at_1": 0.26814,
        "recall_at_3": 0.50071,
        "recall_at_5": 0.63727,
        "recall_at_10": 0.8037,
        "recall_at_20": 0.91679,
        "recall_at_100": 0.98364,
        "recall_at_1000": 0.99431,
        "precision_at_1": 0.26814,
        "precision_at_3": 0.1669,
        "precision_at_5": 0.12745,
        "precision_at_10": 0.08037,
        "precision_at_20": 0.04584,
        "precision_at_100": 0.00984,
        "precision_at_1000": 0.00099,
        "mrr_at_1": 0.268848,
        "mrr_at_3": 0.367236,
        "mrr_at_5": 0.398921,
        "mrr_at_10": 0.421604,
        "mrr_at_20": 0.42957,
        "mrr_at_100": 0.431534,
        "mrr_at_1000": 0.431604,
        "nauc_ndcg_at_1_max": -0.145766,
        "nauc_ndcg_at_1_std": -0.120437,
        "nauc_ndcg_at_1_diff1": 0.101332,
        "nauc_ndcg_at_3_max": -0.109498,
        "nauc_ndcg_at_3_std": -0.113131,
        "nauc_ndcg_at_3_diff1": 0.079865,
        "nauc_ndcg_at_5_max": -0.091892,
        "nauc_ndcg_at_5_std": -0.104888,
        "nauc_ndcg_at_5_diff1": 0.07522,
        "nauc_ndcg_at_10_max": -0.095627,
        "nauc_ndcg_at_10_std": -0.110567,
        "nauc_ndcg_at_10_diff1": 0.079903,
        "nauc_ndcg_at_20_max": -0.094803,
        "nauc_ndcg_at_20_std": -0.109275,
        "nauc_ndcg_at_20_diff1": 0.085001,
        "nauc_ndcg_at_100_max": -0.102607,
        "nauc_ndcg_at_100_std": -0.103273,
        "nauc_ndcg_at_100_diff1": 0.083285,
        "nauc_ndcg_at_1000_max": -0.10443,
        "nauc_ndcg_at_1000_std": -0.106903,
        "nauc_ndcg_at_1000_diff1": 0.082909,
        "nauc_map_at_1_max": -0.145766,
        "nauc_map_at_1_std": -0.120437,
        "nauc_map_at_1_diff1": 0.101332,
        "nauc_map_at_3_max": -0.118401,
        "nauc_map_at_3_std": -0.115236,
        "nauc_map_at_3_diff1": 0.083746,
        "nauc_map_at_5_max": -0.109105,
        "nauc_map_at_5_std": -0.111319,
        "nauc_map_at_5_diff1": 0.081886,
        "nauc_map_at_10_max": -0.110699,
        "nauc_map_at_10_std": -0.113506,
        "nauc_map_at_10_diff1": 0.084081,
        "nauc_map_at_20_max": -0.110861,
        "nauc_map_at_20_std": -0.113991,
        "nauc_map_at_20_diff1": 0.085321,
        "nauc_map_at_100_max": -0.111698,
        "nauc_map_at_100_std": -0.113082,
        "nauc_map_at_100_diff1": 0.085228,
        "nauc_map_at_1000_max": -0.111766,
        "nauc_map_at_1000_std": -0.113215,
        "nauc_map_at_1000_diff1": 0.085201,
        "nauc_recall_at_1_max": -0.145766,
        "nauc_recall_at_1_std": -0.120437,
        "nauc_recall_at_1_diff1": 0.101332,
        "nauc_recall_at_3_max": -0.08428,
        "nauc_recall_at_3_std": -0.10705,
        "nauc_recall_at_3_diff1": 0.0694,
        "nauc_recall_at_5_max": -0.033303,
        "nauc_recall_at_5_std": -0.081896,
        "nauc_recall_at_5_diff1": 0.052749,
        "nauc_recall_at_10_max": -0.021497,
        "nauc_recall_at_10_std": -0.097637,
        "nauc_recall_at_10_diff1": 0.060563,
        "nauc_recall_at_20_max": 0.078155,
        "nauc_recall_at_20_std": -0.047055,
        "nauc_recall_at_20_diff1": 0.101159,
        "nauc_recall_at_100_max": 0.117257,
        "nauc_recall_at_100_std": 0.625235,
        "nauc_recall_at_100_diff1": -0.001122,
        "nauc_recall_at_1000_max": -0.058995,
        "nauc_recall_at_1000_std": 0.831338,
        "nauc_recall_at_1000_diff1": -0.25727,
        "nauc_precision_at_1_max": -0.145766,
        "nauc_precision_at_1_std": -0.120437,
        "nauc_precision_at_1_diff1": 0.101332,
        "nauc_precision_at_3_max": -0.08428,
        "nauc_precision_at_3_std": -0.10705,
        "nauc_precision_at_3_diff1": 0.0694,
        "nauc_precision_at_5_max": -0.033303,
        "nauc_precision_at_5_std": -0.081896,
        "nauc_precision_at_5_diff1": 0.052749,
        "nauc_precision_at_10_max": -0.021497,
        "nauc_precision_at_10_std": -0.097637,
        "nauc_precision_at_10_diff1": 0.060563,
        "nauc_precision_at_20_max": 0.078155,
        "nauc_precision_at_20_std": -0.047055,
        "nauc_precision_at_20_diff1": 0.101159,
        "nauc_precision_at_100_max": 0.117257,
        "nauc_precision_at_100_std": 0.625235,
        "nauc_precision_at_100_diff1": -0.001122,
        "nauc_precision_at_1000_max": -0.058995,
        "nauc_precision_at_1000_std": 0.831338,
        "nauc_precision_at_1000_diff1": -0.25727,
        "nauc_mrr_at_1_max": -0.146173,
        "nauc_mrr_at_1_std": -0.117661,
        "nauc_mrr_at_1_diff1": 0.09904,
        "nauc_mrr_at_3_max": -0.128127,
        "nauc_mrr_at_3_std": -0.11506,
        "nauc_mrr_at_3_diff1": 0.072804,
        "nauc_mrr_at_5_max": -0.115582,
        "nauc_mrr_at_5_std": -0.109469,
        "nauc_mrr_at_5_diff1": 0.073711,
        "nauc_mrr_at_10_max": -0.115918,
        "nauc_mrr_at_10_std": -0.112487,
        "nauc_mrr_at_10_diff1": 0.07782,
        "nauc_mrr_at_20_max": -0.116545,
        "nauc_mrr_at_20_std": -0.112706,
        "nauc_mrr_at_20_diff1": 0.07867,
        "nauc_mrr_at_100_max": -0.117419,
        "nauc_mrr_at_100_std": -0.11179,
        "nauc_mrr_at_100_diff1": 0.078533,
        "nauc_mrr_at_1000_max": -0.117489,
        "nauc_mrr_at_1000_std": -0.111923,
        "nauc_mrr_at_1000_diff1": 0.078505,
        "main_score": 0.51176,
        "hf_subset": "default",
        "languages": [
          "eng-Latn"
        ]
      }
    ]
  },
  "evaluation_time": 23.332916975021362,
  "kg_co2_emissions": null
}