{
  "dataset_revision": "0fd18e25b25c072e09e0d92ab615fda904d66300",
  "task_name": "Banking77Classification",
  "mteb_version": "1.26.3",
  "scores": {
    "test": [
      {
        "accuracy": 0.769156,
        "f1": 0.758213,
        "f1_weighted": 0.758213,
        "scores_per_experiment": [
          {
            "accuracy": 0.779221,
            "f1": 0.766664,
            "f1_weighted": 0.766664
          },
          {
            "accuracy": 0.776623,
            "f1": 0.767518,
            "f1_weighted": 0.767518
          },
          {
            "accuracy": 0.772403,
            "f1": 0.760482,
            "f1_weighted": 0.760482
          },
          {
            "accuracy": 0.760714,
            "f1": 0.752323,
            "f1_weighted": 0.752323
          },
          {
            "accuracy": 0.762013,
            "f1": 0.748355,
            "f1_weighted": 0.748355
          },
          {
            "accuracy": 0.781818,
            "f1": 0.775909,
            "f1_weighted": 0.775909
          },
          {
            "accuracy": 0.756818,
            "f1": 0.74425,
            "f1_weighted": 0.74425
          },
          {
            "accuracy": 0.75974,
            "f1": 0.747017,
            "f1_weighted": 0.747017
          },
          {
            "accuracy": 0.776299,
            "f1": 0.764221,
            "f1_weighted": 0.764221
          },
          {
            "accuracy": 0.765909,
            "f1": 0.75539,
            "f1_weighted": 0.75539
          }
        ],
        "main_score": 0.769156,
        "hf_subset": "default",
        "languages": [
          "eng-Latn"
        ]
      }
    ]
  },
  "evaluation_time": 10.964229106903076,
  "kg_co2_emissions": null
}