{
  "dataset_revision": "258694dd0231531bc1fd9de6ceb52a0853c6d908",
  "task_name": "BiorxivClusteringS2S",
  "mteb_version": "1.26.3",
  "scores": {
    "test": [
      {
        "v_measure": 0.264031,
        "v_measure_std": 0.004314,
        "v_measures": [
          0.261917,
          0.258642,
          0.268322,
          0.265,
          0.258447,
          0.259434,
          0.266166,
          0.262884,
          0.271948,
          0.267547
        ],
        "main_score": 0.264031,
        "hf_subset": "default",
        "languages": [
          "eng-Latn"
        ]
      }
    ]
  },
  "evaluation_time": 24.465898036956787,
  "kg_co2_emissions": null
}