{
  "dataset_revision": "4f58c6b202a23cf9a4da393831edf4f9183cad37",
  "task_name": "EmotionClassification",
  "mteb_version": "1.26.3",
  "scores": {
    "validation": [
      {
        "accuracy": 0.47645,
        "f1": 0.42375,
        "f1_weighted": 0.491162,
        "scores_per_experiment": [
          {
            "accuracy": 0.5285,
            "f1": 0.462158,
            "f1_weighted": 0.539365
          },
          {
            "accuracy": 0.4755,
            "f1": 0.421244,
            "f1_weighted": 0.485305
          },
          {
            "accuracy": 0.492,
            "f1": 0.417069,
            "f1_weighted": 0.506277
          },
          {
            "accuracy": 0.469,
            "f1": 0.4147,
            "f1_weighted": 0.484251
          },
          {
            "accuracy": 0.464,
            "f1": 0.422995,
            "f1_weighted": 0.484648
          },
          {
            "accuracy": 0.5045,
            "f1": 0.442428,
            "f1_weighted": 0.518114
          },
          {
            "accuracy": 0.502,
            "f1": 0.433008,
            "f1_weighted": 0.519477
          },
          {
            "accuracy": 0.401,
            "f1": 0.376969,
            "f1_weighted": 0.409526
          },
          {
            "accuracy": 0.4495,
            "f1": 0.42262,
            "f1_weighted": 0.467054
          },
          {
            "accuracy": 0.4785,
            "f1": 0.424306,
            "f1_weighted": 0.4976
          }
        ],
        "main_score": 0.47645,
        "hf_subset": "default",
        "languages": [
          "eng-Latn"
        ]
      }
    ],
    "test": [
      {
        "accuracy": 0.4848,
        "f1": 0.425809,
        "f1_weighted": 0.502021,
        "scores_per_experiment": [
          {
            "accuracy": 0.5225,
            "f1": 0.450594,
            "f1_weighted": 0.536728
          },
          {
            "accuracy": 0.4775,
            "f1": 0.422454,
            "f1_weighted": 0.492814
          },
          {
            "accuracy": 0.497,
            "f1": 0.411979,
            "f1_weighted": 0.511006
          },
          {
            "accuracy": 0.476,
            "f1": 0.411543,
            "f1_weighted": 0.494245
          },
          {
            "accuracy": 0.4785,
            "f1": 0.436039,
            "f1_weighted": 0.501162
          },
          {
            "accuracy": 0.502,
            "f1": 0.432184,
            "f1_weighted": 0.514895
          },
          {
            "accuracy": 0.509,
            "f1": 0.435552,
            "f1_weighted": 0.527966
          },
          {
            "accuracy": 0.421,
            "f1": 0.395717,
            "f1_weighted": 0.434817
          },
          {
            "accuracy": 0.4555,
            "f1": 0.416801,
            "f1_weighted": 0.475585
          },
          {
            "accuracy": 0.509,
            "f1": 0.445232,
            "f1_weighted": 0.530994
          }
        ],
        "main_score": 0.4848,
        "hf_subset": "default",
        "languages": [
          "eng-Latn"
        ]
      }
    ]
  },
  "evaluation_time": 9.809488534927368,
  "kg_co2_emissions": null
}