{
  "dataset_revision": "4672e20407010da34463acc759c162ca9734bca6",
  "task_name": "MassiveIntentClassification",
  "mteb_version": "1.26.3",
  "scores": {
    "validation": [
      {
        "accuracy": 0.663305,
        "f1": 0.614567,
        "f1_weighted": 0.646398,
        "scores_per_experiment": [
          {
            "accuracy": 0.654206,
            "f1": 0.607611,
            "f1_weighted": 0.639222
          },
          {
            "accuracy": 0.69454,
            "f1": 0.658229,
            "f1_weighted": 0.685457
          },
          {
            "accuracy": 0.669454,
            "f1": 0.614192,
            "f1_weighted": 0.65282
          },
          {
            "accuracy": 0.679292,
            "f1": 0.622925,
            "f1_weighted": 0.663625
          },
          {
            "accuracy": 0.658633,
            "f1": 0.602956,
            "f1_weighted": 0.635083
          },
          {
            "accuracy": 0.650271,
            "f1": 0.609804,
            "f1_weighted": 0.629756
          },
          {
            "accuracy": 0.655189,
            "f1": 0.608908,
            "f1_weighted": 0.64018
          },
          {
            "accuracy": 0.650762,
            "f1": 0.602327,
            "f1_weighted": 0.636546
          },
          {
            "accuracy": 0.643876,
            "f1": 0.59454,
            "f1_weighted": 0.611887
          },
          {
            "accuracy": 0.676832,
            "f1": 0.62418,
            "f1_weighted": 0.669407
          }
        ],
        "main_score": 0.663305,
        "hf_subset": "en",
        "languages": [
          "eng-Latn"
        ]
      }
    ],
    "test": [
      {
        "accuracy": 0.659953,
        "f1": 0.627082,
        "f1_weighted": 0.642826,
        "scores_per_experiment": [
          {
            "accuracy": 0.666779,
            "f1": 0.629152,
            "f1_weighted": 0.647428
          },
          {
            "accuracy": 0.693342,
            "f1": 0.664235,
            "f1_weighted": 0.68827
          },
          {
            "accuracy": 0.649294,
            "f1": 0.6256,
            "f1_weighted": 0.634028
          },
          {
            "accuracy": 0.677875,
            "f1": 0.642832,
            "f1_weighted": 0.665529
          },
          {
            "accuracy": 0.657028,
            "f1": 0.61718,
            "f1_weighted": 0.635252
          },
          {
            "accuracy": 0.63618,
            "f1": 0.611389,
            "f1_weighted": 0.614309
          },
          {
            "accuracy": 0.654674,
            "f1": 0.625793,
            "f1_weighted": 0.636273
          },
          {
            "accuracy": 0.654338,
            "f1": 0.615041,
            "f1_weighted": 0.639156
          },
          {
            "accuracy": 0.637189,
            "f1": 0.608749,
            "f1_weighted": 0.606184
          },
          {
            "accuracy": 0.672831,
            "f1": 0.63085,
            "f1_weighted": 0.661828
          }
        ],
        "main_score": 0.659953,
        "hf_subset": "en",
        "languages": [
          "eng-Latn"
        ]
      }
    ]
  },
  "evaluation_time": 5.52081823348999,
  "kg_co2_emissions": null
}