{
  "dataset_revision": "35191c8c0dca72d8ff3efcd72aa802307d469663",
  "task_name": "MedrxivClusteringS2S",
  "mteb_version": "1.26.3",
  "scores": {
    "test": [
      {
        "v_measure": 0.28378,
        "v_measure_std": 0.012724,
        "v_measures": [
          0.27209,
          0.274857,
          0.276631,
          0.264085,
          0.279246,
          0.298901,
          0.28957,
          0.303346,
          0.300305,
          0.27877
        ],
        "main_score": 0.28378,
        "hf_subset": "default",
        "languages": [
          "eng-Latn"
        ]
      }
    ]
  },
  "evaluation_time": 14.754473447799683,
  "kg_co2_emissions": null
}