{
  "dataset_revision": "ec0fa4fe99da2ff19ca1214b7966684033a58814",
  "task_name": "NFCorpus",
  "mteb_version": "1.26.3",
  "scores": {
    "test": [
      {
        "ndcg_at_1": 0.42105,
        "ndcg_at_3": 0.36482,
        "ndcg_at_5": 0.33824,
        "ndcg_at_10": 0.30757,
        "ndcg_at_20": 0.28988,
        "ndcg_at_100": 0.28504,
        "ndcg_at_1000": 0.37458,
        "map_at_1": 0.05373,
        "map_at_3": 0.08381,
        "map_at_5": 0.09449,
        "map_at_10": 0.10952,
        "map_at_20": 0.12134,
        "map_at_100": 0.13742,
        "map_at_1000": 0.15023,
        "recall_at_1": 0.05373,
        "recall_at_3": 0.09261,
        "recall_at_5": 0.11107,
        "recall_at_10": 0.14865,
        "recall_at_20": 0.18445,
        "recall_at_100": 0.28861,
        "recall_at_1000": 0.61584,
        "precision_at_1": 0.43034,
        "precision_at_3": 0.33746,
        "precision_at_5": 0.28669,
        "precision_at_10": 0.2226,
        "precision_at_20": 0.16997,
        "precision_at_100": 0.07245,
        "precision_at_1000": 0.01997,
        "mrr_at_1": 0.433437,
        "mrr_at_3": 0.495872,
        "mrr_at_5": 0.507792,
        "mrr_at_10": 0.517275,
        "mrr_at_20": 0.522047,
        "mrr_at_100": 0.524471,
        "mrr_at_1000": 0.524828,
        "nauc_ndcg_at_1_max": 0.35938,
        "nauc_ndcg_at_1_std": 0.1679,
        "nauc_ndcg_at_1_diff1": 0.284233,
        "nauc_ndcg_at_3_max": 0.361845,
        "nauc_ndcg_at_3_std": 0.147624,
        "nauc_ndcg_at_3_diff1": 0.2188,
        "nauc_ndcg_at_5_max": 0.34315,
        "nauc_ndcg_at_5_std": 0.168168,
        "nauc_ndcg_at_5_diff1": 0.203717,
        "nauc_ndcg_at_10_max": 0.331857,
        "nauc_ndcg_at_10_std": 0.177159,
        "nauc_ndcg_at_10_diff1": 0.189245,
        "nauc_ndcg_at_20_max": 0.32562,
        "nauc_ndcg_at_20_std": 0.187827,
        "nauc_ndcg_at_20_diff1": 0.186099,
        "nauc_ndcg_at_100_max": 0.358017,
        "nauc_ndcg_at_100_std": 0.195443,
        "nauc_ndcg_at_100_diff1": 0.200052,
        "nauc_ndcg_at_1000_max": 0.428195,
        "nauc_ndcg_at_1000_std": 0.251548,
        "nauc_ndcg_at_1000_diff1": 0.217415,
        "nauc_map_at_1_max": 0.182051,
        "nauc_map_at_1_std": -0.105571,
        "nauc_map_at_1_diff1": 0.394003,
        "nauc_map_at_3_max": 0.213805,
        "nauc_map_at_3_std": -0.100038,
        "nauc_map_at_3_diff1": 0.325249,
        "nauc_map_at_5_max": 0.233859,
        "nauc_map_at_5_std": -0.080164,
        "nauc_map_at_5_diff1": 0.305013,
        "nauc_map_at_10_max": 0.269261,
        "nauc_map_at_10_std": -0.054589,
        "nauc_map_at_10_diff1": 0.27799,
        "nauc_map_at_20_max": 0.288052,
        "nauc_map_at_20_std": -0.025885,
        "nauc_map_at_20_diff1": 0.267407,
        "nauc_map_at_100_max": 0.299201,
        "nauc_map_at_100_std": 0.03265,
        "nauc_map_at_100_diff1": 0.253553,
        "nauc_map_at_1000_max": 0.302279,
        "nauc_map_at_1000_std": 0.067598,
        "nauc_map_at_1000_diff1": 0.239245,
        "nauc_recall_at_1_max": 0.182051,
        "nauc_recall_at_1_std": -0.105571,
        "nauc_recall_at_1_diff1": 0.394003,
        "nauc_recall_at_3_max": 0.21934,
        "nauc_recall_at_3_std": -0.102096,
        "nauc_recall_at_3_diff1": 0.286177,
        "nauc_recall_at_5_max": 0.218309,
        "nauc_recall_at_5_std": -0.071029,
        "nauc_recall_at_5_diff1": 0.262997,
        "nauc_recall_at_10_max": 0.218975,
        "nauc_recall_at_10_std": -0.056363,
        "nauc_recall_at_10_diff1": 0.166676,
        "nauc_recall_at_20_max": 0.245757,
        "nauc_recall_at_20_std": -0.00358,
        "nauc_recall_at_20_diff1": 0.158844,
        "nauc_recall_at_100_max": 0.253938,
        "nauc_recall_at_100_std": 0.11117,
        "nauc_recall_at_100_diff1": 0.113167,
        "nauc_recall_at_1000_max": 0.180586,
        "nauc_recall_at_1000_std": 0.16634,
        "nauc_recall_at_1000_diff1": 0.017887,
        "nauc_precision_at_1_max": 0.368603,
        "nauc_precision_at_1_std": 0.167726,
        "nauc_precision_at_1_diff1": 0.285924,
        "nauc_precision_at_3_max": 0.353504,
        "nauc_precision_at_3_std": 0.169742,
        "nauc_precision_at_3_diff1": 0.124791,
        "nauc_precision_at_5_max": 0.321498,
        "nauc_precision_at_5_std": 0.227221,
        "nauc_precision_at_5_diff1": 0.07719,
        "nauc_precision_at_10_max": 0.295187,
        "nauc_precision_at_10_std": 0.280669,
        "nauc_precision_at_10_diff1": 0.028112,
        "nauc_precision_at_20_max": 0.242719,
        "nauc_precision_at_20_std": 0.345717,
        "nauc_precision_at_20_diff1": -0.019142,
        "nauc_precision_at_100_max": 0.105216,
        "nauc_precision_at_100_std": 0.405014,
        "nauc_precision_at_100_diff1": -0.079009,
        "nauc_precision_at_1000_max": -0.010281,
        "nauc_precision_at_1000_std": 0.342644,
        "nauc_precision_at_1000_diff1": -0.1419,
        "nauc_mrr_at_1_max": 0.370479,
        "nauc_mrr_at_1_std": 0.166849,
        "nauc_mrr_at_1_diff1": 0.277598,
        "nauc_mrr_at_3_max": 0.423309,
        "nauc_mrr_at_3_std": 0.207138,
        "nauc_mrr_at_3_diff1": 0.263588,
        "nauc_mrr_at_5_max": 0.419302,
        "nauc_mrr_at_5_std": 0.217659,
        "nauc_mrr_at_5_diff1": 0.264431,
        "nauc_mrr_at_10_max": 0.417641,
        "nauc_mrr_at_10_std": 0.212476,
        "nauc_mrr_at_10_diff1": 0.258261,
        "nauc_mrr_at_20_max": 0.42148,
        "nauc_mrr_at_20_std": 0.217452,
        "nauc_mrr_at_20_diff1": 0.257592,
        "nauc_mrr_at_100_max": 0.421518,
        "nauc_mrr_at_100_std": 0.21833,
        "nauc_mrr_at_100_diff1": 0.258753,
        "nauc_mrr_at_1000_max": 0.421216,
        "nauc_mrr_at_1000_std": 0.218178,
        "nauc_mrr_at_1000_diff1": 0.258886,
        "main_score": 0.30757,
        "hf_subset": "default",
        "languages": [
          "eng-Latn"
        ]
      }
    ]
  },
  "evaluation_time": 13.008002758026123,
  "kg_co2_emissions": null
}