{
  "dataset_revision": "d3c5e1fc0b855ab6097bf1cda04dd73947d7caab",
  "task_name": "SciDocsRR",
  "mteb_version": "1.26.3",
  "scores": {
    "test": [
      {
        "map": 0.793603,
        "mrr": 0.939362,
        "nAUC_map_max": 0.549272,
        "nAUC_map_std": 0.709251,
        "nAUC_map_diff1": 0.034368,
        "nAUC_mrr_max": 0.833607,
        "nAUC_mrr_std": 0.780705,
        "nAUC_mrr_diff1": 0.46077,
        "main_score": 0.793603,
        "hf_subset": "default",
        "languages": [
          "eng-Latn"
        ]
      }
    ]
  },
  "evaluation_time": 23.861835718154907,
  "kg_co2_emissions": null
}