{
  "dataset_revision": "0228b52cf27578f30900b9e5271d331663a030d7",
  "task_name": "SciFact",
  "mteb_version": "1.26.3",
  "scores": {
    "train": [
      {
        "ndcg_at_1": 0.47466,
        "ndcg_at_3": 0.54858,
        "ndcg_at_5": 0.56859,
        "ndcg_at_10": 0.59015,
        "ndcg_at_20": 0.60628,
        "ndcg_at_100": 0.62681,
        "ndcg_at_1000": 0.63898,
        "map_at_1": 0.44895,
        "map_at_3": 0.52103,
        "map_at_5": 0.53451,
        "map_at_10": 0.54478,
        "map_at_20": 0.54983,
        "map_at_100": 0.55291,
        "map_at_1000": 0.55333,
        "recall_at_1": 0.44895,
        "recall_at_3": 0.60103,
        "recall_at_5": 0.64924,
        "recall_at_10": 0.71211,
        "recall_at_20": 0.77299,
        "recall_at_100": 0.87969,
        "recall_at_1000": 0.97672,
        "precision_at_1": 0.47466,
        "precision_at_3": 0.22044,
        "precision_at_5": 0.14561,
        "precision_at_10": 0.08084,
        "precision_at_20": 0.04407,
        "precision_at_100": 0.01002,
        "precision_at_1000": 0.00111,
        "mrr_at_1": 0.47466,
        "mrr_at_3": 0.543675,
        "mrr_at_5": 0.553193,
        "mrr_at_10": 0.560379,
        "mrr_at_20": 0.564178,
        "mrr_at_100": 0.566879,
        "mrr_at_1000": 0.56725,
        "nauc_ndcg_at_1_max": 0.495701,
        "nauc_ndcg_at_1_std": 0.153089,
        "nauc_ndcg_at_1_diff1": 0.704967,
        "nauc_ndcg_at_3_max": 0.501798,
        "nauc_ndcg_at_3_std": 0.204581,
        "nauc_ndcg_at_3_diff1": 0.662967,
        "nauc_ndcg_at_5_max": 0.520955,
        "nauc_ndcg_at_5_std": 0.227139,
        "nauc_ndcg_at_5_diff1": 0.651034,
        "nauc_ndcg_at_10_max": 0.525412,
        "nauc_ndcg_at_10_std": 0.244588,
        "nauc_ndcg_at_10_diff1": 0.648649,
        "nauc_ndcg_at_20_max": 0.524331,
        "nauc_ndcg_at_20_std": 0.265011,
        "nauc_ndcg_at_20_diff1": 0.63994,
        "nauc_ndcg_at_100_max": 0.527329,
        "nauc_ndcg_at_100_std": 0.259924,
        "nauc_ndcg_at_100_diff1": 0.644284,
        "nauc_ndcg_at_1000_max": 0.523976,
        "nauc_ndcg_at_1000_std": 0.247546,
        "nauc_ndcg_at_1000_diff1": 0.650609,
        "nauc_map_at_1_max": 0.468372,
        "nauc_map_at_1_std": 0.131311,
        "nauc_map_at_1_diff1": 0.72102,
        "nauc_map_at_3_max": 0.491431,
        "nauc_map_at_3_std": 0.185243,
        "nauc_map_at_3_diff1": 0.678058,
        "nauc_map_at_5_max": 0.506327,
        "nauc_map_at_5_std": 0.201551,
        "nauc_map_at_5_diff1": 0.669377,
        "nauc_map_at_10_max": 0.51032,
        "nauc_map_at_10_std": 0.210969,
        "nauc_map_at_10_diff1": 0.668574,
        "nauc_map_at_20_max": 0.510987,
        "nauc_map_at_20_std": 0.218206,
        "nauc_map_at_20_diff1": 0.666123,
        "nauc_map_at_100_max": 0.511779,
        "nauc_map_at_100_std": 0.217623,
        "nauc_map_at_100_diff1": 0.666946,
        "nauc_map_at_1000_max": 0.511707,
        "nauc_map_at_1000_std": 0.217217,
        "nauc_map_at_1000_diff1": 0.667107,
        "nauc_recall_at_1_max": 0.468372,
        "nauc_recall_at_1_std": 0.131311,
        "nauc_recall_at_1_diff1": 0.72102,
        "nauc_recall_at_3_max": 0.488678,
        "nauc_recall_at_3_std": 0.220827,
        "nauc_recall_at_3_diff1": 0.624356,
        "nauc_recall_at_5_max": 0.539516,
        "nauc_recall_at_5_std": 0.283377,
        "nauc_recall_at_5_diff1": 0.589006,
        "nauc_recall_at_10_max": 0.550748,
        "nauc_recall_at_10_std": 0.343093,
        "nauc_recall_at_10_diff1": 0.570056,
        "nauc_recall_at_20_max": 0.545876,
        "nauc_recall_at_20_std": 0.464558,
        "nauc_recall_at_20_diff1": 0.513414,
        "nauc_recall_at_100_max": 0.592292,
        "nauc_recall_at_100_std": 0.54542,
        "nauc_recall_at_100_diff1": 0.479644,
        "nauc_recall_at_1000_max": 0.524811,
        "nauc_recall_at_1000_std": 0.577229,
        "nauc_recall_at_1000_diff1": 0.431782,
        "nauc_precision_at_1_max": 0.495701,
        "nauc_precision_at_1_std": 0.153089,
        "nauc_precision_at_1_diff1": 0.704967,
        "nauc_precision_at_3_max": 0.499506,
        "nauc_precision_at_3_std": 0.277874,
        "nauc_precision_at_3_diff1": 0.491446,
        "nauc_precision_at_5_max": 0.508537,
        "nauc_precision_at_5_std": 0.330449,
        "nauc_precision_at_5_diff1": 0.383909,
        "nauc_precision_at_10_max": 0.467899,
        "nauc_precision_at_10_std": 0.371841,
        "nauc_precision_at_10_diff1": 0.290566,
        "nauc_precision_at_20_max": 0.417429,
        "nauc_precision_at_20_std": 0.429561,
        "nauc_precision_at_20_diff1": 0.181929,
        "nauc_precision_at_100_max": 0.357564,
        "nauc_precision_at_100_std": 0.410694,
        "nauc_precision_at_100_diff1": 0.044676,
        "nauc_precision_at_1000_max": 0.2183,
        "nauc_precision_at_1000_std": 0.295229,
        "nauc_precision_at_1000_diff1": -0.142627,
        "nauc_mrr_at_1_max": 0.495701,
        "nauc_mrr_at_1_std": 0.153089,
        "nauc_mrr_at_1_diff1": 0.704967,
        "nauc_mrr_at_3_max": 0.511448,
        "nauc_mrr_at_3_std": 0.205387,
        "nauc_mrr_at_3_diff1": 0.665858,
        "nauc_mrr_at_5_max": 0.52281,
        "nauc_mrr_at_5_std": 0.217809,
        "nauc_mrr_at_5_diff1": 0.662029,
        "nauc_mrr_at_10_max": 0.521744,
        "nauc_mrr_at_10_std": 0.221446,
        "nauc_mrr_at_10_diff1": 0.661007,
        "nauc_mrr_at_20_max": 0.520499,
        "nauc_mrr_at_20_std": 0.224843,
        "nauc_mrr_at_20_diff1": 0.65933,
        "nauc_mrr_at_100_max": 0.520587,
        "nauc_mrr_at_100_std": 0.223737,
        "nauc_mrr_at_100_diff1": 0.659983,
        "nauc_mrr_at_1000_max": 0.520449,
        "nauc_mrr_at_1000_std": 0.223379,
        "nauc_mrr_at_1000_diff1": 0.660129,
        "main_score": 0.59015,
        "hf_subset": "default",
        "languages": [
          "eng-Latn"
        ]
      }
    ],
    "test": [
      {
        "ndcg_at_1": 0.48333,
        "ndcg_at_3": 0.53694,
        "ndcg_at_5": 0.55388,
        "ndcg_at_10": 0.57883,
        "ndcg_at_20": 0.59587,
        "ndcg_at_100": 0.6186,
        "ndcg_at_1000": 0.62955,
        "map_at_1": 0.45917,
        "map_at_3": 0.51404,
        "map_at_5": 0.52446,
        "map_at_10": 0.53533,
        "map_at_20": 0.54082,
        "map_at_100": 0.54432,
        "map_at_1000": 0.54465,
        "recall_at_1": 0.45917,
        "recall_at_3": 0.57956,
        "recall_at_5": 0.62272,
        "recall_at_10": 0.69839,
        "recall_at_20": 0.76122,
        "recall_at_100": 0.88033,
        "recall_at_1000": 0.97,
        "precision_at_1": 0.48333,
        "precision_at_3": 0.21111,
        "precision_at_5": 0.13733,
        "precision_at_10": 0.07733,
        "precision_at_20": 0.043,
        "precision_at_100": 0.01,
        "precision_at_1000": 0.0011,
        "mrr_at_1": 0.483333,
        "mrr_at_3": 0.530556,
        "mrr_at_5": 0.542056,
        "mrr_at_10": 0.551729,
        "mrr_at_20": 0.555558,
        "mrr_at_100": 0.558086,
        "mrr_at_1000": 0.558372,
        "nauc_ndcg_at_1_max": 0.545307,
        "nauc_ndcg_at_1_std": 0.056534,
        "nauc_ndcg_at_1_diff1": 0.708547,
        "nauc_ndcg_at_3_max": 0.551982,
        "nauc_ndcg_at_3_std": 0.03745,
        "nauc_ndcg_at_3_diff1": 0.669375,
        "nauc_ndcg_at_5_max": 0.558305,
        "nauc_ndcg_at_5_std": 0.052501,
        "nauc_ndcg_at_5_diff1": 0.671768,
        "nauc_ndcg_at_10_max": 0.559848,
        "nauc_ndcg_at_10_std": 0.0835,
        "nauc_ndcg_at_10_diff1": 0.656739,
        "nauc_ndcg_at_20_max": 0.570142,
        "nauc_ndcg_at_20_std": 0.104173,
        "nauc_ndcg_at_20_diff1": 0.655677,
        "nauc_ndcg_at_100_max": 0.573105,
        "nauc_ndcg_at_100_std": 0.099139,
        "nauc_ndcg_at_100_diff1": 0.658227,
        "nauc_ndcg_at_1000_max": 0.56697,
        "nauc_ndcg_at_1000_std": 0.090453,
        "nauc_ndcg_at_1000_diff1": 0.666664,
        "nauc_map_at_1_max": 0.499555,
        "nauc_map_at_1_std": -0.014005,
        "nauc_map_at_1_diff1": 0.70789,
        "nauc_map_at_3_max": 0.538027,
        "nauc_map_at_3_std": 0.014411,
        "nauc_map_at_3_diff1": 0.682883,
        "nauc_map_at_5_max": 0.544625,
        "nauc_map_at_5_std": 0.028692,
        "nauc_map_at_5_diff1": 0.682068,
        "nauc_map_at_10_max": 0.547559,
        "nauc_map_at_10_std": 0.044469,
        "nauc_map_at_10_diff1": 0.675504,
        "nauc_map_at_20_max": 0.552487,
        "nauc_map_at_20_std": 0.052008,
        "nauc_map_at_20_diff1": 0.675421,
        "nauc_map_at_100_max": 0.553753,
        "nauc_map_at_100_std": 0.052031,
        "nauc_map_at_100_diff1": 0.676011,
        "nauc_map_at_1000_max": 0.553579,
        "nauc_map_at_1000_std": 0.051743,
        "nauc_map_at_1000_diff1": 0.676202,
        "nauc_recall_at_1_max": 0.499555,
        "nauc_recall_at_1_std": -0.014005,
        "nauc_recall_at_1_diff1": 0.70789,
        "nauc_recall_at_3_max": 0.538049,
        "nauc_recall_at_3_std": 0.021265,
        "nauc_recall_at_3_diff1": 0.634419,
        "nauc_recall_at_5_max": 0.556715,
        "nauc_recall_at_5_std": 0.080981,
        "nauc_recall_at_5_diff1": 0.62006,
        "nauc_recall_at_10_max": 0.556119,
        "nauc_recall_at_10_std": 0.186096,
        "nauc_recall_at_10_diff1": 0.560852,
        "nauc_recall_at_20_max": 0.593173,
        "nauc_recall_at_20_std": 0.302339,
        "nauc_recall_at_20_diff1": 0.534697,
        "nauc_recall_at_100_max": 0.635125,
        "nauc_recall_at_100_std": 0.378768,
        "nauc_recall_at_100_diff1": 0.478332,
        "nauc_recall_at_1000_max": 0.388837,
        "nauc_recall_at_1000_std": 0.557838,
        "nauc_recall_at_1000_diff1": 0.644258,
        "nauc_precision_at_1_max": 0.545307,
        "nauc_precision_at_1_std": 0.056534,
        "nauc_precision_at_1_diff1": 0.708547,
        "nauc_precision_at_3_max": 0.546416,
        "nauc_precision_at_3_std": 0.181211,
        "nauc_precision_at_3_diff1": 0.496675,
        "nauc_precision_at_5_max": 0.595007,
        "nauc_precision_at_5_std": 0.256747,
        "nauc_precision_at_5_diff1": 0.485789,
        "nauc_precision_at_10_max": 0.57808,
        "nauc_precision_at_10_std": 0.393674,
        "nauc_precision_at_10_diff1": 0.371491,
        "nauc_precision_at_20_max": 0.555202,
        "nauc_precision_at_20_std": 0.471766,
        "nauc_precision_at_20_diff1": 0.258228,
        "nauc_precision_at_100_max": 0.457177,
        "nauc_precision_at_100_std": 0.474225,
        "nauc_precision_at_100_diff1": 0.096772,
        "nauc_precision_at_1000_max": 0.309942,
        "nauc_precision_at_1000_std": 0.486512,
        "nauc_precision_at_1000_diff1": -0.040254,
        "nauc_mrr_at_1_max": 0.545307,
        "nauc_mrr_at_1_std": 0.056534,
        "nauc_mrr_at_1_diff1": 0.708547,
        "nauc_mrr_at_3_max": 0.558957,
        "nauc_mrr_at_3_std": 0.058121,
        "nauc_mrr_at_3_diff1": 0.683902,
        "nauc_mrr_at_5_max": 0.569221,
        "nauc_mrr_at_5_std": 0.071234,
        "nauc_mrr_at_5_diff1": 0.68762,
        "nauc_mrr_at_10_max": 0.569077,
        "nauc_mrr_at_10_std": 0.080527,
        "nauc_mrr_at_10_diff1": 0.682035,
        "nauc_mrr_at_20_max": 0.569563,
        "nauc_mrr_at_20_std": 0.083827,
        "nauc_mrr_at_20_diff1": 0.682038,
        "nauc_mrr_at_100_max": 0.569287,
        "nauc_mrr_at_100_std": 0.082963,
        "nauc_mrr_at_100_diff1": 0.682161,
        "nauc_mrr_at_1000_max": 0.569059,
        "nauc_mrr_at_1000_std": 0.082664,
        "nauc_mrr_at_1000_diff1": 0.682296,
        "main_score": 0.57883,
        "hf_subset": "default",
        "languages": [
          "eng-Latn"
        ]
      }
    ]
  },
  "evaluation_time": 36.33272409439087,
  "kg_co2_emissions": null
}