{
  "dataset_revision": "20a6d6f312dd54037fe07a32d58e5e168867909d",
  "task_name": "SICK-R",
  "mteb_version": "1.26.3",
  "scores": {
    "test": [
      {
        "pearson": 0.854108,
        "spearman": 0.800247,
        "cosine_pearson": 0.854108,
        "cosine_spearman": 0.800247,
        "manhattan_pearson": 0.830396,
        "manhattan_spearman": 0.799482,
        "euclidean_pearson": 0.831505,
        "euclidean_spearman": 0.800247,
        "main_score": 0.800247,
        "hf_subset": "default",
        "languages": [
          "eng-Latn"
        ]
      }
    ]
  },
  "evaluation_time": 3.3278326988220215,
  "kg_co2_emissions": null
}