{
  "dataset_revision": "d66bd1f72af766a5cc4b0ca5e00c162f89e8cc46",
  "task_name": "SprintDuplicateQuestions",
  "mteb_version": "1.26.3",
  "scores": {
    "validation": [
      {
        "similarity_accuracy": 0.997317,
        "similarity_accuracy_threshold": 0.941807,
        "similarity_f1": 0.864432,
        "similarity_f1_threshold": 0.941523,
        "similarity_precision": 0.864865,
        "similarity_recall": 0.864,
        "similarity_ap": 0.92627,
        "cosine_accuracy": 0.997317,
        "cosine_accuracy_threshold": 0.941807,
        "cosine_f1": 0.864432,
        "cosine_f1_threshold": 0.941523,
        "cosine_precision": 0.864865,
        "cosine_recall": 0.864,
        "cosine_ap": 0.92627,
        "manhattan_accuracy": 0.997307,
        "manhattan_accuracy_threshold": 7.566065,
        "manhattan_f1": 0.866405,
        "manhattan_f1_threshold": 7.663691,
        "manhattan_precision": 0.851351,
        "manhattan_recall": 0.882,
        "manhattan_ap": 0.925821,
        "euclidean_accuracy": 0.997317,
        "euclidean_accuracy_threshold": 0.341153,
        "euclidean_f1": 0.864432,
        "euclidean_f1_threshold": 0.341985,
        "euclidean_precision": 0.864865,
        "euclidean_recall": 0.864,
        "euclidean_ap": 0.92627,
        "dot_accuracy": 0.997317,
        "dot_accuracy_threshold": 0.941807,
        "dot_f1": 0.864432,
        "dot_f1_threshold": 0.941523,
        "dot_precision": 0.864865,
        "dot_recall": 0.864,
        "dot_ap": 0.92627,
        "max_accuracy": 0.997317,
        "max_f1": 0.866405,
        "max_precision": 0.864865,
        "max_recall": 0.882,
        "max_ap": 0.92627,
        "main_score": 0.92627,
        "hf_subset": "default",
        "languages": [
          "eng-Latn"
        ]
      }
    ],
    "test": [
      {
        "similarity_accuracy": 0.99703,
        "similarity_accuracy_threshold": 0.946465,
        "similarity_f1": 0.849123,
        "similarity_f1_threshold": 0.943091,
        "similarity_precision": 0.851256,
        "similarity_recall": 0.847,
        "similarity_ap": 0.920578,
        "cosine_accuracy": 0.99703,
        "cosine_accuracy_threshold": 0.946465,
        "cosine_f1": 0.849123,
        "cosine_f1_threshold": 0.943091,
        "cosine_precision": 0.851256,
        "cosine_recall": 0.847,
        "cosine_ap": 0.920578,
        "manhattan_accuracy": 0.997,
        "manhattan_accuracy_threshold": 7.395687,
        "manhattan_f1": 0.847509,
        "manhattan_f1_threshold": 7.436825,
        "manhattan_precision": 0.85309,
        "manhattan_recall": 0.842,
        "manhattan_ap": 0.920033,
        "euclidean_accuracy": 0.99703,
        "euclidean_accuracy_threshold": 0.327215,
        "euclidean_f1": 0.849123,
        "euclidean_f1_threshold": 0.337369,
        "euclidean_precision": 0.851256,
        "euclidean_recall": 0.847,
        "euclidean_ap": 0.920578,
        "dot_accuracy": 0.99703,
        "dot_accuracy_threshold": 0.946465,
        "dot_f1": 0.849123,
        "dot_f1_threshold": 0.943091,
        "dot_precision": 0.851256,
        "dot_recall": 0.847,
        "dot_ap": 0.920578,
        "max_accuracy": 0.99703,
        "max_f1": 0.849123,
        "max_precision": 0.85309,
        "max_recall": 0.847,
        "max_ap": 0.920578,
        "main_score": 0.920578,
        "hf_subset": "default",
        "languages": [
          "eng-Latn"
        ]
      }
    ]
  },
  "evaluation_time": 19.984694242477417,
  "kg_co2_emissions": null
}