{
  "dataset_revision": "e185fbe320c72810689fc5848eb6114e1ef5ec69",
  "task_name": "StackOverflowDupQuestions",
  "mteb_version": "1.26.3",
  "scores": {
    "test": [
      {
        "map": 0.506645,
        "mrr": 0.516285,
        "nAUC_map_max": 0.1115,
        "nAUC_map_std": 0.082721,
        "nAUC_map_diff1": 0.384255,
        "nAUC_mrr_max": 0.118477,
        "nAUC_mrr_std": 0.087327,
        "nAUC_mrr_diff1": 0.381575,
        "main_score": 0.506645,
        "hf_subset": "default",
        "languages": [
          "eng-Latn"
        ]
      }
    ]
  },
  "evaluation_time": 16.28439712524414,
  "kg_co2_emissions": null
}