{
  "dataset_revision": "4d8694f8f0e0100860b497b999b3dbed754a0513",
  "task_name": "STS16",
  "mteb_version": "1.26.3",
  "scores": {
    "test": [
      {
        "pearson": 0.831178,
        "spearman": 0.847773,
        "cosine_pearson": 0.831178,
        "cosine_spearman": 0.847774,
        "manhattan_pearson": 0.842284,
        "manhattan_spearman": 0.846857,
        "euclidean_pearson": 0.843038,
        "euclidean_spearman": 0.847772,
        "main_score": 0.847774,
        "hf_subset": "default",
        "languages": [
          "eng-Latn"
        ]
      }
    ]
  },
  "evaluation_time": 0.6744906902313232,
  "kg_co2_emissions": null
}