{
  "dataset_revision": "7e90230a92c190f1bf69ae9002b8cea547a64cca",
  "task_name": "STS13",
  "mteb_version": "1.26.3",
  "scores": {
    "test": [
      {
        "pearson": 0.839046,
        "spearman": 0.851038,
        "cosine_pearson": 0.839046,
        "cosine_spearman": 0.851038,
        "manhattan_pearson": 0.842995,
        "manhattan_spearman": 0.850695,
        "euclidean_pearson": 0.843408,
        "euclidean_spearman": 0.851038,
        "main_score": 0.851038,
        "hf_subset": "default",
        "languages": [
          "eng-Latn"
        ]
      }
    ]
  },
  "evaluation_time": 0.7206330299377441,
  "kg_co2_emissions": null
}