{
  "dataset_revision": "b0fddb56ed78048fa8b90373c8a3cfc37b684831",
  "task_name": "STSBenchmark",
  "mteb_version": "1.26.3",
  "scores": {
    "test": [
      {
        "pearson": 0.847229,
        "spearman": 0.858482,
        "cosine_pearson": 0.847229,
        "cosine_spearman": 0.858482,
        "manhattan_pearson": 0.858613,
        "manhattan_spearman": 0.857789,
        "euclidean_pearson": 0.859177,
        "euclidean_spearman": 0.858482,
        "main_score": 0.858482,
        "hf_subset": "default",
        "languages": [
          "eng-Latn"
        ]
      }
    ]
  },
  "evaluation_time": 0.5555229187011719,
  "kg_co2_emissions": null
}