{
  "dataset_revision": "6125ec4e24fa026cec8a478383ee943acfbd5449",
  "task_name": "TwentyNewsgroupsClustering",
  "mteb_version": "1.26.3",
  "scores": {
    "test": [
      {
        "v_measure": 0.527689,
        "v_measure_std": 0.014329,
        "v_measures": [
          0.52833,
          0.543689,
          0.511974,
          0.521978,
          0.52931,
          0.549002,
          0.528519,
          0.545372,
          0.503242,
          0.515473
        ],
        "main_score": 0.527689,
        "hf_subset": "default",
        "languages": [
          "eng-Latn"
        ]
      }
    ]
  },
  "evaluation_time": 10.11902642250061,
  "kg_co2_emissions": null
}