{
  "dataset_revision": "c22ab2a51041ffd869aaddef7af8d8215647e41a",
  "task_name": "ArguAna",
  "mteb_version": "1.26.3",
  "scores": {
    "test": [
      {
        "ndcg_at_1": 0.36415,
        "ndcg_at_3": 0.51817,
        "ndcg_at_5": 0.57259,
        "ndcg_at_10": 0.61662,
        "ndcg_at_20": 0.63329,
        "ndcg_at_100": 0.63924,
        "ndcg_at_1000": 0.63974,
        "map_at_1": 0.36415,
        "map_at_3": 0.47914,
        "map_at_5": 0.50947,
        "map_at_10": 0.52783,
        "map_at_20": 0.53266,
        "map_at_100": 0.53359,
        "map_at_1000": 0.53362,
        "recall_at_1": 0.36415,
        "recall_at_3": 0.63158,
        "recall_at_5": 0.76316,
        "recall_at_10": 0.89829,
        "recall_at_20": 0.9623,
        "recall_at_100": 0.99289,
        "recall_at_1000": 0.99644,
        "precision_at_1": 0.36415,
        "precision_at_3": 0.21053,
        "precision_at_5": 0.15263,
        "precision_at_10": 0.08983,
        "precision_at_20": 0.04812,
        "precision_at_100": 0.00993,
        "precision_at_1000": 0.001,
        "mrr_at_1": 0.366287,
        "mrr_at_3": 0.480085,
        "mrr_at_5": 0.510206,
        "mrr_at_10": 0.528571,
        "mrr_at_20": 0.533403,
        "mrr_at_100": 0.534331,
        "mrr_at_1000": 0.534357,
        "nauc_ndcg_at_1_max": -0.101601,
        "nauc_ndcg_at_1_std": -0.14088,
        "nauc_ndcg_at_1_diff1": 0.131659,
        "nauc_ndcg_at_3_max": -0.076112,
        "nauc_ndcg_at_3_std": -0.152676,
        "nauc_ndcg_at_3_diff1": 0.1143,
        "nauc_ndcg_at_5_max": -0.062573,
        "nauc_ndcg_at_5_std": -0.139808,
        "nauc_ndcg_at_5_diff1": 0.107183,
        "nauc_ndcg_at_10_max": -0.062043,
        "nauc_ndcg_at_10_std": -0.130651,
        "nauc_ndcg_at_10_diff1": 0.109191,
        "nauc_ndcg_at_20_max": -0.057753,
        "nauc_ndcg_at_20_std": -0.126527,
        "nauc_ndcg_at_20_diff1": 0.12089,
        "nauc_ndcg_at_100_max": -0.068071,
        "nauc_ndcg_at_100_std": -0.134946,
        "nauc_ndcg_at_100_diff1": 0.119749,
        "nauc_ndcg_at_1000_max": -0.069912,
        "nauc_ndcg_at_1000_std": -0.136275,
        "nauc_ndcg_at_1000_diff1": 0.118752,
        "nauc_map_at_1_max": -0.101601,
        "nauc_map_at_1_std": -0.14088,
        "nauc_map_at_1_diff1": 0.131659,
        "nauc_map_at_3_max": -0.083402,
        "nauc_map_at_3_std": -0.150875,
        "nauc_map_at_3_diff1": 0.118308,
        "nauc_map_at_5_max": -0.077104,
        "nauc_map_at_5_std": -0.14447,
        "nauc_map_at_5_diff1": 0.114447,
        "nauc_map_at_10_max": -0.077381,
        "nauc_map_at_10_std": -0.141961,
        "nauc_map_at_10_diff1": 0.115877,
        "nauc_map_at_20_max": -0.076041,
        "nauc_map_at_20_std": -0.140928,
        "nauc_map_at_20_diff1": 0.119194,
        "nauc_map_at_100_max": -0.077278,
        "nauc_map_at_100_std": -0.142059,
        "nauc_map_at_100_diff1": 0.119145,
        "nauc_map_at_1000_max": -0.077356,
        "nauc_map_at_1000_std": -0.142115,
        "nauc_map_at_1000_diff1": 0.119099,
        "nauc_recall_at_1_max": -0.101601,
        "nauc_recall_at_1_std": -0.14088,
        "nauc_recall_at_1_diff1": 0.131659,
        "nauc_recall_at_3_max": -0.052079,
        "nauc_recall_at_3_std": -0.157957,
        "nauc_recall_at_3_diff1": 0.101483,
        "nauc_recall_at_5_max": 0.003219,
        "nauc_recall_at_5_std": -0.115752,
        "nauc_recall_at_5_diff1": 0.075783,
        "nauc_recall_at_10_max": 0.075837,
        "nauc_recall_at_10_std": -0.011191,
        "nauc_recall_at_10_diff1": 0.051086,
        "nauc_recall_at_20_max": 0.378768,
        "nauc_recall_at_20_std": 0.276465,
        "nauc_recall_at_20_diff1": 0.207956,
        "nauc_recall_at_100_max": 0.47197,
        "nauc_recall_at_100_std": 0.625678,
        "nauc_recall_at_100_diff1": 0.328891,
        "nauc_recall_at_1000_max": 0.161496,
        "nauc_recall_at_1000_std": 0.772261,
        "nauc_recall_at_1000_diff1": 0.089969,
        "nauc_precision_at_1_max": -0.101601,
        "nauc_precision_at_1_std": -0.14088,
        "nauc_precision_at_1_diff1": 0.131659,
        "nauc_precision_at_3_max": -0.052079,
        "nauc_precision_at_3_std": -0.157957,
        "nauc_precision_at_3_diff1": 0.101483,
        "nauc_precision_at_5_max": 0.003219,
        "nauc_precision_at_5_std": -0.115752,
        "nauc_precision_at_5_diff1": 0.075783,
        "nauc_precision_at_10_max": 0.075837,
        "nauc_precision_at_10_std": -0.011191,
        "nauc_precision_at_10_diff1": 0.051086,
        "nauc_precision_at_20_max": 0.378768,
        "nauc_precision_at_20_std": 0.276465,
        "nauc_precision_at_20_diff1": 0.207956,
        "nauc_precision_at_100_max": 0.47197,
        "nauc_precision_at_100_std": 0.625678,
        "nauc_precision_at_100_diff1": 0.328891,
        "nauc_precision_at_1000_max": 0.161496,
        "nauc_precision_at_1000_std": 0.772261,
        "nauc_precision_at_1000_diff1": 0.089969,
        "nauc_mrr_at_1_max": -0.101723,
        "nauc_mrr_at_1_std": -0.142798,
        "nauc_mrr_at_1_diff1": 0.125546,
        "nauc_mrr_at_3_max": -0.084509,
        "nauc_mrr_at_3_std": -0.150796,
        "nauc_mrr_at_3_diff1": 0.11361,
        "nauc_mrr_at_5_max": -0.079095,
        "nauc_mrr_at_5_std": -0.145508,
        "nauc_mrr_at_5_diff1": 0.108911,
        "nauc_mrr_at_10_max": -0.079514,
        "nauc_mrr_at_10_std": -0.14303,
        "nauc_mrr_at_10_diff1": 0.10995,
        "nauc_mrr_at_20_max": -0.07821,
        "nauc_mrr_at_20_std": -0.142016,
        "nauc_mrr_at_20_diff1": 0.113168,
        "nauc_mrr_at_100_max": -0.079453,
        "nauc_mrr_at_100_std": -0.143149,
        "nauc_mrr_at_100_diff1": 0.113099,
        "nauc_mrr_at_1000_max": -0.079531,
        "nauc_mrr_at_1000_std": -0.143206,
        "nauc_mrr_at_1000_diff1": 0.113053,
        "main_score": 0.61662,
        "hf_subset": "default",
        "languages": [
          "eng-Latn"
        ]
      }
    ]
  },
  "evaluation_time": 29.249500036239624,
  "kg_co2_emissions": null
}