{
  "dataset_revision": "0fd18e25b25c072e09e0d92ab615fda904d66300",
  "task_name": "Banking77Classification",
  "mteb_version": "1.26.3",
  "scores": {
    "test": [
      {
        "accuracy": 0.846169,
        "f1": 0.84565,
        "f1_weighted": 0.84565,
        "scores_per_experiment": [
          {
            "accuracy": 0.854545,
            "f1": 0.854055,
            "f1_weighted": 0.854055
          },
          {
            "accuracy": 0.838312,
            "f1": 0.838197,
            "f1_weighted": 0.838197
          },
          {
            "accuracy": 0.860714,
            "f1": 0.860501,
            "f1_weighted": 0.860501
          },
          {
            "accuracy": 0.850974,
            "f1": 0.850918,
            "f1_weighted": 0.850918
          },
          {
            "accuracy": 0.844805,
            "f1": 0.843872,
            "f1_weighted": 0.843872
          },
          {
            "accuracy": 0.833117,
            "f1": 0.832374,
            "f1_weighted": 0.832374
          },
          {
            "accuracy": 0.841558,
            "f1": 0.841645,
            "f1_weighted": 0.841645
          },
          {
            "accuracy": 0.836039,
            "f1": 0.834305,
            "f1_weighted": 0.834305
          },
          {
            "accuracy": 0.851623,
            "f1": 0.851074,
            "f1_weighted": 0.851074
          },
          {
            "accuracy": 0.85,
            "f1": 0.849555,
            "f1_weighted": 0.849555
          }
        ],
        "main_score": 0.846169,
        "hf_subset": "default",
        "languages": [
          "eng-Latn"
        ]
      }
    ]
  },
  "evaluation_time": 14.57804560661316,
  "kg_co2_emissions": null
}