{
  "dataset_revision": "258694dd0231531bc1fd9de6ceb52a0853c6d908",
  "task_name": "BiorxivClusteringS2S",
  "mteb_version": "1.26.3",
  "scores": {
    "test": [
      {
        "v_measure": 0.356268,
        "v_measure_std": 0.012599,
        "v_measures": [
          0.371656,
          0.352871,
          0.353635,
          0.337505,
          0.337386,
          0.373022,
          0.350336,
          0.371529,
          0.351358,
          0.363385
        ],
        "main_score": 0.356268,
        "hf_subset": "default",
        "languages": [
          "eng-Latn"
        ]
      }
    ]
  },
  "evaluation_time": 28.605657815933228,
  "kg_co2_emissions": null
}