{
  "dataset_revision": "4f58c6b202a23cf9a4da393831edf4f9183cad37",
  "task_name": "EmotionClassification",
  "mteb_version": "1.26.3",
  "scores": {
    "validation": [
      {
        "accuracy": 0.4484,
        "f1": 0.412127,
        "f1_weighted": 0.468945,
        "scores_per_experiment": [
          {
            "accuracy": 0.4845,
            "f1": 0.44506,
            "f1_weighted": 0.506576
          },
          {
            "accuracy": 0.398,
            "f1": 0.373594,
            "f1_weighted": 0.431056
          },
          {
            "accuracy": 0.428,
            "f1": 0.396666,
            "f1_weighted": 0.448862
          },
          {
            "accuracy": 0.4325,
            "f1": 0.402684,
            "f1_weighted": 0.454324
          },
          {
            "accuracy": 0.4635,
            "f1": 0.425455,
            "f1_weighted": 0.484235
          },
          {
            "accuracy": 0.46,
            "f1": 0.421768,
            "f1_weighted": 0.477742
          },
          {
            "accuracy": 0.4985,
            "f1": 0.441598,
            "f1_weighted": 0.520577
          },
          {
            "accuracy": 0.4145,
            "f1": 0.385433,
            "f1_weighted": 0.420501
          },
          {
            "accuracy": 0.468,
            "f1": 0.431019,
            "f1_weighted": 0.487672
          },
          {
            "accuracy": 0.4365,
            "f1": 0.39799,
            "f1_weighted": 0.457905
          }
        ],
        "main_score": 0.4484,
        "hf_subset": "default",
        "languages": [
          "eng-Latn"
        ]
      }
    ],
    "test": [
      {
        "accuracy": 0.44385,
        "f1": 0.397989,
        "f1_weighted": 0.470646,
        "scores_per_experiment": [
          {
            "accuracy": 0.473,
            "f1": 0.422895,
            "f1_weighted": 0.505471
          },
          {
            "accuracy": 0.408,
            "f1": 0.377625,
            "f1_weighted": 0.442729
          },
          {
            "accuracy": 0.432,
            "f1": 0.394123,
            "f1_weighted": 0.458894
          },
          {
            "accuracy": 0.435,
            "f1": 0.392159,
            "f1_weighted": 0.465407
          },
          {
            "accuracy": 0.4665,
            "f1": 0.420116,
            "f1_weighted": 0.493028
          },
          {
            "accuracy": 0.4605,
            "f1": 0.404531,
            "f1_weighted": 0.481512
          },
          {
            "accuracy": 0.4655,
            "f1": 0.406715,
            "f1_weighted": 0.491837
          },
          {
            "accuracy": 0.408,
            "f1": 0.366738,
            "f1_weighted": 0.421557
          },
          {
            "accuracy": 0.448,
            "f1": 0.402167,
            "f1_weighted": 0.475448
          },
          {
            "accuracy": 0.442,
            "f1": 0.392822,
            "f1_weighted": 0.470582
          }
        ],
        "main_score": 0.44385,
        "hf_subset": "default",
        "languages": [
          "eng-Latn"
        ]
      }
    ]
  },
  "evaluation_time": 10.537529468536377,
  "kg_co2_emissions": null
}