{
  "dataset_revision": "4672e20407010da34463acc759c162ca9734bca6",
  "task_name": "MassiveIntentClassification",
  "mteb_version": "1.26.3",
  "scores": {
    "validation": [
      {
        "accuracy": 0.735809,
        "f1": 0.706811,
        "f1_weighted": 0.73296,
        "scores_per_experiment": [
          {
            "accuracy": 0.739793,
            "f1": 0.726042,
            "f1_weighted": 0.732529
          },
          {
            "accuracy": 0.740285,
            "f1": 0.706111,
            "f1_weighted": 0.739695
          },
          {
            "accuracy": 0.736842,
            "f1": 0.695491,
            "f1_weighted": 0.731037
          },
          {
            "accuracy": 0.737334,
            "f1": 0.701601,
            "f1_weighted": 0.732162
          },
          {
            "accuracy": 0.731431,
            "f1": 0.706095,
            "f1_weighted": 0.729955
          },
          {
            "accuracy": 0.740285,
            "f1": 0.713546,
            "f1_weighted": 0.739169
          },
          {
            "accuracy": 0.73635,
            "f1": 0.703527,
            "f1_weighted": 0.732842
          },
          {
            "accuracy": 0.725037,
            "f1": 0.707052,
            "f1_weighted": 0.718255
          },
          {
            "accuracy": 0.735858,
            "f1": 0.711653,
            "f1_weighted": 0.737621
          },
          {
            "accuracy": 0.734875,
            "f1": 0.696994,
            "f1_weighted": 0.736335
          }
        ],
        "main_score": 0.735809,
        "hf_subset": "en",
        "languages": [
          "eng-Latn"
        ]
      }
    ],
    "test": [
      {
        "accuracy": 0.710323,
        "f1": 0.682343,
        "f1_weighted": 0.71191,
        "scores_per_experiment": [
          {
            "accuracy": 0.705111,
            "f1": 0.675927,
            "f1_weighted": 0.70694
          },
          {
            "accuracy": 0.73302,
            "f1": 0.702268,
            "f1_weighted": 0.733572
          },
          {
            "accuracy": 0.698386,
            "f1": 0.668397,
            "f1_weighted": 0.698949
          },
          {
            "accuracy": 0.72495,
            "f1": 0.691932,
            "f1_weighted": 0.724156
          },
          {
            "accuracy": 0.695696,
            "f1": 0.679813,
            "f1_weighted": 0.69969
          },
          {
            "accuracy": 0.714526,
            "f1": 0.685174,
            "f1_weighted": 0.713492
          },
          {
            "accuracy": 0.709146,
            "f1": 0.687945,
            "f1_weighted": 0.709185
          },
          {
            "accuracy": 0.701748,
            "f1": 0.669157,
            "f1_weighted": 0.702686
          },
          {
            "accuracy": 0.708137,
            "f1": 0.679138,
            "f1_weighted": 0.714367
          },
          {
            "accuracy": 0.712508,
            "f1": 0.683678,
            "f1_weighted": 0.716065
          }
        ],
        "main_score": 0.710323,
        "hf_subset": "en",
        "languages": [
          "eng-Latn"
        ]
      }
    ]
  },
  "evaluation_time": 11.378818273544312,
  "kg_co2_emissions": null
}