{
  "dataset_revision": "35191c8c0dca72d8ff3efcd72aa802307d469663",
  "task_name": "MedrxivClusteringS2S",
  "mteb_version": "1.26.3",
  "scores": {
    "test": [
      {
        "v_measure": 0.307785,
        "v_measure_std": 0.016904,
        "v_measures": [
          0.282784,
          0.29405,
          0.292831,
          0.295383,
          0.296944,
          0.338763,
          0.321717,
          0.323498,
          0.318692,
          0.313186
        ],
        "main_score": 0.307785,
        "hf_subset": "default",
        "languages": [
          "eng-Latn"
        ]
      }
    ]
  },
  "evaluation_time": 16.93972873687744,
  "kg_co2_emissions": null
}