{
  "dataset_revision": "ec0fa4fe99da2ff19ca1214b7966684033a58814",
  "task_name": "NFCorpus",
  "mteb_version": "1.26.3",
  "scores": {
    "test": [
      {
        "ndcg_at_1": 0.46904,
        "ndcg_at_3": 0.41553,
        "ndcg_at_5": 0.38831,
        "ndcg_at_10": 0.35544,
        "ndcg_at_20": 0.33266,
        "ndcg_at_100": 0.32752,
        "ndcg_at_1000": 0.41263,
        "map_at_1": 0.05943,
        "map_at_3": 0.09771,
        "map_at_5": 0.11192,
        "map_at_10": 0.13062,
        "map_at_20": 0.1453,
        "map_at_100": 0.16549,
        "map_at_1000": 0.17944,
        "recall_at_1": 0.05943,
        "recall_at_3": 0.10812,
        "recall_at_5": 0.13314,
        "recall_at_10": 0.16663,
        "recall_at_20": 0.21522,
        "recall_at_100": 0.33445,
        "recall_at_1000": 0.64027,
        "precision_at_1": 0.48916,
        "precision_at_3": 0.39009,
        "precision_at_5": 0.33375,
        "precision_at_10": 0.26161,
        "precision_at_20": 0.1935,
        "precision_at_100": 0.08173,
        "precision_at_1000": 0.02087,
        "mrr_at_1": 0.489164,
        "mrr_at_3": 0.5516,
        "mrr_at_5": 0.563055,
        "mrr_at_10": 0.570386,
        "mrr_at_20": 0.576288,
        "mrr_at_100": 0.577953,
        "mrr_at_1000": 0.578181,
        "nauc_ndcg_at_1_max": 0.418364,
        "nauc_ndcg_at_1_std": 0.199671,
        "nauc_ndcg_at_1_diff1": 0.310348,
        "nauc_ndcg_at_3_max": 0.445096,
        "nauc_ndcg_at_3_std": 0.225715,
        "nauc_ndcg_at_3_diff1": 0.20083,
        "nauc_ndcg_at_5_max": 0.434462,
        "nauc_ndcg_at_5_std": 0.228404,
        "nauc_ndcg_at_5_diff1": 0.188472,
        "nauc_ndcg_at_10_max": 0.433743,
        "nauc_ndcg_at_10_std": 0.240941,
        "nauc_ndcg_at_10_diff1": 0.191603,
        "nauc_ndcg_at_20_max": 0.415452,
        "nauc_ndcg_at_20_std": 0.220481,
        "nauc_ndcg_at_20_diff1": 0.206266,
        "nauc_ndcg_at_100_max": 0.442326,
        "nauc_ndcg_at_100_std": 0.263309,
        "nauc_ndcg_at_100_diff1": 0.229042,
        "nauc_ndcg_at_1000_max": 0.502062,
        "nauc_ndcg_at_1000_std": 0.349349,
        "nauc_ndcg_at_1000_diff1": 0.245634,
        "nauc_map_at_1_max": 0.206572,
        "nauc_map_at_1_std": -0.157267,
        "nauc_map_at_1_diff1": 0.45012,
        "nauc_map_at_3_max": 0.213303,
        "nauc_map_at_3_std": -0.101169,
        "nauc_map_at_3_diff1": 0.339523,
        "nauc_map_at_5_max": 0.241361,
        "nauc_map_at_5_std": -0.064498,
        "nauc_map_at_5_diff1": 0.313426,
        "nauc_map_at_10_max": 0.279726,
        "nauc_map_at_10_std": -0.002655,
        "nauc_map_at_10_diff1": 0.290984,
        "nauc_map_at_20_max": 0.303055,
        "nauc_map_at_20_std": 0.038919,
        "nauc_map_at_20_diff1": 0.279996,
        "nauc_map_at_100_max": 0.335968,
        "nauc_map_at_100_std": 0.105386,
        "nauc_map_at_100_diff1": 0.266534,
        "nauc_map_at_1000_max": 0.348203,
        "nauc_map_at_1000_std": 0.136054,
        "nauc_map_at_1000_diff1": 0.255837,
        "nauc_recall_at_1_max": 0.206572,
        "nauc_recall_at_1_std": -0.157267,
        "nauc_recall_at_1_diff1": 0.45012,
        "nauc_recall_at_3_max": 0.19155,
        "nauc_recall_at_3_std": -0.089625,
        "nauc_recall_at_3_diff1": 0.30012,
        "nauc_recall_at_5_max": 0.190969,
        "nauc_recall_at_5_std": -0.072033,
        "nauc_recall_at_5_diff1": 0.254697,
        "nauc_recall_at_10_max": 0.234659,
        "nauc_recall_at_10_std": -0.007562,
        "nauc_recall_at_10_diff1": 0.24288,
        "nauc_recall_at_20_max": 0.225242,
        "nauc_recall_at_20_std": 0.028065,
        "nauc_recall_at_20_diff1": 0.200083,
        "nauc_recall_at_100_max": 0.238336,
        "nauc_recall_at_100_std": 0.150962,
        "nauc_recall_at_100_diff1": 0.139495,
        "nauc_recall_at_1000_max": 0.270274,
        "nauc_recall_at_1000_std": 0.268487,
        "nauc_recall_at_1000_diff1": 0.1185,
        "nauc_precision_at_1_max": 0.441641,
        "nauc_precision_at_1_std": 0.217586,
        "nauc_precision_at_1_diff1": 0.301318,
        "nauc_precision_at_3_max": 0.430574,
        "nauc_precision_at_3_std": 0.276208,
        "nauc_precision_at_3_diff1": 0.098067,
        "nauc_precision_at_5_max": 0.416947,
        "nauc_precision_at_5_std": 0.313951,
        "nauc_precision_at_5_diff1": 0.056703,
        "nauc_precision_at_10_max": 0.397127,
        "nauc_precision_at_10_std": 0.368145,
        "nauc_precision_at_10_diff1": 0.006723,
        "nauc_precision_at_20_max": 0.339452,
        "nauc_precision_at_20_std": 0.363303,
        "nauc_precision_at_20_diff1": -0.010509,
        "nauc_precision_at_100_max": 0.238101,
        "nauc_precision_at_100_std": 0.371858,
        "nauc_precision_at_100_diff1": -0.087167,
        "nauc_precision_at_1000_max": 0.096765,
        "nauc_precision_at_1000_std": 0.23038,
        "nauc_precision_at_1000_diff1": -0.149377,
        "nauc_mrr_at_1_max": 0.441641,
        "nauc_mrr_at_1_std": 0.217586,
        "nauc_mrr_at_1_diff1": 0.301318,
        "nauc_mrr_at_3_max": 0.480955,
        "nauc_mrr_at_3_std": 0.26067,
        "nauc_mrr_at_3_diff1": 0.280013,
        "nauc_mrr_at_5_max": 0.480581,
        "nauc_mrr_at_5_std": 0.268924,
        "nauc_mrr_at_5_diff1": 0.272067,
        "nauc_mrr_at_10_max": 0.485599,
        "nauc_mrr_at_10_std": 0.271933,
        "nauc_mrr_at_10_diff1": 0.277411,
        "nauc_mrr_at_20_max": 0.488453,
        "nauc_mrr_at_20_std": 0.27523,
        "nauc_mrr_at_20_diff1": 0.279012,
        "nauc_mrr_at_100_max": 0.488537,
        "nauc_mrr_at_100_std": 0.276624,
        "nauc_mrr_at_100_diff1": 0.278172,
        "nauc_mrr_at_1000_max": 0.48844,
        "nauc_mrr_at_1000_std": 0.276403,
        "nauc_mrr_at_1000_diff1": 0.278325,
        "main_score": 0.35544,
        "hf_subset": "default",
        "languages": [
          "eng-Latn"
        ]
      }
    ]
  },
  "evaluation_time": 20.02986979484558,
  "kg_co2_emissions": null
}