{
  "dataset_revision": "d3c5e1fc0b855ab6097bf1cda04dd73947d7caab",
  "task_name": "SciDocsRR",
  "mteb_version": "1.26.3",
  "scores": {
    "test": [
      {
        "map": 0.839498,
        "mrr": 0.954595,
        "nAUC_map_max": 0.561592,
        "nAUC_map_std": 0.717808,
        "nAUC_map_diff1": 0.011144,
        "nAUC_mrr_max": 0.875789,
        "nAUC_mrr_std": 0.843149,
        "nAUC_mrr_diff1": 0.449769,
        "main_score": 0.839498,
        "hf_subset": "default",
        "languages": [
          "eng-Latn"
        ]
      }
    ]
  },
  "evaluation_time": 34.906877279281616,
  "kg_co2_emissions": null
}