{
  "dataset_revision": "0228b52cf27578f30900b9e5271d331663a030d7",
  "task_name": "SciFact",
  "mteb_version": "1.26.3",
  "scores": {
    "train": [
      {
        "ndcg_at_1": 0.63164,
        "ndcg_at_3": 0.70334,
        "ndcg_at_5": 0.72308,
        "ndcg_at_10": 0.73682,
        "ndcg_at_20": 0.74958,
        "ndcg_at_100": 0.7645,
        "ndcg_at_1000": 0.76901,
        "map_at_1": 0.60336,
        "map_at_3": 0.67678,
        "map_at_5": 0.69163,
        "map_at_10": 0.69904,
        "map_at_20": 0.70305,
        "map_at_100": 0.70544,
        "map_at_1000": 0.70564,
        "recall_at_1": 0.60336,
        "recall_at_3": 0.75472,
        "recall_at_5": 0.79936,
        "recall_at_10": 0.83721,
        "recall_at_20": 0.88504,
        "recall_at_100": 0.96127,
        "recall_at_1000": 0.99506,
        "precision_at_1": 0.63164,
        "precision_at_3": 0.27482,
        "precision_at_5": 0.17923,
        "precision_at_10": 0.0953,
        "precision_at_20": 0.05049,
        "precision_at_100": 0.01094,
        "precision_at_1000": 0.00113,
        "mrr_at_1": 0.631644,
        "mrr_at_3": 0.697569,
        "mrr_at_5": 0.70548,
        "mrr_at_10": 0.709246,
        "mrr_at_20": 0.712466,
        "mrr_at_100": 0.714596,
        "mrr_at_1000": 0.714775,
        "nauc_ndcg_at_1_max": 0.514737,
        "nauc_ndcg_at_1_std": 0.009481,
        "nauc_ndcg_at_1_diff1": 0.752291,
        "nauc_ndcg_at_3_max": 0.49942,
        "nauc_ndcg_at_3_std": 0.029852,
        "nauc_ndcg_at_3_diff1": 0.685294,
        "nauc_ndcg_at_5_max": 0.524743,
        "nauc_ndcg_at_5_std": 0.053484,
        "nauc_ndcg_at_5_diff1": 0.676429,
        "nauc_ndcg_at_10_max": 0.530063,
        "nauc_ndcg_at_10_std": 0.061461,
        "nauc_ndcg_at_10_diff1": 0.674454,
        "nauc_ndcg_at_20_max": 0.528438,
        "nauc_ndcg_at_20_std": 0.056225,
        "nauc_ndcg_at_20_diff1": 0.679384,
        "nauc_ndcg_at_100_max": 0.532946,
        "nauc_ndcg_at_100_std": 0.069155,
        "nauc_ndcg_at_100_diff1": 0.692345,
        "nauc_ndcg_at_1000_max": 0.529274,
        "nauc_ndcg_at_1000_std": 0.060589,
        "nauc_ndcg_at_1000_diff1": 0.692023,
        "nauc_map_at_1_max": 0.451074,
        "nauc_map_at_1_std": -0.048034,
        "nauc_map_at_1_diff1": 0.750343,
        "nauc_map_at_3_max": 0.481999,
        "nauc_map_at_3_std": -0.002894,
        "nauc_map_at_3_diff1": 0.700597,
        "nauc_map_at_5_max": 0.507977,
        "nauc_map_at_5_std": 0.020646,
        "nauc_map_at_5_diff1": 0.694958,
        "nauc_map_at_10_max": 0.512988,
        "nauc_map_at_10_std": 0.02889,
        "nauc_map_at_10_diff1": 0.694164,
        "nauc_map_at_20_max": 0.513179,
        "nauc_map_at_20_std": 0.028656,
        "nauc_map_at_20_diff1": 0.695839,
        "nauc_map_at_100_max": 0.51378,
        "nauc_map_at_100_std": 0.030671,
        "nauc_map_at_100_diff1": 0.697763,
        "nauc_map_at_1000_max": 0.513638,
        "nauc_map_at_1000_std": 0.030372,
        "nauc_map_at_1000_diff1": 0.697751,
        "nauc_recall_at_1_max": 0.451074,
        "nauc_recall_at_1_std": -0.048034,
        "nauc_recall_at_1_diff1": 0.750343,
        "nauc_recall_at_3_max": 0.481343,
        "nauc_recall_at_3_std": 0.04929,
        "nauc_recall_at_3_diff1": 0.62881,
        "nauc_recall_at_5_max": 0.539361,
        "nauc_recall_at_5_std": 0.106444,
        "nauc_recall_at_5_diff1": 0.591488,
        "nauc_recall_at_10_max": 0.554277,
        "nauc_recall_at_10_std": 0.132032,
        "nauc_recall_at_10_diff1": 0.568667,
        "nauc_recall_at_20_max": 0.549457,
        "nauc_recall_at_20_std": 0.110547,
        "nauc_recall_at_20_diff1": 0.567955,
        "nauc_recall_at_100_max": 0.705841,
        "nauc_recall_at_100_std": 0.507236,
        "nauc_recall_at_100_diff1": 0.700928,
        "nauc_recall_at_1000_max": 0.795711,
        "nauc_recall_at_1000_std": 0.828395,
        "nauc_recall_at_1000_diff1": 0.70052,
        "nauc_precision_at_1_max": 0.514737,
        "nauc_precision_at_1_std": 0.009481,
        "nauc_precision_at_1_diff1": 0.752291,
        "nauc_precision_at_3_max": 0.496306,
        "nauc_precision_at_3_std": 0.21631,
        "nauc_precision_at_3_diff1": 0.38138,
        "nauc_precision_at_5_max": 0.464898,
        "nauc_precision_at_5_std": 0.302196,
        "nauc_precision_at_5_diff1": 0.202919,
        "nauc_precision_at_10_max": 0.388225,
        "nauc_precision_at_10_std": 0.328717,
        "nauc_precision_at_10_diff1": 0.092342,
        "nauc_precision_at_20_max": 0.328614,
        "nauc_precision_at_20_std": 0.33591,
        "nauc_precision_at_20_diff1": 0.008426,
        "nauc_precision_at_100_max": 0.2581,
        "nauc_precision_at_100_std": 0.448148,
        "nauc_precision_at_100_diff1": -0.145541,
        "nauc_precision_at_1000_max": 0.173054,
        "nauc_precision_at_1000_std": 0.421064,
        "nauc_precision_at_1000_diff1": -0.270928,
        "nauc_mrr_at_1_max": 0.514737,
        "nauc_mrr_at_1_std": 0.009481,
        "nauc_mrr_at_1_diff1": 0.752291,
        "nauc_mrr_at_3_max": 0.531865,
        "nauc_mrr_at_3_std": 0.063482,
        "nauc_mrr_at_3_diff1": 0.705631,
        "nauc_mrr_at_5_max": 0.534938,
        "nauc_mrr_at_5_std": 0.064339,
        "nauc_mrr_at_5_diff1": 0.701826,
        "nauc_mrr_at_10_max": 0.533186,
        "nauc_mrr_at_10_std": 0.060016,
        "nauc_mrr_at_10_diff1": 0.701539,
        "nauc_mrr_at_20_max": 0.532378,
        "nauc_mrr_at_20_std": 0.057213,
        "nauc_mrr_at_20_diff1": 0.703329,
        "nauc_mrr_at_100_max": 0.532876,
        "nauc_mrr_at_100_std": 0.058618,
        "nauc_mrr_at_100_diff1": 0.705184,
        "nauc_mrr_at_1000_max": 0.532789,
        "nauc_mrr_at_1000_std": 0.058394,
        "nauc_mrr_at_1000_diff1": 0.705204,
        "main_score": 0.73682,
        "hf_subset": "default",
        "languages": [
          "eng-Latn"
        ]
      }
    ],
    "test": [
      {
        "ndcg_at_1": 0.64,
        "ndcg_at_3": 0.70909,
        "ndcg_at_5": 0.73186,
        "ndcg_at_10": 0.75442,
        "ndcg_at_20": 0.76527,
        "ndcg_at_100": 0.77609,
        "ndcg_at_1000": 0.77949,
        "map_at_1": 0.61178,
        "map_at_3": 0.68375,
        "map_at_5": 0.69968,
        "map_at_10": 0.71042,
        "map_at_20": 0.7141,
        "map_at_100": 0.71593,
        "map_at_1000": 0.71605,
        "recall_at_1": 0.61178,
        "recall_at_3": 0.75617,
        "recall_at_5": 0.8125,
        "recall_at_10": 0.87889,
        "recall_at_20": 0.91867,
        "recall_at_100": 0.97333,
        "recall_at_1000": 1.0,
        "precision_at_1": 0.64,
        "precision_at_3": 0.27444,
        "precision_at_5": 0.18067,
        "precision_at_10": 0.09833,
        "precision_at_20": 0.052,
        "precision_at_100": 0.01103,
        "precision_at_1000": 0.00113,
        "mrr_at_1": 0.64,
        "mrr_at_3": 0.701111,
        "mrr_at_5": 0.712611,
        "mrr_at_10": 0.720599,
        "mrr_at_20": 0.722837,
        "mrr_at_100": 0.724421,
        "mrr_at_1000": 0.724548,
        "nauc_ndcg_at_1_max": 0.656666,
        "nauc_ndcg_at_1_std": 0.126831,
        "nauc_ndcg_at_1_diff1": 0.745066,
        "nauc_ndcg_at_3_max": 0.607476,
        "nauc_ndcg_at_3_std": 0.104272,
        "nauc_ndcg_at_3_diff1": 0.675963,
        "nauc_ndcg_at_5_max": 0.636073,
        "nauc_ndcg_at_5_std": 0.132244,
        "nauc_ndcg_at_5_diff1": 0.672028,
        "nauc_ndcg_at_10_max": 0.648939,
        "nauc_ndcg_at_10_std": 0.148976,
        "nauc_ndcg_at_10_diff1": 0.667094,
        "nauc_ndcg_at_20_max": 0.647721,
        "nauc_ndcg_at_20_std": 0.158473,
        "nauc_ndcg_at_20_diff1": 0.665865,
        "nauc_ndcg_at_100_max": 0.650682,
        "nauc_ndcg_at_100_std": 0.161688,
        "nauc_ndcg_at_100_diff1": 0.680493,
        "nauc_ndcg_at_1000_max": 0.645969,
        "nauc_ndcg_at_1000_std": 0.151,
        "nauc_ndcg_at_1000_diff1": 0.681933,
        "nauc_map_at_1_max": 0.613872,
        "nauc_map_at_1_std": 0.080064,
        "nauc_map_at_1_diff1": 0.755944,
        "nauc_map_at_3_max": 0.601871,
        "nauc_map_at_3_std": 0.081981,
        "nauc_map_at_3_diff1": 0.7013,
        "nauc_map_at_5_max": 0.62476,
        "nauc_map_at_5_std": 0.107481,
        "nauc_map_at_5_diff1": 0.694103,
        "nauc_map_at_10_max": 0.635301,
        "nauc_map_at_10_std": 0.121991,
        "nauc_map_at_10_diff1": 0.691033,
        "nauc_map_at_20_max": 0.635573,
        "nauc_map_at_20_std": 0.125924,
        "nauc_map_at_20_diff1": 0.690122,
        "nauc_map_at_100_max": 0.635755,
        "nauc_map_at_100_std": 0.126807,
        "nauc_map_at_100_diff1": 0.692431,
        "nauc_map_at_1000_max": 0.635611,
        "nauc_map_at_1000_std": 0.126519,
        "nauc_map_at_1000_diff1": 0.692513,
        "nauc_recall_at_1_max": 0.613872,
        "nauc_recall_at_1_std": 0.080064,
        "nauc_recall_at_1_diff1": 0.755944,
        "nauc_recall_at_3_max": 0.557767,
        "nauc_recall_at_3_std": 0.075678,
        "nauc_recall_at_3_diff1": 0.618375,
        "nauc_recall_at_5_max": 0.63469,
        "nauc_recall_at_5_std": 0.159979,
        "nauc_recall_at_5_diff1": 0.585946,
        "nauc_recall_at_10_max": 0.687505,
        "nauc_recall_at_10_std": 0.224485,
        "nauc_recall_at_10_diff1": 0.534494,
        "nauc_recall_at_20_max": 0.697655,
        "nauc_recall_at_20_std": 0.33809,
        "nauc_recall_at_20_diff1": 0.482845,
        "nauc_recall_at_100_max": 0.91159,
        "nauc_recall_at_100_std": 0.769841,
        "nauc_recall_at_100_diff1": 0.615488,
        "nauc_recall_at_1000_max": NaN,
        "nauc_recall_at_1000_std": NaN,
        "nauc_recall_at_1000_diff1": NaN,
        "nauc_precision_at_1_max": 0.656666,
        "nauc_precision_at_1_std": 0.126831,
        "nauc_precision_at_1_diff1": 0.745066,
        "nauc_precision_at_3_max": 0.447738,
        "nauc_precision_at_3_std": 0.179946,
        "nauc_precision_at_3_diff1": 0.340212,
        "nauc_precision_at_5_max": 0.427694,
        "nauc_precision_at_5_std": 0.296824,
        "nauc_precision_at_5_diff1": 0.161235,
        "nauc_precision_at_10_max": 0.363728,
        "nauc_precision_at_10_std": 0.361203,
        "nauc_precision_at_10_diff1": -0.007731,
        "nauc_precision_at_20_max": 0.249822,
        "nauc_precision_at_20_std": 0.379583,
        "nauc_precision_at_20_diff1": -0.131571,
        "nauc_precision_at_100_max": 0.126445,
        "nauc_precision_at_100_std": 0.396396,
        "nauc_precision_at_100_diff1": -0.249838,
        "nauc_precision_at_1000_max": 0.033883,
        "nauc_precision_at_1000_std": 0.35237,
        "nauc_precision_at_1000_diff1": -0.351854,
        "nauc_mrr_at_1_max": 0.656666,
        "nauc_mrr_at_1_std": 0.126831,
        "nauc_mrr_at_1_diff1": 0.745066,
        "nauc_mrr_at_3_max": 0.641355,
        "nauc_mrr_at_3_std": 0.140286,
        "nauc_mrr_at_3_diff1": 0.689492,
        "nauc_mrr_at_5_max": 0.650515,
        "nauc_mrr_at_5_std": 0.150955,
        "nauc_mrr_at_5_diff1": 0.687892,
        "nauc_mrr_at_10_max": 0.649405,
        "nauc_mrr_at_10_std": 0.148996,
        "nauc_mrr_at_10_diff1": 0.688447,
        "nauc_mrr_at_20_max": 0.648624,
        "nauc_mrr_at_20_std": 0.14955,
        "nauc_mrr_at_20_diff1": 0.688541,
        "nauc_mrr_at_100_max": 0.649443,
        "nauc_mrr_at_100_std": 0.15026,
        "nauc_mrr_at_100_diff1": 0.690729,
        "nauc_mrr_at_1000_max": 0.649304,
        "nauc_mrr_at_1000_std": 0.149978,
        "nauc_mrr_at_1000_diff1": 0.690812,
        "main_score": 0.75442,
        "hf_subset": "default",
        "languages": [
          "eng-Latn"
        ]
      }
    ]
  },
  "evaluation_time": 50.828221797943115,
  "kg_co2_emissions": null
}