{
  "dataset_revision": "20a6d6f312dd54037fe07a32d58e5e168867909d",
  "task_name": "SICK-R",
  "mteb_version": "1.26.3",
  "scores": {
    "test": [
      {
        "pearson": 0.797381,
        "spearman": 0.75226,
        "cosine_pearson": 0.797381,
        "cosine_spearman": 0.75226,
        "manhattan_pearson": 0.765633,
        "manhattan_spearman": 0.751724,
        "euclidean_pearson": 0.76655,
        "euclidean_spearman": 0.751922,
        "main_score": 0.75226,
        "hf_subset": "default",
        "languages": [
          "eng-Latn"
        ]
      }
    ]
  },
  "evaluation_time": 4.016936302185059,
  "kg_co2_emissions": null
}