{
  "dataset_revision": "d66bd1f72af766a5cc4b0ca5e00c162f89e8cc46",
  "task_name": "SprintDuplicateQuestions",
  "mteb_version": "1.26.3",
  "scores": {
    "validation": [
      {
        "similarity_accuracy": 0.997218,
        "similarity_accuracy_threshold": 0.710007,
        "similarity_f1": 0.857719,
        "similarity_f1_threshold": 0.70173,
        "similarity_precision": 0.86558,
        "similarity_recall": 0.85,
        "similarity_ap": 0.925743,
        "cosine_accuracy": 0.997218,
        "cosine_accuracy_threshold": 0.710007,
        "cosine_f1": 0.857719,
        "cosine_f1_threshold": 0.70173,
        "cosine_precision": 0.86558,
        "cosine_recall": 0.85,
        "cosine_ap": 0.925743,
        "manhattan_accuracy": 0.997228,
        "manhattan_accuracy_threshold": 363.416504,
        "manhattan_f1": 0.86,
        "manhattan_f1_threshold": 370.731689,
        "manhattan_precision": 0.86,
        "manhattan_recall": 0.86,
        "manhattan_ap": 0.926875,
        "euclidean_accuracy": 0.997248,
        "euclidean_accuracy_threshold": 16.539225,
        "euclidean_f1": 0.857576,
        "euclidean_f1_threshold": 16.822548,
        "euclidean_precision": 0.866327,
        "euclidean_recall": 0.849,
        "euclidean_ap": 0.926858,
        "dot_accuracy": 0.997178,
        "dot_accuracy_threshold": 344.041016,
        "dot_f1": 0.854197,
        "dot_f1_threshold": 329.477112,
        "dot_precision": 0.838959,
        "dot_recall": 0.87,
        "dot_ap": 0.921117,
        "max_accuracy": 0.997248,
        "max_f1": 0.86,
        "max_precision": 0.866327,
        "max_recall": 0.87,
        "max_ap": 0.926875,
        "main_score": 0.926875,
        "hf_subset": "default",
        "languages": [
          "eng-Latn"
        ]
      }
    ],
    "test": [
      {
        "similarity_accuracy": 0.996743,
        "similarity_accuracy_threshold": 0.711447,
        "similarity_f1": 0.836562,
        "similarity_f1_threshold": 0.710603,
        "similarity_precision": 0.831194,
        "similarity_recall": 0.842,
        "similarity_ap": 0.903641,
        "cosine_accuracy": 0.996743,
        "cosine_accuracy_threshold": 0.711447,
        "cosine_f1": 0.836562,
        "cosine_f1_threshold": 0.710603,
        "cosine_precision": 0.831194,
        "cosine_recall": 0.842,
        "cosine_ap": 0.903641,
        "manhattan_accuracy": 0.996733,
        "manhattan_accuracy_threshold": 362.860962,
        "manhattan_f1": 0.836634,
        "manhattan_f1_threshold": 362.860962,
        "manhattan_precision": 0.828431,
        "manhattan_recall": 0.845,
        "manhattan_ap": 0.905495,
        "euclidean_accuracy": 0.996703,
        "euclidean_accuracy_threshold": 16.483204,
        "euclidean_f1": 0.832747,
        "euclidean_f1_threshold": 16.483204,
        "euclidean_precision": 0.836529,
        "euclidean_recall": 0.829,
        "euclidean_ap": 0.904452,
        "dot_accuracy": 0.996703,
        "dot_accuracy_threshold": 340.897217,
        "dot_f1": 0.832438,
        "dot_f1_threshold": 336.3125,
        "dot_precision": 0.813754,
        "dot_recall": 0.852,
        "dot_ap": 0.899503,
        "max_accuracy": 0.996743,
        "max_f1": 0.836634,
        "max_precision": 0.836529,
        "max_recall": 0.852,
        "max_ap": 0.905495,
        "main_score": 0.905495,
        "hf_subset": "default",
        "languages": [
          "eng-Latn"
        ]
      }
    ]
  },
  "evaluation_time": 56.094233751297,
  "kg_co2_emissions": null
}