{
  "dataset_revision": "e185fbe320c72810689fc5848eb6114e1ef5ec69",
  "task_name": "StackOverflowDupQuestions",
  "mteb_version": "1.26.3",
  "scores": {
    "test": [
      {
        "map": 0.472815,
        "mrr": 0.478909,
        "nAUC_map_max": 0.12031,
        "nAUC_map_std": 0.086684,
        "nAUC_map_diff1": 0.317423,
        "nAUC_mrr_max": 0.124268,
        "nAUC_mrr_std": 0.087008,
        "nAUC_mrr_diff1": 0.314881,
        "main_score": 0.472815,
        "hf_subset": "default",
        "languages": [
          "eng-Latn"
        ]
      }
    ]
  },
  "evaluation_time": 22.30901575088501,
  "kg_co2_emissions": null
}