{
  "dataset_revision": "4d8694f8f0e0100860b497b999b3dbed754a0513",
  "task_name": "STS16",
  "mteb_version": "1.26.3",
  "scores": {
    "test": [
      {
        "pearson": 0.777455,
        "spearman": 0.781319,
        "cosine_pearson": 0.777455,
        "cosine_spearman": 0.781319,
        "manhattan_pearson": 0.772129,
        "manhattan_spearman": 0.785494,
        "euclidean_pearson": 0.771897,
        "euclidean_spearman": 0.784875,
        "main_score": 0.781319,
        "hf_subset": "default",
        "languages": [
          "eng-Latn"
        ]
      }
    ]
  },
  "evaluation_time": 0.6986854076385498,
  "kg_co2_emissions": null
}