{
  "dataset_revision": "b0fddb56ed78048fa8b90373c8a3cfc37b684831",
  "task_name": "STSBenchmark",
  "mteb_version": "1.26.3",
  "scores": {
    "test": [
      {
        "pearson": 0.811181,
        "spearman": 0.797114,
        "cosine_pearson": 0.811181,
        "cosine_spearman": 0.797114,
        "manhattan_pearson": 0.799462,
        "manhattan_spearman": 0.798388,
        "euclidean_pearson": 0.799773,
        "euclidean_spearman": 0.798521,
        "main_score": 0.797114,
        "hf_subset": "default",
        "languages": [
          "eng-Latn"
        ]
      }
    ]
  },
  "evaluation_time": 0.6896564960479736,
  "kg_co2_emissions": null
}