{
  "dataset_revision": "6125ec4e24fa026cec8a478383ee943acfbd5449",
  "task_name": "TwentyNewsgroupsClustering",
  "mteb_version": "1.26.3",
  "scores": {
    "test": [
      {
        "v_measure": 0.265138,
        "v_measure_std": 0.038217,
        "v_measures": [
          0.336044,
          0.30924,
          0.196907,
          0.265898,
          0.234377,
          0.259889,
          0.262937,
          0.231074,
          0.293814,
          0.261196
        ],
        "main_score": 0.265138,
        "hf_subset": "default",
        "languages": [
          "eng-Latn"
        ]
      }
    ]
  },
  "evaluation_time": 13.143331050872803,
  "kg_co2_emissions": null
}