{
  "dataset_revision": "c22ab2a51041ffd869aaddef7af8d8215647e41a",
  "task_name": "ArguAna",
  "mteb_version": "1.26.3",
  "scores": {
    "test": [
      {
        "ndcg_at_1": 0.36486,
        "ndcg_at_3": 0.529,
        "ndcg_at_5": 0.57813,
        "ndcg_at_10": 0.62139,
        "ndcg_at_20": 0.63991,
        "ndcg_at_100": 0.64491,
        "ndcg_at_1000": 0.64543,
        "map_at_1": 0.36486,
        "map_at_3": 0.48886,
        "map_at_5": 0.51624,
        "map_at_10": 0.53437,
        "map_at_20": 0.53964,
        "map_at_100": 0.54048,
        "map_at_1000": 0.54051,
        "recall_at_1": 0.36486,
        "recall_at_3": 0.64509,
        "recall_at_5": 0.76387,
        "recall_at_10": 0.89616,
        "recall_at_20": 0.96799,
        "recall_at_100": 0.99289,
        "recall_at_1000": 0.99644,
        "precision_at_1": 0.36486,
        "precision_at_3": 0.21503,
        "precision_at_5": 0.15277,
        "precision_at_10": 0.08962,
        "precision_at_20": 0.0484,
        "precision_at_100": 0.00993,
        "precision_at_1000": 0.001,
        "mrr_at_1": 0.364865,
        "mrr_at_3": 0.488857,
        "mrr_at_5": 0.51624,
        "mrr_at_10": 0.534369,
        "mrr_at_20": 0.539642,
        "mrr_at_100": 0.54048,
        "mrr_at_1000": 0.540511,
        "nauc_ndcg_at_1_max": -0.091305,
        "nauc_ndcg_at_1_std": -0.142096,
        "nauc_ndcg_at_1_diff1": 0.168701,
        "nauc_ndcg_at_3_max": -0.091309,
        "nauc_ndcg_at_3_std": -0.156447,
        "nauc_ndcg_at_3_diff1": 0.129015,
        "nauc_ndcg_at_5_max": -0.070248,
        "nauc_ndcg_at_5_std": -0.149062,
        "nauc_ndcg_at_5_diff1": 0.132031,
        "nauc_ndcg_at_10_max": -0.065549,
        "nauc_ndcg_at_10_std": -0.140835,
        "nauc_ndcg_at_10_diff1": 0.123008,
        "nauc_ndcg_at_20_max": -0.069552,
        "nauc_ndcg_at_20_std": -0.143053,
        "nauc_ndcg_at_20_diff1": 0.135473,
        "nauc_ndcg_at_100_max": -0.074566,
        "nauc_ndcg_at_100_std": -0.142952,
        "nauc_ndcg_at_100_diff1": 0.136383,
        "nauc_ndcg_at_1000_max": -0.07651,
        "nauc_ndcg_at_1000_std": -0.144497,
        "nauc_ndcg_at_1000_diff1": 0.135848,
        "nauc_map_at_1_max": -0.091305,
        "nauc_map_at_1_std": -0.142096,
        "nauc_map_at_1_diff1": 0.168701,
        "nauc_map_at_3_max": -0.092212,
        "nauc_map_at_3_std": -0.153643,
        "nauc_map_at_3_diff1": 0.137259,
        "nauc_map_at_5_max": -0.081129,
        "nauc_map_at_5_std": -0.149614,
        "nauc_map_at_5_diff1": 0.139103,
        "nauc_map_at_10_max": -0.079792,
        "nauc_map_at_10_std": -0.147514,
        "nauc_map_at_10_diff1": 0.136017,
        "nauc_map_at_20_max": -0.080907,
        "nauc_map_at_20_std": -0.148093,
        "nauc_map_at_20_diff1": 0.13896,
        "nauc_map_at_100_max": -0.081521,
        "nauc_map_at_100_std": -0.148055,
        "nauc_map_at_100_diff1": 0.139135,
        "nauc_map_at_1000_max": -0.081613,
        "nauc_map_at_1000_std": -0.148128,
        "nauc_map_at_1000_diff1": 0.13911,
        "nauc_recall_at_1_max": -0.091305,
        "nauc_recall_at_1_std": -0.142096,
        "nauc_recall_at_1_diff1": 0.168701,
        "nauc_recall_at_3_max": -0.087911,
        "nauc_recall_at_3_std": -0.165238,
        "nauc_recall_at_3_diff1": 0.102857,
        "nauc_recall_at_5_max": -0.019604,
        "nauc_recall_at_5_std": -0.144688,
        "nauc_recall_at_5_diff1": 0.104343,
        "nauc_recall_at_10_max": 0.065865,
        "nauc_recall_at_10_std": -0.066422,
        "nauc_recall_at_10_diff1": 0.010655,
        "nauc_recall_at_20_max": 0.241212,
        "nauc_recall_at_20_std": 0.033995,
        "nauc_recall_at_20_diff1": 0.123172,
        "nauc_recall_at_100_max": 0.472424,
        "nauc_recall_at_100_std": 0.655111,
        "nauc_recall_at_100_diff1": 0.194931,
        "nauc_recall_at_1000_max": 0.162403,
        "nauc_recall_at_1000_std": 0.772261,
        "nauc_recall_at_1000_diff1": 0.017152,
        "nauc_precision_at_1_max": -0.091305,
        "nauc_precision_at_1_std": -0.142096,
        "nauc_precision_at_1_diff1": 0.168701,
        "nauc_precision_at_3_max": -0.087911,
        "nauc_precision_at_3_std": -0.165238,
        "nauc_precision_at_3_diff1": 0.102857,
        "nauc_precision_at_5_max": -0.019604,
        "nauc_precision_at_5_std": -0.144688,
        "nauc_precision_at_5_diff1": 0.104343,
        "nauc_precision_at_10_max": 0.065865,
        "nauc_precision_at_10_std": -0.066422,
        "nauc_precision_at_10_diff1": 0.010655,
        "nauc_precision_at_20_max": 0.241212,
        "nauc_precision_at_20_std": 0.033995,
        "nauc_precision_at_20_diff1": 0.123172,
        "nauc_precision_at_100_max": 0.472424,
        "nauc_precision_at_100_std": 0.655111,
        "nauc_precision_at_100_diff1": 0.194931,
        "nauc_precision_at_1000_max": 0.162403,
        "nauc_precision_at_1000_std": 0.772261,
        "nauc_precision_at_1000_diff1": 0.017152,
        "nauc_mrr_at_1_max": -0.091305,
        "nauc_mrr_at_1_std": -0.142096,
        "nauc_mrr_at_1_diff1": 0.168701,
        "nauc_mrr_at_3_max": -0.092212,
        "nauc_mrr_at_3_std": -0.153643,
        "nauc_mrr_at_3_diff1": 0.137259,
        "nauc_mrr_at_5_max": -0.081129,
        "nauc_mrr_at_5_std": -0.149614,
        "nauc_mrr_at_5_diff1": 0.139103,
        "nauc_mrr_at_10_max": -0.079792,
        "nauc_mrr_at_10_std": -0.147514,
        "nauc_mrr_at_10_diff1": 0.136017,
        "nauc_mrr_at_20_max": -0.080907,
        "nauc_mrr_at_20_std": -0.148093,
        "nauc_mrr_at_20_diff1": 0.13896,
        "nauc_mrr_at_100_max": -0.081521,
        "nauc_mrr_at_100_std": -0.148055,
        "nauc_mrr_at_100_diff1": 0.139135,
        "nauc_mrr_at_1000_max": -0.081613,
        "nauc_mrr_at_1000_std": -0.148128,
        "nauc_mrr_at_1000_diff1": 0.13911,
        "main_score": 0.62139,
        "hf_subset": "default",
        "languages": [
          "eng-Latn"
        ]
      }
    ]
  },
  "evaluation_time": 28.887882947921753,
  "kg_co2_emissions": null
}