{
  "dataset_revision": "0fd18e25b25c072e09e0d92ab615fda904d66300",
  "task_name": "Banking77Classification",
  "mteb_version": "1.26.3",
  "scores": {
    "test": [
      {
        "accuracy": 0.858701,
        "f1": 0.858222,
        "f1_weighted": 0.858222,
        "scores_per_experiment": [
          {
            "accuracy": 0.86526,
            "f1": 0.86455,
            "f1_weighted": 0.86455
          },
          {
            "accuracy": 0.85487,
            "f1": 0.855119,
            "f1_weighted": 0.855119
          },
          {
            "accuracy": 0.871753,
            "f1": 0.871265,
            "f1_weighted": 0.871265
          },
          {
            "accuracy": 0.866558,
            "f1": 0.867381,
            "f1_weighted": 0.867381
          },
          {
            "accuracy": 0.854545,
            "f1": 0.853643,
            "f1_weighted": 0.853643
          },
          {
            "accuracy": 0.849351,
            "f1": 0.847813,
            "f1_weighted": 0.847813
          },
          {
            "accuracy": 0.847727,
            "f1": 0.847459,
            "f1_weighted": 0.847459
          },
          {
            "accuracy": 0.842208,
            "f1": 0.841616,
            "f1_weighted": 0.841616
          },
          {
            "accuracy": 0.869805,
            "f1": 0.868818,
            "f1_weighted": 0.868818
          },
          {
            "accuracy": 0.864935,
            "f1": 0.864559,
            "f1_weighted": 0.864559
          }
        ],
        "main_score": 0.858701,
        "hf_subset": "default",
        "languages": [
          "eng-Latn"
        ]
      }
    ]
  },
  "evaluation_time": 14.889559030532837,
  "kg_co2_emissions": null
}