{
  "dataset_revision": "258694dd0231531bc1fd9de6ceb52a0853c6d908",
  "task_name": "BiorxivClusteringS2S",
  "mteb_version": "1.26.3",
  "scores": {
    "test": [
      {
        "v_measure": 0.36307,
        "v_measure_std": 0.00997,
        "v_measures": [
          0.361055,
          0.358802,
          0.373497,
          0.352515,
          0.365974,
          0.352801,
          0.351042,
          0.358231,
          0.378089,
          0.378693
        ],
        "main_score": 0.36307,
        "hf_subset": "default",
        "languages": [
          "eng-Latn"
        ]
      }
    ]
  },
  "evaluation_time": 27.08202886581421,
  "kg_co2_emissions": null
}