{
  "dataset_revision": "4f58c6b202a23cf9a4da393831edf4f9183cad37",
  "task_name": "EmotionClassification",
  "mteb_version": "1.26.3",
  "scores": {
    "validation": [
      {
        "accuracy": 0.4611,
        "f1": 0.420041,
        "f1_weighted": 0.481582,
        "scores_per_experiment": [
          {
            "accuracy": 0.506,
            "f1": 0.453536,
            "f1_weighted": 0.526454
          },
          {
            "accuracy": 0.439,
            "f1": 0.403892,
            "f1_weighted": 0.4676
          },
          {
            "accuracy": 0.4495,
            "f1": 0.414426,
            "f1_weighted": 0.47095
          },
          {
            "accuracy": 0.4275,
            "f1": 0.396913,
            "f1_weighted": 0.44759
          },
          {
            "accuracy": 0.465,
            "f1": 0.432245,
            "f1_weighted": 0.485698
          },
          {
            "accuracy": 0.501,
            "f1": 0.447938,
            "f1_weighted": 0.517166
          },
          {
            "accuracy": 0.4845,
            "f1": 0.424774,
            "f1_weighted": 0.506071
          },
          {
            "accuracy": 0.409,
            "f1": 0.382607,
            "f1_weighted": 0.419871
          },
          {
            "accuracy": 0.489,
            "f1": 0.439014,
            "f1_weighted": 0.506631
          },
          {
            "accuracy": 0.4405,
            "f1": 0.405066,
            "f1_weighted": 0.467794
          }
        ],
        "main_score": 0.4611,
        "hf_subset": "default",
        "languages": [
          "eng-Latn"
        ]
      }
    ],
    "test": [
      {
        "accuracy": 0.461,
        "f1": 0.410621,
        "f1_weighted": 0.486555,
        "scores_per_experiment": [
          {
            "accuracy": 0.519,
            "f1": 0.453838,
            "f1_weighted": 0.544086
          },
          {
            "accuracy": 0.449,
            "f1": 0.406288,
            "f1_weighted": 0.48381
          },
          {
            "accuracy": 0.449,
            "f1": 0.398123,
            "f1_weighted": 0.477732
          },
          {
            "accuracy": 0.4375,
            "f1": 0.396366,
            "f1_weighted": 0.461387
          },
          {
            "accuracy": 0.4645,
            "f1": 0.424166,
            "f1_weighted": 0.492041
          },
          {
            "accuracy": 0.4875,
            "f1": 0.417683,
            "f1_weighted": 0.505596
          },
          {
            "accuracy": 0.4765,
            "f1": 0.411419,
            "f1_weighted": 0.503382
          },
          {
            "accuracy": 0.4055,
            "f1": 0.373468,
            "f1_weighted": 0.420372
          },
          {
            "accuracy": 0.485,
            "f1": 0.432131,
            "f1_weighted": 0.506749
          },
          {
            "accuracy": 0.4365,
            "f1": 0.392726,
            "f1_weighted": 0.470399
          }
        ],
        "main_score": 0.461,
        "hf_subset": "default",
        "languages": [
          "eng-Latn"
        ]
      }
    ]
  },
  "evaluation_time": 10.972037076950073,
  "kg_co2_emissions": null
}