{
  "dataset_revision": "4672e20407010da34463acc759c162ca9734bca6",
  "task_name": "MassiveIntentClassification",
  "mteb_version": "1.26.3",
  "scores": {
    "validation": [
      {
        "accuracy": 0.766257,
        "f1": 0.739553,
        "f1_weighted": 0.764851,
        "scores_per_experiment": [
          {
            "accuracy": 0.768815,
            "f1": 0.739254,
            "f1_weighted": 0.765721
          },
          {
            "accuracy": 0.769798,
            "f1": 0.735843,
            "f1_weighted": 0.771014
          },
          {
            "accuracy": 0.759469,
            "f1": 0.727469,
            "f1_weighted": 0.755563
          },
          {
            "accuracy": 0.779636,
            "f1": 0.746152,
            "f1_weighted": 0.776093
          },
          {
            "accuracy": 0.764879,
            "f1": 0.739376,
            "f1_weighted": 0.76036
          },
          {
            "accuracy": 0.761436,
            "f1": 0.735304,
            "f1_weighted": 0.764444
          },
          {
            "accuracy": 0.77029,
            "f1": 0.75513,
            "f1_weighted": 0.767349
          },
          {
            "accuracy": 0.764388,
            "f1": 0.744604,
            "f1_weighted": 0.760291
          },
          {
            "accuracy": 0.757009,
            "f1": 0.738807,
            "f1_weighted": 0.761137
          },
          {
            "accuracy": 0.766847,
            "f1": 0.733591,
            "f1_weighted": 0.766538
          }
        ],
        "main_score": 0.766257,
        "hf_subset": "en",
        "languages": [
          "eng-Latn"
        ]
      }
    ],
    "test": [
      {
        "accuracy": 0.749159,
        "f1": 0.721112,
        "f1_weighted": 0.752207,
        "scores_per_experiment": [
          {
            "accuracy": 0.755212,
            "f1": 0.726541,
            "f1_weighted": 0.757428
          },
          {
            "accuracy": 0.764291,
            "f1": 0.732389,
            "f1_weighted": 0.76456
          },
          {
            "accuracy": 0.737391,
            "f1": 0.715714,
            "f1_weighted": 0.741976
          },
          {
            "accuracy": 0.767317,
            "f1": 0.732558,
            "f1_weighted": 0.771025
          },
          {
            "accuracy": 0.743107,
            "f1": 0.719258,
            "f1_weighted": 0.744493
          },
          {
            "accuracy": 0.745797,
            "f1": 0.712997,
            "f1_weighted": 0.748675
          },
          {
            "accuracy": 0.751849,
            "f1": 0.734689,
            "f1_weighted": 0.754447
          },
          {
            "accuracy": 0.738399,
            "f1": 0.705713,
            "f1_weighted": 0.741767
          },
          {
            "accuracy": 0.729993,
            "f1": 0.705916,
            "f1_weighted": 0.737421
          },
          {
            "accuracy": 0.758238,
            "f1": 0.72535,
            "f1_weighted": 0.760274
          }
        ],
        "main_score": 0.749159,
        "hf_subset": "en",
        "languages": [
          "eng-Latn"
        ]
      }
    ]
  },
  "evaluation_time": 10.975704431533813,
  "kg_co2_emissions": null
}