{
  "dataset_revision": "35191c8c0dca72d8ff3efcd72aa802307d469663",
  "task_name": "MedrxivClusteringS2S",
  "mteb_version": "1.26.3",
  "scores": {
    "test": [
      {
        "v_measure": 0.320069,
        "v_measure_std": 0.015997,
        "v_measures": [
          0.304619,
          0.307261,
          0.307083,
          0.300315,
          0.304035,
          0.33566,
          0.335378,
          0.331453,
          0.345493,
          0.329396
        ],
        "main_score": 0.320069,
        "hf_subset": "default",
        "languages": [
          "eng-Latn"
        ]
      }
    ]
  },
  "evaluation_time": 15.818379163742065,
  "kg_co2_emissions": null
}