{
  "dataset_revision": "ec0fa4fe99da2ff19ca1214b7966684033a58814",
  "task_name": "NFCorpus",
  "mteb_version": "1.26.3",
  "scores": {
    "test": [
      {
        "ndcg_at_1": 0.46594,
        "ndcg_at_3": 0.41461,
        "ndcg_at_5": 0.38817,
        "ndcg_at_10": 0.35217,
        "ndcg_at_20": 0.32319,
        "ndcg_at_100": 0.32245,
        "ndcg_at_1000": 0.4083,
        "map_at_1": 0.05944,
        "map_at_3": 0.09679,
        "map_at_5": 0.11166,
        "map_at_10": 0.12938,
        "map_at_20": 0.14219,
        "map_at_100": 0.16255,
        "map_at_1000": 0.17625,
        "recall_at_1": 0.05944,
        "recall_at_3": 0.10773,
        "recall_at_5": 0.13066,
        "recall_at_10": 0.16529,
        "recall_at_20": 0.2041,
        "recall_at_100": 0.32831,
        "recall_at_1000": 0.63817,
        "precision_at_1": 0.48916,
        "precision_at_3": 0.38906,
        "precision_at_5": 0.33437,
        "precision_at_10": 0.25697,
        "precision_at_20": 0.18437,
        "precision_at_100": 0.08012,
        "precision_at_1000": 0.02072,
        "mrr_at_1": 0.489164,
        "mrr_at_3": 0.550568,
        "mrr_at_5": 0.560939,
        "mrr_at_10": 0.567645,
        "mrr_at_20": 0.571891,
        "mrr_at_100": 0.574453,
        "mrr_at_1000": 0.574774,
        "nauc_ndcg_at_1_max": 0.436895,
        "nauc_ndcg_at_1_std": 0.167232,
        "nauc_ndcg_at_1_diff1": 0.330082,
        "nauc_ndcg_at_3_max": 0.457556,
        "nauc_ndcg_at_3_std": 0.223404,
        "nauc_ndcg_at_3_diff1": 0.207097,
        "nauc_ndcg_at_5_max": 0.439791,
        "nauc_ndcg_at_5_std": 0.224751,
        "nauc_ndcg_at_5_diff1": 0.198755,
        "nauc_ndcg_at_10_max": 0.432678,
        "nauc_ndcg_at_10_std": 0.227158,
        "nauc_ndcg_at_10_diff1": 0.225095,
        "nauc_ndcg_at_20_max": 0.411856,
        "nauc_ndcg_at_20_std": 0.205346,
        "nauc_ndcg_at_20_diff1": 0.241704,
        "nauc_ndcg_at_100_max": 0.441643,
        "nauc_ndcg_at_100_std": 0.247415,
        "nauc_ndcg_at_100_diff1": 0.262522,
        "nauc_ndcg_at_1000_max": 0.492364,
        "nauc_ndcg_at_1000_std": 0.325059,
        "nauc_ndcg_at_1000_diff1": 0.277893,
        "nauc_map_at_1_max": 0.162408,
        "nauc_map_at_1_std": -0.181496,
        "nauc_map_at_1_diff1": 0.414036,
        "nauc_map_at_3_max": 0.196325,
        "nauc_map_at_3_std": -0.11773,
        "nauc_map_at_3_diff1": 0.331672,
        "nauc_map_at_5_max": 0.229675,
        "nauc_map_at_5_std": -0.080539,
        "nauc_map_at_5_diff1": 0.326335,
        "nauc_map_at_10_max": 0.275023,
        "nauc_map_at_10_std": -0.023714,
        "nauc_map_at_10_diff1": 0.313782,
        "nauc_map_at_20_max": 0.294514,
        "nauc_map_at_20_std": 0.015132,
        "nauc_map_at_20_diff1": 0.310117,
        "nauc_map_at_100_max": 0.327682,
        "nauc_map_at_100_std": 0.0823,
        "nauc_map_at_100_diff1": 0.300431,
        "nauc_map_at_1000_max": 0.339901,
        "nauc_map_at_1000_std": 0.112668,
        "nauc_map_at_1000_diff1": 0.291321,
        "nauc_recall_at_1_max": 0.162408,
        "nauc_recall_at_1_std": -0.181496,
        "nauc_recall_at_1_diff1": 0.414036,
        "nauc_recall_at_3_max": 0.158221,
        "nauc_recall_at_3_std": -0.105847,
        "nauc_recall_at_3_diff1": 0.275882,
        "nauc_recall_at_5_max": 0.187927,
        "nauc_recall_at_5_std": -0.066993,
        "nauc_recall_at_5_diff1": 0.275067,
        "nauc_recall_at_10_max": 0.220302,
        "nauc_recall_at_10_std": -0.021266,
        "nauc_recall_at_10_diff1": 0.261077,
        "nauc_recall_at_20_max": 0.202297,
        "nauc_recall_at_20_std": 0.012057,
        "nauc_recall_at_20_diff1": 0.230795,
        "nauc_recall_at_100_max": 0.238497,
        "nauc_recall_at_100_std": 0.163425,
        "nauc_recall_at_100_diff1": 0.158855,
        "nauc_recall_at_1000_max": 0.223391,
        "nauc_recall_at_1000_std": 0.252533,
        "nauc_recall_at_1000_diff1": 0.134514,
        "nauc_precision_at_1_max": 0.469427,
        "nauc_precision_at_1_std": 0.181071,
        "nauc_precision_at_1_diff1": 0.333652,
        "nauc_precision_at_3_max": 0.446579,
        "nauc_precision_at_3_std": 0.282583,
        "nauc_precision_at_3_diff1": 0.100799,
        "nauc_precision_at_5_max": 0.417655,
        "nauc_precision_at_5_std": 0.308626,
        "nauc_precision_at_5_diff1": 0.070683,
        "nauc_precision_at_10_max": 0.405177,
        "nauc_precision_at_10_std": 0.357169,
        "nauc_precision_at_10_diff1": 0.065111,
        "nauc_precision_at_20_max": 0.349086,
        "nauc_precision_at_20_std": 0.367251,
        "nauc_precision_at_20_diff1": 0.034339,
        "nauc_precision_at_100_max": 0.255706,
        "nauc_precision_at_100_std": 0.385783,
        "nauc_precision_at_100_diff1": -0.038569,
        "nauc_precision_at_1000_max": 0.109915,
        "nauc_precision_at_1000_std": 0.23851,
        "nauc_precision_at_1000_diff1": -0.111576,
        "nauc_mrr_at_1_max": 0.469427,
        "nauc_mrr_at_1_std": 0.181071,
        "nauc_mrr_at_1_diff1": 0.333652,
        "nauc_mrr_at_3_max": 0.504705,
        "nauc_mrr_at_3_std": 0.235418,
        "nauc_mrr_at_3_diff1": 0.28821,
        "nauc_mrr_at_5_max": 0.505553,
        "nauc_mrr_at_5_std": 0.244026,
        "nauc_mrr_at_5_diff1": 0.285918,
        "nauc_mrr_at_10_max": 0.507312,
        "nauc_mrr_at_10_std": 0.249759,
        "nauc_mrr_at_10_diff1": 0.29048,
        "nauc_mrr_at_20_max": 0.505496,
        "nauc_mrr_at_20_std": 0.247067,
        "nauc_mrr_at_20_diff1": 0.289468,
        "nauc_mrr_at_100_max": 0.507041,
        "nauc_mrr_at_100_std": 0.248767,
        "nauc_mrr_at_100_diff1": 0.289825,
        "nauc_mrr_at_1000_max": 0.506901,
        "nauc_mrr_at_1000_std": 0.248391,
        "nauc_mrr_at_1000_diff1": 0.28975,
        "main_score": 0.35217,
        "hf_subset": "default",
        "languages": [
          "eng-Latn"
        ]
      }
    ]
  },
  "evaluation_time": 19.995773315429688,
  "kg_co2_emissions": null
}