{
  "dataset_revision": "d3c5e1fc0b855ab6097bf1cda04dd73947d7caab",
  "task_name": "SciDocsRR",
  "mteb_version": "1.26.3",
  "scores": {
    "test": [
      {
        "map": 0.846739,
        "mrr": 0.957726,
        "nAUC_map_max": 0.56059,
        "nAUC_map_std": 0.715447,
        "nAUC_map_diff1": 0.004146,
        "nAUC_mrr_max": 0.880721,
        "nAUC_mrr_std": 0.85643,
        "nAUC_mrr_diff1": 0.429068,
        "main_score": 0.846739,
        "hf_subset": "default",
        "languages": [
          "eng-Latn"
        ]
      }
    ]
  },
  "evaluation_time": 33.432260513305664,
  "kg_co2_emissions": null
}