{
  "dataset_revision": "0228b52cf27578f30900b9e5271d331663a030d7",
  "task_name": "SciFact",
  "mteb_version": "1.26.3",
  "scores": {
    "train": [
      {
        "ndcg_at_1": 0.60692,
        "ndcg_at_3": 0.68655,
        "ndcg_at_5": 0.70517,
        "ndcg_at_10": 0.72277,
        "ndcg_at_20": 0.73515,
        "ndcg_at_100": 0.74903,
        "ndcg_at_1000": 0.75436,
        "map_at_1": 0.57843,
        "map_at_3": 0.65841,
        "map_at_5": 0.67212,
        "map_at_10": 0.68051,
        "map_at_20": 0.6845,
        "map_at_100": 0.6867,
        "map_at_1000": 0.68694,
        "recall_at_1": 0.57843,
        "recall_at_3": 0.7425,
        "recall_at_5": 0.78649,
        "recall_at_10": 0.83772,
        "recall_at_20": 0.88418,
        "recall_at_100": 0.95509,
        "recall_at_1000": 0.99506,
        "precision_at_1": 0.60692,
        "precision_at_3": 0.27235,
        "precision_at_5": 0.17602,
        "precision_at_10": 0.09493,
        "precision_at_20": 0.05043,
        "precision_at_100": 0.01088,
        "precision_at_1000": 0.00113,
        "mrr_at_1": 0.606922,
        "mrr_at_3": 0.677998,
        "mrr_at_5": 0.686218,
        "mrr_at_10": 0.691816,
        "mrr_at_20": 0.694441,
        "mrr_at_100": 0.6964,
        "mrr_at_1000": 0.696608,
        "nauc_ndcg_at_1_max": 0.502506,
        "nauc_ndcg_at_1_std": 0.041336,
        "nauc_ndcg_at_1_diff1": 0.738507,
        "nauc_ndcg_at_3_max": 0.489214,
        "nauc_ndcg_at_3_std": 0.035407,
        "nauc_ndcg_at_3_diff1": 0.675358,
        "nauc_ndcg_at_5_max": 0.509924,
        "nauc_ndcg_at_5_std": 0.04567,
        "nauc_ndcg_at_5_diff1": 0.668077,
        "nauc_ndcg_at_10_max": 0.517258,
        "nauc_ndcg_at_10_std": 0.053921,
        "nauc_ndcg_at_10_diff1": 0.675799,
        "nauc_ndcg_at_20_max": 0.516996,
        "nauc_ndcg_at_20_std": 0.064536,
        "nauc_ndcg_at_20_diff1": 0.677073,
        "nauc_ndcg_at_100_max": 0.525672,
        "nauc_ndcg_at_100_std": 0.08215,
        "nauc_ndcg_at_100_diff1": 0.68474,
        "nauc_ndcg_at_1000_max": 0.519132,
        "nauc_ndcg_at_1000_std": 0.069895,
        "nauc_ndcg_at_1000_diff1": 0.684724,
        "nauc_map_at_1_max": 0.444473,
        "nauc_map_at_1_std": -0.011478,
        "nauc_map_at_1_diff1": 0.738811,
        "nauc_map_at_3_max": 0.474482,
        "nauc_map_at_3_std": 0.011984,
        "nauc_map_at_3_diff1": 0.692283,
        "nauc_map_at_5_max": 0.497206,
        "nauc_map_at_5_std": 0.026908,
        "nauc_map_at_5_diff1": 0.686606,
        "nauc_map_at_10_max": 0.503204,
        "nauc_map_at_10_std": 0.035085,
        "nauc_map_at_10_diff1": 0.689699,
        "nauc_map_at_20_max": 0.503796,
        "nauc_map_at_20_std": 0.039894,
        "nauc_map_at_20_diff1": 0.690008,
        "nauc_map_at_100_max": 0.504898,
        "nauc_map_at_100_std": 0.042436,
        "nauc_map_at_100_diff1": 0.690754,
        "nauc_map_at_1000_max": 0.504648,
        "nauc_map_at_1000_std": 0.04202,
        "nauc_map_at_1000_diff1": 0.690738,
        "nauc_recall_at_1_max": 0.444473,
        "nauc_recall_at_1_std": -0.011478,
        "nauc_recall_at_1_diff1": 0.738811,
        "nauc_recall_at_3_max": 0.461213,
        "nauc_recall_at_3_std": 0.022749,
        "nauc_recall_at_3_diff1": 0.616919,
        "nauc_recall_at_5_max": 0.514952,
        "nauc_recall_at_5_std": 0.048346,
        "nauc_recall_at_5_diff1": 0.588598,
        "nauc_recall_at_10_max": 0.536496,
        "nauc_recall_at_10_std": 0.062173,
        "nauc_recall_at_10_diff1": 0.606574,
        "nauc_recall_at_20_max": 0.540166,
        "nauc_recall_at_20_std": 0.126911,
        "nauc_recall_at_20_diff1": 0.600471,
        "nauc_recall_at_100_max": 0.78204,
        "nauc_recall_at_100_std": 0.604497,
        "nauc_recall_at_100_diff1": 0.697067,
        "nauc_recall_at_1000_max": 0.832487,
        "nauc_recall_at_1000_std": 0.861079,
        "nauc_recall_at_1000_diff1": 0.855816,
        "nauc_precision_at_1_max": 0.502506,
        "nauc_precision_at_1_std": 0.041336,
        "nauc_precision_at_1_diff1": 0.738507,
        "nauc_precision_at_3_max": 0.486301,
        "nauc_precision_at_3_std": 0.189477,
        "nauc_precision_at_3_diff1": 0.376275,
        "nauc_precision_at_5_max": 0.486622,
        "nauc_precision_at_5_std": 0.241286,
        "nauc_precision_at_5_diff1": 0.24144,
        "nauc_precision_at_10_max": 0.434841,
        "nauc_precision_at_10_std": 0.286577,
        "nauc_precision_at_10_diff1": 0.144337,
        "nauc_precision_at_20_max": 0.359938,
        "nauc_precision_at_20_std": 0.334948,
        "nauc_precision_at_20_diff1": 0.044163,
        "nauc_precision_at_100_max": 0.317461,
        "nauc_precision_at_100_std": 0.449455,
        "nauc_precision_at_100_diff1": -0.101905,
        "nauc_precision_at_1000_max": 0.21604,
        "nauc_precision_at_1000_std": 0.405869,
        "nauc_precision_at_1000_diff1": -0.238039,
        "nauc_mrr_at_1_max": 0.502506,
        "nauc_mrr_at_1_std": 0.041336,
        "nauc_mrr_at_1_diff1": 0.738507,
        "nauc_mrr_at_3_max": 0.518119,
        "nauc_mrr_at_3_std": 0.074323,
        "nauc_mrr_at_3_diff1": 0.692442,
        "nauc_mrr_at_5_max": 0.518297,
        "nauc_mrr_at_5_std": 0.071013,
        "nauc_mrr_at_5_diff1": 0.688945,
        "nauc_mrr_at_10_max": 0.517257,
        "nauc_mrr_at_10_std": 0.068301,
        "nauc_mrr_at_10_diff1": 0.691546,
        "nauc_mrr_at_20_max": 0.516372,
        "nauc_mrr_at_20_std": 0.067975,
        "nauc_mrr_at_20_diff1": 0.692031,
        "nauc_mrr_at_100_max": 0.517543,
        "nauc_mrr_at_100_std": 0.070662,
        "nauc_mrr_at_100_diff1": 0.6929,
        "nauc_mrr_at_1000_max": 0.517336,
        "nauc_mrr_at_1000_std": 0.070302,
        "nauc_mrr_at_1000_diff1": 0.692901,
        "main_score": 0.72277,
        "hf_subset": "default",
        "languages": [
          "eng-Latn"
        ]
      }
    ],
    "test": [
      {
        "ndcg_at_1": 0.61333,
        "ndcg_at_3": 0.67877,
        "ndcg_at_5": 0.71358,
        "ndcg_at_10": 0.73364,
        "ndcg_at_20": 0.74549,
        "ndcg_at_100": 0.75665,
        "ndcg_at_1000": 0.76163,
        "map_at_1": 0.58094,
        "map_at_3": 0.65241,
        "map_at_5": 0.67562,
        "map_at_10": 0.68608,
        "map_at_20": 0.69008,
        "map_at_100": 0.69218,
        "map_at_1000": 0.69238,
        "recall_at_1": 0.58094,
        "recall_at_3": 0.72367,
        "recall_at_5": 0.80933,
        "recall_at_10": 0.86589,
        "recall_at_20": 0.90767,
        "recall_at_100": 0.96167,
        "recall_at_1000": 1.0,
        "precision_at_1": 0.61333,
        "precision_at_3": 0.26333,
        "precision_at_5": 0.17933,
        "precision_at_10": 0.09767,
        "precision_at_20": 0.0515,
        "precision_at_100": 0.0109,
        "precision_at_1000": 0.00113,
        "mrr_at_1": 0.613333,
        "mrr_at_3": 0.674444,
        "mrr_at_5": 0.692444,
        "mrr_at_10": 0.698915,
        "mrr_at_20": 0.702414,
        "mrr_at_100": 0.704127,
        "mrr_at_1000": 0.704303,
        "nauc_ndcg_at_1_max": 0.597132,
        "nauc_ndcg_at_1_std": 0.11655,
        "nauc_ndcg_at_1_diff1": 0.658836,
        "nauc_ndcg_at_3_max": 0.598245,
        "nauc_ndcg_at_3_std": 0.096626,
        "nauc_ndcg_at_3_diff1": 0.617156,
        "nauc_ndcg_at_5_max": 0.587363,
        "nauc_ndcg_at_5_std": 0.10884,
        "nauc_ndcg_at_5_diff1": 0.586653,
        "nauc_ndcg_at_10_max": 0.599078,
        "nauc_ndcg_at_10_std": 0.126281,
        "nauc_ndcg_at_10_diff1": 0.599834,
        "nauc_ndcg_at_20_max": 0.599792,
        "nauc_ndcg_at_20_std": 0.120223,
        "nauc_ndcg_at_20_diff1": 0.6062,
        "nauc_ndcg_at_100_max": 0.608488,
        "nauc_ndcg_at_100_std": 0.137084,
        "nauc_ndcg_at_100_diff1": 0.616028,
        "nauc_ndcg_at_1000_max": 0.601211,
        "nauc_ndcg_at_1000_std": 0.122479,
        "nauc_ndcg_at_1000_diff1": 0.616258,
        "nauc_map_at_1_max": 0.54991,
        "nauc_map_at_1_std": 0.052318,
        "nauc_map_at_1_diff1": 0.684513,
        "nauc_map_at_3_max": 0.576573,
        "nauc_map_at_3_std": 0.068405,
        "nauc_map_at_3_diff1": 0.636148,
        "nauc_map_at_5_max": 0.579075,
        "nauc_map_at_5_std": 0.089289,
        "nauc_map_at_5_diff1": 0.615915,
        "nauc_map_at_10_max": 0.587327,
        "nauc_map_at_10_std": 0.100673,
        "nauc_map_at_10_diff1": 0.62113,
        "nauc_map_at_20_max": 0.588324,
        "nauc_map_at_20_std": 0.100261,
        "nauc_map_at_20_diff1": 0.622653,
        "nauc_map_at_100_max": 0.589389,
        "nauc_map_at_100_std": 0.10239,
        "nauc_map_at_100_diff1": 0.624652,
        "nauc_map_at_1000_max": 0.589144,
        "nauc_map_at_1000_std": 0.101872,
        "nauc_map_at_1000_diff1": 0.624692,
        "nauc_recall_at_1_max": 0.54991,
        "nauc_recall_at_1_std": 0.052318,
        "nauc_recall_at_1_diff1": 0.684513,
        "nauc_recall_at_3_max": 0.598365,
        "nauc_recall_at_3_std": 0.080386,
        "nauc_recall_at_3_diff1": 0.572166,
        "nauc_recall_at_5_max": 0.56739,
        "nauc_recall_at_5_std": 0.126187,
        "nauc_recall_at_5_diff1": 0.464804,
        "nauc_recall_at_10_max": 0.614133,
        "nauc_recall_at_10_std": 0.20285,
        "nauc_recall_at_10_diff1": 0.488537,
        "nauc_recall_at_20_max": 0.628127,
        "nauc_recall_at_20_std": 0.182066,
        "nauc_recall_at_20_diff1": 0.508358,
        "nauc_recall_at_100_max": 0.899018,
        "nauc_recall_at_100_std": 0.71388,
        "nauc_recall_at_100_diff1": 0.617403,
        "nauc_recall_at_1000_max": NaN,
        "nauc_recall_at_1000_std": NaN,
        "nauc_recall_at_1000_diff1": NaN,
        "nauc_precision_at_1_max": 0.597132,
        "nauc_precision_at_1_std": 0.11655,
        "nauc_precision_at_1_diff1": 0.658836,
        "nauc_precision_at_3_max": 0.529854,
        "nauc_precision_at_3_std": 0.202206,
        "nauc_precision_at_3_diff1": 0.353388,
        "nauc_precision_at_5_max": 0.430437,
        "nauc_precision_at_5_std": 0.306912,
        "nauc_precision_at_5_diff1": 0.119669,
        "nauc_precision_at_10_max": 0.335757,
        "nauc_precision_at_10_std": 0.343211,
        "nauc_precision_at_10_diff1": 0.047947,
        "nauc_precision_at_20_max": 0.275765,
        "nauc_precision_at_20_std": 0.338595,
        "nauc_precision_at_20_diff1": -0.026771,
        "nauc_precision_at_100_max": 0.202164,
        "nauc_precision_at_100_std": 0.416096,
        "nauc_precision_at_100_diff1": -0.118822,
        "nauc_precision_at_1000_max": 0.072073,
        "nauc_precision_at_1000_std": 0.344527,
        "nauc_precision_at_1000_diff1": -0.242307,
        "nauc_mrr_at_1_max": 0.597132,
        "nauc_mrr_at_1_std": 0.11655,
        "nauc_mrr_at_1_diff1": 0.658836,
        "nauc_mrr_at_3_max": 0.613926,
        "nauc_mrr_at_3_std": 0.128109,
        "nauc_mrr_at_3_diff1": 0.620872,
        "nauc_mrr_at_5_max": 0.602326,
        "nauc_mrr_at_5_std": 0.126924,
        "nauc_mrr_at_5_diff1": 0.608868,
        "nauc_mrr_at_10_max": 0.604877,
        "nauc_mrr_at_10_std": 0.129876,
        "nauc_mrr_at_10_diff1": 0.613465,
        "nauc_mrr_at_20_max": 0.604317,
        "nauc_mrr_at_20_std": 0.126397,
        "nauc_mrr_at_20_diff1": 0.615386,
        "nauc_mrr_at_100_max": 0.605878,
        "nauc_mrr_at_100_std": 0.129153,
        "nauc_mrr_at_100_diff1": 0.616611,
        "nauc_mrr_at_1000_max": 0.605652,
        "nauc_mrr_at_1000_std": 0.128733,
        "nauc_mrr_at_1000_diff1": 0.616619,
        "main_score": 0.73364,
        "hf_subset": "default",
        "languages": [
          "eng-Latn"
        ]
      }
    ]
  },
  "evaluation_time": 51.60586476325989,
  "kg_co2_emissions": null
}