{
  "dataset_revision": "20a6d6f312dd54037fe07a32d58e5e168867909d",
  "task_name": "SICK-R",
  "mteb_version": "1.26.3",
  "scores": {
    "test": [
      {
        "pearson": 0.816873,
        "spearman": 0.773593,
        "cosine_pearson": 0.816873,
        "cosine_spearman": 0.773593,
        "manhattan_pearson": 0.785005,
        "manhattan_spearman": 0.773249,
        "euclidean_pearson": 0.7855,
        "euclidean_spearman": 0.77295,
        "main_score": 0.773593,
        "hf_subset": "default",
        "languages": [
          "eng-Latn"
        ]
      }
    ]
  },
  "evaluation_time": 4.061707496643066,
  "kg_co2_emissions": null
}