{
  "dataset_revision": "d66bd1f72af766a5cc4b0ca5e00c162f89e8cc46",
  "task_name": "SprintDuplicateQuestions",
  "mteb_version": "1.26.3",
  "scores": {
    "validation": [
      {
        "similarity_accuracy": 0.997891,
        "similarity_accuracy_threshold": 0.731328,
        "similarity_f1": 0.893233,
        "similarity_f1_threshold": 0.729996,
        "similarity_precision": 0.895477,
        "similarity_recall": 0.891,
        "similarity_ap": 0.948264,
        "cosine_accuracy": 0.997891,
        "cosine_accuracy_threshold": 0.731328,
        "cosine_f1": 0.893233,
        "cosine_f1_threshold": 0.729997,
        "cosine_precision": 0.895477,
        "cosine_recall": 0.891,
        "cosine_ap": 0.948264,
        "manhattan_accuracy": 0.997881,
        "manhattan_accuracy_threshold": 351.700256,
        "manhattan_f1": 0.893107,
        "manhattan_f1_threshold": 351.700256,
        "manhattan_precision": 0.892216,
        "manhattan_recall": 0.894,
        "manhattan_ap": 0.949288,
        "euclidean_accuracy": 0.997941,
        "euclidean_accuracy_threshold": 16.03231,
        "euclidean_f1": 0.895792,
        "euclidean_f1_threshold": 16.03231,
        "euclidean_precision": 0.89759,
        "euclidean_recall": 0.894,
        "euclidean_ap": 0.949043,
        "dot_accuracy": 0.997752,
        "dot_accuracy_threshold": 344.425415,
        "dot_f1": 0.887901,
        "dot_f1_threshold": 344.425415,
        "dot_precision": 0.877073,
        "dot_recall": 0.899,
        "dot_ap": 0.944273,
        "max_accuracy": 0.997941,
        "max_f1": 0.895792,
        "max_precision": 0.89759,
        "max_recall": 0.899,
        "max_ap": 0.949288,
        "main_score": 0.949288,
        "hf_subset": "default",
        "languages": [
          "eng-Latn"
        ]
      }
    ],
    "test": [
      {
        "similarity_accuracy": 0.997683,
        "similarity_accuracy_threshold": 0.765084,
        "similarity_f1": 0.880278,
        "similarity_f1_threshold": 0.738813,
        "similarity_precision": 0.87463,
        "similarity_recall": 0.886,
        "similarity_ap": 0.940684,
        "cosine_accuracy": 0.997683,
        "cosine_accuracy_threshold": 0.765084,
        "cosine_f1": 0.880278,
        "cosine_f1_threshold": 0.738813,
        "cosine_precision": 0.87463,
        "cosine_recall": 0.886,
        "cosine_ap": 0.940684,
        "manhattan_accuracy": 0.997743,
        "manhattan_accuracy_threshold": 327.961731,
        "manhattan_f1": 0.882087,
        "manhattan_f1_threshold": 341.463318,
        "manhattan_precision": 0.885196,
        "manhattan_recall": 0.879,
        "manhattan_ap": 0.941943,
        "euclidean_accuracy": 0.997733,
        "euclidean_accuracy_threshold": 15.159302,
        "euclidean_f1": 0.882731,
        "euclidean_f1_threshold": 15.829135,
        "euclidean_precision": 0.873653,
        "euclidean_recall": 0.892,
        "euclidean_ap": 0.941259,
        "dot_accuracy": 0.997624,
        "dot_accuracy_threshold": 364.635742,
        "dot_f1": 0.877683,
        "dot_f1_threshold": 353.01532,
        "dot_precision": 0.876371,
        "dot_recall": 0.879,
        "dot_ap": 0.937569,
        "max_accuracy": 0.997743,
        "max_f1": 0.882731,
        "max_precision": 0.885196,
        "max_recall": 0.892,
        "max_ap": 0.941943,
        "main_score": 0.941943,
        "hf_subset": "default",
        "languages": [
          "eng-Latn"
        ]
      }
    ]
  },
  "evaluation_time": 55.397557735443115,
  "kg_co2_emissions": null
}