{
  "dataset_revision": "e185fbe320c72810689fc5848eb6114e1ef5ec69",
  "task_name": "StackOverflowDupQuestions",
  "mteb_version": "1.26.3",
  "scores": {
    "test": [
      {
        "map": 0.499956,
        "mrr": 0.507505,
        "nAUC_map_max": 0.123322,
        "nAUC_map_std": 0.099257,
        "nAUC_map_diff1": 0.32706,
        "nAUC_mrr_max": 0.127915,
        "nAUC_mrr_std": 0.100947,
        "nAUC_mrr_diff1": 0.323685,
        "main_score": 0.499956,
        "hf_subset": "default",
        "languages": [
          "eng-Latn"
        ]
      }
    ]
  },
  "evaluation_time": 21.68784523010254,
  "kg_co2_emissions": null
}