{
  "dataset_revision": "4d8694f8f0e0100860b497b999b3dbed754a0513",
  "task_name": "STS16",
  "mteb_version": "1.26.3",
  "scores": {
    "test": [
      {
        "pearson": 0.812916,
        "spearman": 0.817487,
        "cosine_pearson": 0.812916,
        "cosine_spearman": 0.817487,
        "manhattan_pearson": 0.813784,
        "manhattan_spearman": 0.821309,
        "euclidean_pearson": 0.812399,
        "euclidean_spearman": 0.820021,
        "main_score": 0.817487,
        "hf_subset": "default",
        "languages": [
          "eng-Latn"
        ]
      }
    ]
  },
  "evaluation_time": 0.6678667068481445,
  "kg_co2_emissions": null
}