{
  "dataset_revision": "7e90230a92c190f1bf69ae9002b8cea547a64cca",
  "task_name": "STS13",
  "mteb_version": "1.26.3",
  "scores": {
    "test": [
      {
        "pearson": 0.818776,
        "spearman": 0.819185,
        "cosine_pearson": 0.818776,
        "cosine_spearman": 0.819185,
        "manhattan_pearson": 0.816274,
        "manhattan_spearman": 0.821813,
        "euclidean_pearson": 0.815693,
        "euclidean_spearman": 0.821075,
        "main_score": 0.819185,
        "hf_subset": "default",
        "languages": [
          "eng-Latn"
        ]
      }
    ]
  },
  "evaluation_time": 0.7124269008636475,
  "kg_co2_emissions": null
}