{
  "dataset_revision": "b0fddb56ed78048fa8b90373c8a3cfc37b684831",
  "task_name": "STSBenchmark",
  "mteb_version": "1.26.3",
  "scores": {
    "test": [
      {
        "pearson": 0.844465,
        "spearman": 0.836534,
        "cosine_pearson": 0.844465,
        "cosine_spearman": 0.836534,
        "manhattan_pearson": 0.83902,
        "manhattan_spearman": 0.838138,
        "euclidean_pearson": 0.838534,
        "euclidean_spearman": 0.837156,
        "main_score": 0.836534,
        "hf_subset": "default",
        "languages": [
          "eng-Latn"
        ]
      }
    ]
  },
  "evaluation_time": 0.6587536334991455,
  "kg_co2_emissions": null
}