{
  "dataset_revision": "6125ec4e24fa026cec8a478383ee943acfbd5449",
  "task_name": "TwentyNewsgroupsClustering",
  "mteb_version": "1.26.3",
  "scores": {
    "test": [
      {
        "v_measure": 0.446836,
        "v_measure_std": 0.021759,
        "v_measures": [
          0.424096,
          0.469917,
          0.430213,
          0.444059,
          0.428264,
          0.485634,
          0.424387,
          0.46928,
          0.429792,
          0.462716
        ],
        "main_score": 0.446836,
        "hf_subset": "default",
        "languages": [
          "eng-Latn"
        ]
      }
    ]
  },
  "evaluation_time": 12.621562004089355,
  "kg_co2_emissions": null
}