{
  "dataset_revision": "c22ab2a51041ffd869aaddef7af8d8215647e41a",
  "task_name": "ArguAna",
  "mteb_version": "1.26.3",
  "scores": {
    "test": [
      {
        "ndcg_at_1": 0.22617,
        "ndcg_at_3": 0.34181,
        "ndcg_at_5": 0.39411,
        "ndcg_at_10": 0.45411,
        "ndcg_at_20": 0.48419,
        "ndcg_at_100": 0.50457,
        "ndcg_at_1000": 0.50836,
        "map_at_1": 0.22617,
        "map_at_3": 0.31235,
        "map_at_5": 0.34112,
        "map_at_10": 0.366,
        "map_at_20": 0.37448,
        "map_at_100": 0.37753,
        "map_at_1000": 0.3777,
        "recall_at_1": 0.22617,
        "recall_at_3": 0.42745,
        "recall_at_5": 0.55548,
        "recall_at_10": 0.7404,
        "recall_at_20": 0.85775,
        "recall_at_100": 0.96444,
        "recall_at_1000": 0.99289,
        "precision_at_1": 0.22617,
        "precision_at_3": 0.14248,
        "precision_at_5": 0.1111,
        "precision_at_10": 0.07404,
        "precision_at_20": 0.04289,
        "precision_at_100": 0.00964,
        "precision_at_1000": 0.00099,
        "mrr_at_1": 0.226174,
        "mrr_at_3": 0.312352,
        "mrr_at_5": 0.341121,
        "mrr_at_10": 0.365874,
        "mrr_at_20": 0.37448,
        "mrr_at_100": 0.377533,
        "mrr_at_1000": 0.377705,
        "nauc_ndcg_at_1_max": -0.056023,
        "nauc_ndcg_at_1_std": -0.135073,
        "nauc_ndcg_at_1_diff1": 0.174949,
        "nauc_ndcg_at_3_max": -0.018785,
        "nauc_ndcg_at_3_std": -0.081709,
        "nauc_ndcg_at_3_diff1": 0.120854,
        "nauc_ndcg_at_5_max": -0.016474,
        "nauc_ndcg_at_5_std": -0.087199,
        "nauc_ndcg_at_5_diff1": 0.116916,
        "nauc_ndcg_at_10_max": 0.002754,
        "nauc_ndcg_at_10_std": -0.091815,
        "nauc_ndcg_at_10_diff1": 0.109726,
        "nauc_ndcg_at_20_max": 0.008419,
        "nauc_ndcg_at_20_std": -0.087992,
        "nauc_ndcg_at_20_diff1": 0.116199,
        "nauc_ndcg_at_100_max": -0.000835,
        "nauc_ndcg_at_100_std": -0.075767,
        "nauc_ndcg_at_100_diff1": 0.121157,
        "nauc_ndcg_at_1000_max": -0.007737,
        "nauc_ndcg_at_1000_std": -0.085082,
        "nauc_ndcg_at_1000_diff1": 0.123851,
        "nauc_map_at_1_max": -0.056023,
        "nauc_map_at_1_std": -0.135073,
        "nauc_map_at_1_diff1": 0.174949,
        "nauc_map_at_3_max": -0.028314,
        "nauc_map_at_3_std": -0.092278,
        "nauc_map_at_3_diff1": 0.131213,
        "nauc_map_at_5_max": -0.027324,
        "nauc_map_at_5_std": -0.09524,
        "nauc_map_at_5_diff1": 0.129023,
        "nauc_map_at_10_max": -0.020414,
        "nauc_map_at_10_std": -0.096807,
        "nauc_map_at_10_diff1": 0.12656,
        "nauc_map_at_20_max": -0.019228,
        "nauc_map_at_20_std": -0.096082,
        "nauc_map_at_20_diff1": 0.128777,
        "nauc_map_at_100_max": -0.020403,
        "nauc_map_at_100_std": -0.094364,
        "nauc_map_at_100_diff1": 0.129723,
        "nauc_map_at_1000_max": -0.02066,
        "nauc_map_at_1000_std": -0.094706,
        "nauc_map_at_1000_diff1": 0.129826,
        "nauc_recall_at_1_max": -0.056023,
        "nauc_recall_at_1_std": -0.135073,
        "nauc_recall_at_1_diff1": 0.174949,
        "nauc_recall_at_3_max": 0.006994,
        "nauc_recall_at_3_std": -0.054134,
        "nauc_recall_at_3_diff1": 0.093977,
        "nauc_recall_at_5_max": 0.015268,
        "nauc_recall_at_5_std": -0.066139,
        "nauc_recall_at_5_diff1": 0.082954,
        "nauc_recall_at_10_max": 0.106093,
        "nauc_recall_at_10_std": -0.079375,
        "nauc_recall_at_10_diff1": 0.040788,
        "nauc_recall_at_20_max": 0.215784,
        "nauc_recall_at_20_std": -0.039211,
        "nauc_recall_at_20_diff1": 0.039837,
        "nauc_recall_at_100_max": 0.440676,
        "nauc_recall_at_100_std": 0.523684,
        "nauc_recall_at_100_diff1": -0.01599,
        "nauc_recall_at_1000_max": 0.380003,
        "nauc_recall_at_1000_std": 0.455017,
        "nauc_recall_at_1000_diff1": 0.135939,
        "nauc_precision_at_1_max": -0.056023,
        "nauc_precision_at_1_std": -0.135073,
        "nauc_precision_at_1_diff1": 0.174949,
        "nauc_precision_at_3_max": 0.006994,
        "nauc_precision_at_3_std": -0.054134,
        "nauc_precision_at_3_diff1": 0.093977,
        "nauc_precision_at_5_max": 0.015268,
        "nauc_precision_at_5_std": -0.066139,
        "nauc_precision_at_5_diff1": 0.082954,
        "nauc_precision_at_10_max": 0.106093,
        "nauc_precision_at_10_std": -0.079375,
        "nauc_precision_at_10_diff1": 0.040788,
        "nauc_precision_at_20_max": 0.215784,
        "nauc_precision_at_20_std": -0.039211,
        "nauc_precision_at_20_diff1": 0.039837,
        "nauc_precision_at_100_max": 0.440676,
        "nauc_precision_at_100_std": 0.523684,
        "nauc_precision_at_100_diff1": -0.01599,
        "nauc_precision_at_1000_max": 0.380003,
        "nauc_precision_at_1000_std": 0.455017,
        "nauc_precision_at_1000_diff1": 0.135939,
        "nauc_mrr_at_1_max": -0.056023,
        "nauc_mrr_at_1_std": -0.135073,
        "nauc_mrr_at_1_diff1": 0.174949,
        "nauc_mrr_at_3_max": -0.028314,
        "nauc_mrr_at_3_std": -0.092278,
        "nauc_mrr_at_3_diff1": 0.131213,
        "nauc_mrr_at_5_max": -0.027324,
        "nauc_mrr_at_5_std": -0.09524,
        "nauc_mrr_at_5_diff1": 0.129023,
        "nauc_mrr_at_10_max": -0.021191,
        "nauc_mrr_at_10_std": -0.096493,
        "nauc_mrr_at_10_diff1": 0.125815,
        "nauc_mrr_at_20_max": -0.01929,
        "nauc_mrr_at_20_std": -0.096097,
        "nauc_mrr_at_20_diff1": 0.128669,
        "nauc_mrr_at_100_max": -0.020466,
        "nauc_mrr_at_100_std": -0.09438,
        "nauc_mrr_at_100_diff1": 0.129613,
        "nauc_mrr_at_1000_max": -0.020723,
        "nauc_mrr_at_1000_std": -0.094721,
        "nauc_mrr_at_1000_diff1": 0.129716,
        "main_score": 0.45411,
        "hf_subset": "default",
        "languages": [
          "eng-Latn"
        ]
      }
    ]
  },
  "evaluation_time": 17.753856420516968,
  "kg_co2_emissions": null
}