{
  "dataset_revision": "0fd18e25b25c072e09e0d92ab615fda904d66300",
  "task_name": "Banking77Classification",
  "mteb_version": "1.26.3",
  "scores": {
    "test": [
      {
        "accuracy": 0.757273,
        "f1": 0.747134,
        "f1_weighted": 0.747134,
        "scores_per_experiment": [
          {
            "accuracy": 0.758766,
            "f1": 0.745121,
            "f1_weighted": 0.745121
          },
          {
            "accuracy": 0.761039,
            "f1": 0.752696,
            "f1_weighted": 0.752696
          },
          {
            "accuracy": 0.768182,
            "f1": 0.758354,
            "f1_weighted": 0.758354
          },
          {
            "accuracy": 0.755844,
            "f1": 0.747574,
            "f1_weighted": 0.747574
          },
          {
            "accuracy": 0.755195,
            "f1": 0.74133,
            "f1_weighted": 0.74133
          },
          {
            "accuracy": 0.756494,
            "f1": 0.750478,
            "f1_weighted": 0.750478
          },
          {
            "accuracy": 0.746429,
            "f1": 0.736934,
            "f1_weighted": 0.736934
          },
          {
            "accuracy": 0.76039,
            "f1": 0.751234,
            "f1_weighted": 0.751234
          },
          {
            "accuracy": 0.758766,
            "f1": 0.746272,
            "f1_weighted": 0.746272
          },
          {
            "accuracy": 0.751623,
            "f1": 0.741351,
            "f1_weighted": 0.741351
          }
        ],
        "main_score": 0.757273,
        "hf_subset": "default",
        "languages": [
          "eng-Latn"
        ]
      }
    ]
  },
  "evaluation_time": 15.718294382095337,
  "kg_co2_emissions": null
}