{
  "dataset_revision": "258694dd0231531bc1fd9de6ceb52a0853c6d908",
  "task_name": "BiorxivClusteringS2S",
  "mteb_version": "1.26.3",
  "scores": {
    "test": [
      {
        "v_measure": 0.200376,
        "v_measure_std": 0.009031,
        "v_measures": [
          0.197414,
          0.201853,
          0.187963,
          0.204998,
          0.197817,
          0.19859,
          0.196128,
          0.212481,
          0.188457,
          0.218061
        ],
        "main_score": 0.200376,
        "hf_subset": "default",
        "languages": [
          "eng-Latn"
        ]
      }
    ]
  },
  "evaluation_time": 22.914425134658813,
  "kg_co2_emissions": null
}