{
  "dataset_revision": "4f58c6b202a23cf9a4da393831edf4f9183cad37",
  "task_name": "EmotionClassification",
  "mteb_version": "1.26.3",
  "scores": {
    "validation": [
      {
        "accuracy": 0.50855,
        "f1": 0.445099,
        "f1_weighted": 0.51855,
        "scores_per_experiment": [
          {
            "accuracy": 0.5555,
            "f1": 0.47686,
            "f1_weighted": 0.561168
          },
          {
            "accuracy": 0.5225,
            "f1": 0.463786,
            "f1_weighted": 0.53203
          },
          {
            "accuracy": 0.5175,
            "f1": 0.433699,
            "f1_weighted": 0.523711
          },
          {
            "accuracy": 0.4925,
            "f1": 0.414837,
            "f1_weighted": 0.500584
          },
          {
            "accuracy": 0.493,
            "f1": 0.440412,
            "f1_weighted": 0.513876
          },
          {
            "accuracy": 0.5525,
            "f1": 0.487988,
            "f1_weighted": 0.559972
          },
          {
            "accuracy": 0.526,
            "f1": 0.453202,
            "f1_weighted": 0.535891
          },
          {
            "accuracy": 0.404,
            "f1": 0.386188,
            "f1_weighted": 0.410855
          },
          {
            "accuracy": 0.495,
            "f1": 0.440311,
            "f1_weighted": 0.506817
          },
          {
            "accuracy": 0.527,
            "f1": 0.453708,
            "f1_weighted": 0.540593
          }
        ],
        "main_score": 0.50855,
        "hf_subset": "default",
        "languages": [
          "eng-Latn"
        ]
      }
    ],
    "test": [
      {
        "accuracy": 0.51305,
        "f1": 0.439941,
        "f1_weighted": 0.525054,
        "scores_per_experiment": [
          {
            "accuracy": 0.55,
            "f1": 0.460564,
            "f1_weighted": 0.558872
          },
          {
            "accuracy": 0.5135,
            "f1": 0.444461,
            "f1_weighted": 0.524767
          },
          {
            "accuracy": 0.526,
            "f1": 0.441972,
            "f1_weighted": 0.533712
          },
          {
            "accuracy": 0.5155,
            "f1": 0.425871,
            "f1_weighted": 0.52326
          },
          {
            "accuracy": 0.5,
            "f1": 0.435897,
            "f1_weighted": 0.522547
          },
          {
            "accuracy": 0.5445,
            "f1": 0.453337,
            "f1_weighted": 0.551171
          },
          {
            "accuracy": 0.533,
            "f1": 0.453383,
            "f1_weighted": 0.544649
          },
          {
            "accuracy": 0.4255,
            "f1": 0.402922,
            "f1_weighted": 0.437981
          },
          {
            "accuracy": 0.496,
            "f1": 0.43184,
            "f1_weighted": 0.50992
          },
          {
            "accuracy": 0.5265,
            "f1": 0.449162,
            "f1_weighted": 0.543658
          }
        ],
        "main_score": 0.51305,
        "hf_subset": "default",
        "languages": [
          "eng-Latn"
        ]
      }
    ]
  },
  "evaluation_time": 9.886425733566284,
  "kg_co2_emissions": null
}