{
  "dataset_revision": "4672e20407010da34463acc759c162ca9734bca6",
  "task_name": "MassiveIntentClassification",
  "mteb_version": "1.26.3",
  "scores": {
    "validation": [
      {
        "accuracy": 0.665912,
        "f1": 0.622497,
        "f1_weighted": 0.6558,
        "scores_per_experiment": [
          {
            "accuracy": 0.66847,
            "f1": 0.631438,
            "f1_weighted": 0.661578
          },
          {
            "accuracy": 0.692081,
            "f1": 0.647819,
            "f1_weighted": 0.689213
          },
          {
            "accuracy": 0.655681,
            "f1": 0.603617,
            "f1_weighted": 0.647257
          },
          {
            "accuracy": 0.683227,
            "f1": 0.640632,
            "f1_weighted": 0.673875
          },
          {
            "accuracy": 0.644368,
            "f1": 0.592787,
            "f1_weighted": 0.631083
          },
          {
            "accuracy": 0.669946,
            "f1": 0.634359,
            "f1_weighted": 0.659107
          },
          {
            "accuracy": 0.64486,
            "f1": 0.604632,
            "f1_weighted": 0.636019
          },
          {
            "accuracy": 0.645844,
            "f1": 0.581235,
            "f1_weighted": 0.63593
          },
          {
            "accuracy": 0.65273,
            "f1": 0.632129,
            "f1_weighted": 0.6275
          },
          {
            "accuracy": 0.701918,
            "f1": 0.656321,
            "f1_weighted": 0.696436
          }
        ],
        "main_score": 0.665912,
        "hf_subset": "en",
        "languages": [
          "eng-Latn"
        ]
      }
    ],
    "test": [
      {
        "accuracy": 0.665669,
        "f1": 0.637187,
        "f1_weighted": 0.655826,
        "scores_per_experiment": [
          {
            "accuracy": 0.674849,
            "f1": 0.650559,
            "f1_weighted": 0.668921
          },
          {
            "accuracy": 0.682582,
            "f1": 0.649655,
            "f1_weighted": 0.678615
          },
          {
            "accuracy": 0.654001,
            "f1": 0.630426,
            "f1_weighted": 0.645669
          },
          {
            "accuracy": 0.675857,
            "f1": 0.640938,
            "f1_weighted": 0.669445
          },
          {
            "accuracy": 0.654338,
            "f1": 0.616856,
            "f1_weighted": 0.638058
          },
          {
            "accuracy": 0.651648,
            "f1": 0.632345,
            "f1_weighted": 0.643685
          },
          {
            "accuracy": 0.661063,
            "f1": 0.636687,
            "f1_weighted": 0.650185
          },
          {
            "accuracy": 0.66308,
            "f1": 0.626015,
            "f1_weighted": 0.655889
          },
          {
            "accuracy": 0.652993,
            "f1": 0.632087,
            "f1_weighted": 0.62905
          },
          {
            "accuracy": 0.686281,
            "f1": 0.656302,
            "f1_weighted": 0.678742
          }
        ],
        "main_score": 0.665669,
        "hf_subset": "en",
        "languages": [
          "eng-Latn"
        ]
      }
    ]
  },
  "evaluation_time": 8.160964250564575,
  "kg_co2_emissions": null
}