{
  "dataset_revision": "35191c8c0dca72d8ff3efcd72aa802307d469663",
  "task_name": "MedrxivClusteringS2S",
  "mteb_version": "1.26.3",
  "scores": {
    "test": [
      {
        "v_measure": 0.250571,
        "v_measure_std": 0.014913,
        "v_measures": [
          0.233548,
          0.244155,
          0.229465,
          0.242585,
          0.232587,
          0.27098,
          0.259747,
          0.26408,
          0.265044,
          0.263521
        ],
        "main_score": 0.250571,
        "hf_subset": "default",
        "languages": [
          "eng-Latn"
        ]
      }
    ]
  },
  "evaluation_time": 14.801525831222534,
  "kg_co2_emissions": null
}