{
  "dataset_revision": "ec0fa4fe99da2ff19ca1214b7966684033a58814",
  "task_name": "NFCorpus",
  "mteb_version": "1.26.3",
  "scores": {
    "test": [
      {
        "ndcg_at_1": 0.3808,
        "ndcg_at_3": 0.31963,
        "ndcg_at_5": 0.30242,
        "ndcg_at_10": 0.28485,
        "ndcg_at_20": 0.2695,
        "ndcg_at_100": 0.27445,
        "ndcg_at_1000": 0.36328,
        "map_at_1": 0.0493,
        "map_at_3": 0.06992,
        "map_at_5": 0.08116,
        "map_at_10": 0.09715,
        "map_at_20": 0.10821,
        "map_at_100": 0.12573,
        "map_at_1000": 0.13982,
        "recall_at_1": 0.0493,
        "recall_at_3": 0.08183,
        "recall_at_5": 0.10228,
        "recall_at_10": 0.14217,
        "recall_at_20": 0.17764,
        "recall_at_100": 0.29305,
        "recall_at_1000": 0.61894,
        "precision_at_1": 0.39938,
        "precision_at_3": 0.29412,
        "precision_at_5": 0.25697,
        "precision_at_10": 0.21146,
        "precision_at_20": 0.16161,
        "precision_at_100": 0.07545,
        "precision_at_1000": 0.02022,
        "mrr_at_1": 0.399381,
        "mrr_at_3": 0.455108,
        "mrr_at_5": 0.466099,
        "mrr_at_10": 0.478473,
        "mrr_at_20": 0.481779,
        "mrr_at_100": 0.484923,
        "mrr_at_1000": 0.485436,
        "nauc_ndcg_at_1_max": 0.182088,
        "nauc_ndcg_at_1_std": 0.12874,
        "nauc_ndcg_at_1_diff1": 0.188773,
        "nauc_ndcg_at_3_max": 0.236724,
        "nauc_ndcg_at_3_std": 0.140709,
        "nauc_ndcg_at_3_diff1": 0.108421,
        "nauc_ndcg_at_5_max": 0.241883,
        "nauc_ndcg_at_5_std": 0.154205,
        "nauc_ndcg_at_5_diff1": 0.091257,
        "nauc_ndcg_at_10_max": 0.260095,
        "nauc_ndcg_at_10_std": 0.178065,
        "nauc_ndcg_at_10_diff1": 0.085507,
        "nauc_ndcg_at_20_max": 0.255106,
        "nauc_ndcg_at_20_std": 0.184757,
        "nauc_ndcg_at_20_diff1": 0.078195,
        "nauc_ndcg_at_100_max": 0.259558,
        "nauc_ndcg_at_100_std": 0.212065,
        "nauc_ndcg_at_100_diff1": 0.118785,
        "nauc_ndcg_at_1000_max": 0.339897,
        "nauc_ndcg_at_1000_std": 0.279435,
        "nauc_ndcg_at_1000_diff1": 0.130666,
        "nauc_map_at_1_max": -0.021569,
        "nauc_map_at_1_std": -0.097059,
        "nauc_map_at_1_diff1": 0.258998,
        "nauc_map_at_3_max": 0.045571,
        "nauc_map_at_3_std": -0.100955,
        "nauc_map_at_3_diff1": 0.26537,
        "nauc_map_at_5_max": 0.069262,
        "nauc_map_at_5_std": -0.083248,
        "nauc_map_at_5_diff1": 0.233323,
        "nauc_map_at_10_max": 0.111101,
        "nauc_map_at_10_std": -0.04116,
        "nauc_map_at_10_diff1": 0.217133,
        "nauc_map_at_20_max": 0.137769,
        "nauc_map_at_20_std": -0.007401,
        "nauc_map_at_20_diff1": 0.201092,
        "nauc_map_at_100_max": 0.159416,
        "nauc_map_at_100_std": 0.059975,
        "nauc_map_at_100_diff1": 0.179125,
        "nauc_map_at_1000_max": 0.172071,
        "nauc_map_at_1000_std": 0.104298,
        "nauc_map_at_1000_diff1": 0.156558,
        "nauc_recall_at_1_max": -0.021569,
        "nauc_recall_at_1_std": -0.097059,
        "nauc_recall_at_1_diff1": 0.258998,
        "nauc_recall_at_3_max": 0.032758,
        "nauc_recall_at_3_std": -0.126749,
        "nauc_recall_at_3_diff1": 0.235142,
        "nauc_recall_at_5_max": 0.070755,
        "nauc_recall_at_5_std": -0.097917,
        "nauc_recall_at_5_diff1": 0.202721,
        "nauc_recall_at_10_max": 0.130816,
        "nauc_recall_at_10_std": -0.058663,
        "nauc_recall_at_10_diff1": 0.177488,
        "nauc_recall_at_20_max": 0.162654,
        "nauc_recall_at_20_std": -0.002262,
        "nauc_recall_at_20_diff1": 0.143353,
        "nauc_recall_at_100_max": 0.151148,
        "nauc_recall_at_100_std": 0.13917,
        "nauc_recall_at_100_diff1": 0.116745,
        "nauc_recall_at_1000_max": 0.134847,
        "nauc_recall_at_1000_std": 0.211096,
        "nauc_recall_at_1000_diff1": 0.06224,
        "nauc_precision_at_1_max": 0.225602,
        "nauc_precision_at_1_std": 0.122667,
        "nauc_precision_at_1_diff1": 0.206234,
        "nauc_precision_at_3_max": 0.293371,
        "nauc_precision_at_3_std": 0.187453,
        "nauc_precision_at_3_diff1": 0.059095,
        "nauc_precision_at_5_max": 0.295857,
        "nauc_precision_at_5_std": 0.21968,
        "nauc_precision_at_5_diff1": -0.000564,
        "nauc_precision_at_10_max": 0.307095,
        "nauc_precision_at_10_std": 0.300295,
        "nauc_precision_at_10_diff1": -0.052895,
        "nauc_precision_at_20_max": 0.274744,
        "nauc_precision_at_20_std": 0.355085,
        "nauc_precision_at_20_diff1": -0.08968,
        "nauc_precision_at_100_max": 0.168573,
        "nauc_precision_at_100_std": 0.416306,
        "nauc_precision_at_100_diff1": -0.143393,
        "nauc_precision_at_1000_max": 0.084485,
        "nauc_precision_at_1000_std": 0.345095,
        "nauc_precision_at_1000_diff1": -0.179148,
        "nauc_mrr_at_1_max": 0.225602,
        "nauc_mrr_at_1_std": 0.122667,
        "nauc_mrr_at_1_diff1": 0.206234,
        "nauc_mrr_at_3_max": 0.2863,
        "nauc_mrr_at_3_std": 0.16753,
        "nauc_mrr_at_3_diff1": 0.183964,
        "nauc_mrr_at_5_max": 0.296193,
        "nauc_mrr_at_5_std": 0.17807,
        "nauc_mrr_at_5_diff1": 0.181874,
        "nauc_mrr_at_10_max": 0.304107,
        "nauc_mrr_at_10_std": 0.183506,
        "nauc_mrr_at_10_diff1": 0.177756,
        "nauc_mrr_at_20_max": 0.30593,
        "nauc_mrr_at_20_std": 0.183898,
        "nauc_mrr_at_20_diff1": 0.178919,
        "nauc_mrr_at_100_max": 0.305054,
        "nauc_mrr_at_100_std": 0.184668,
        "nauc_mrr_at_100_diff1": 0.179737,
        "nauc_mrr_at_1000_max": 0.304858,
        "nauc_mrr_at_1000_std": 0.184102,
        "nauc_mrr_at_1000_diff1": 0.179975,
        "main_score": 0.28485,
        "hf_subset": "default",
        "languages": [
          "eng-Latn"
        ]
      }
    ]
  },
  "evaluation_time": 6.878301382064819,
  "kg_co2_emissions": null
}