{
  "dataset_revision": "d3c5e1fc0b855ab6097bf1cda04dd73947d7caab",
  "task_name": "SciDocsRR",
  "mteb_version": "1.26.3",
  "scores": {
    "test": [
      {
        "map": 0.720505,
        "mrr": 0.904163,
        "nAUC_map_max": 0.539287,
        "nAUC_map_std": 0.638041,
        "nAUC_map_diff1": 0.075818,
        "nAUC_mrr_max": 0.732982,
        "nAUC_mrr_std": 0.651487,
        "nAUC_mrr_diff1": 0.445695,
        "main_score": 0.720505,
        "hf_subset": "default",
        "languages": [
          "eng-Latn"
        ]
      }
    ]
  },
  "evaluation_time": 29.52872371673584,
  "kg_co2_emissions": null
}