{
  "dataset_revision": "0228b52cf27578f30900b9e5271d331663a030d7",
  "task_name": "SciFact",
  "mteb_version": "1.26.3",
  "scores": {
    "train": [
      {
        "ndcg_at_1": 0.3424,
        "ndcg_at_3": 0.42563,
        "ndcg_at_5": 0.44971,
        "ndcg_at_10": 0.47132,
        "ndcg_at_20": 0.48707,
        "ndcg_at_100": 0.51471,
        "ndcg_at_1000": 0.53301,
        "map_at_1": 0.32689,
        "map_at_3": 0.39836,
        "map_at_5": 0.41338,
        "map_at_10": 0.42312,
        "map_at_20": 0.42799,
        "map_at_100": 0.43197,
        "map_at_1000": 0.43258,
        "recall_at_1": 0.32689,
        "recall_at_3": 0.48407,
        "recall_at_5": 0.54145,
        "recall_at_10": 0.60429,
        "recall_at_20": 0.66345,
        "recall_at_100": 0.80902,
        "recall_at_1000": 0.95632,
        "precision_at_1": 0.3424,
        "precision_at_3": 0.17717,
        "precision_at_5": 0.1204,
        "precision_at_10": 0.06799,
        "precision_at_20": 0.03776,
        "precision_at_100": 0.00922,
        "precision_at_1000": 0.00109,
        "mrr_at_1": 0.342398,
        "mrr_at_3": 0.414504,
        "mrr_at_5": 0.427606,
        "mrr_at_10": 0.436004,
        "mrr_at_20": 0.439602,
        "mrr_at_100": 0.443146,
        "mrr_at_1000": 0.443668,
        "nauc_ndcg_at_1_max": 0.234646,
        "nauc_ndcg_at_1_std": 0.035484,
        "nauc_ndcg_at_1_diff1": 0.610359,
        "nauc_ndcg_at_3_max": 0.259982,
        "nauc_ndcg_at_3_std": 0.064763,
        "nauc_ndcg_at_3_diff1": 0.545455,
        "nauc_ndcg_at_5_max": 0.279569,
        "nauc_ndcg_at_5_std": 0.079196,
        "nauc_ndcg_at_5_diff1": 0.542226,
        "nauc_ndcg_at_10_max": 0.279287,
        "nauc_ndcg_at_10_std": 0.081078,
        "nauc_ndcg_at_10_diff1": 0.527707,
        "nauc_ndcg_at_20_max": 0.286734,
        "nauc_ndcg_at_20_std": 0.086871,
        "nauc_ndcg_at_20_diff1": 0.522769,
        "nauc_ndcg_at_100_max": 0.284413,
        "nauc_ndcg_at_100_std": 0.102953,
        "nauc_ndcg_at_100_diff1": 0.526596,
        "nauc_ndcg_at_1000_max": 0.281099,
        "nauc_ndcg_at_1000_std": 0.095634,
        "nauc_ndcg_at_1000_diff1": 0.534913,
        "nauc_map_at_1_max": 0.225962,
        "nauc_map_at_1_std": 0.028659,
        "nauc_map_at_1_diff1": 0.608269,
        "nauc_map_at_3_max": 0.249864,
        "nauc_map_at_3_std": 0.050776,
        "nauc_map_at_3_diff1": 0.559889,
        "nauc_map_at_5_max": 0.263964,
        "nauc_map_at_5_std": 0.062086,
        "nauc_map_at_5_diff1": 0.559387,
        "nauc_map_at_10_max": 0.265474,
        "nauc_map_at_10_std": 0.064229,
        "nauc_map_at_10_diff1": 0.553435,
        "nauc_map_at_20_max": 0.268251,
        "nauc_map_at_20_std": 0.066272,
        "nauc_map_at_20_diff1": 0.552532,
        "nauc_map_at_100_max": 0.268235,
        "nauc_map_at_100_std": 0.068787,
        "nauc_map_at_100_diff1": 0.553275,
        "nauc_map_at_1000_max": 0.268171,
        "nauc_map_at_1000_std": 0.068704,
        "nauc_map_at_1000_diff1": 0.553531,
        "nauc_recall_at_1_max": 0.225962,
        "nauc_recall_at_1_std": 0.028659,
        "nauc_recall_at_1_diff1": 0.608269,
        "nauc_recall_at_3_max": 0.268883,
        "nauc_recall_at_3_std": 0.072947,
        "nauc_recall_at_3_diff1": 0.496656,
        "nauc_recall_at_5_max": 0.307763,
        "nauc_recall_at_5_std": 0.108261,
        "nauc_recall_at_5_diff1": 0.481532,
        "nauc_recall_at_10_max": 0.303917,
        "nauc_recall_at_10_std": 0.114211,
        "nauc_recall_at_10_diff1": 0.430534,
        "nauc_recall_at_20_max": 0.338027,
        "nauc_recall_at_20_std": 0.140621,
        "nauc_recall_at_20_diff1": 0.399349,
        "nauc_recall_at_100_max": 0.335156,
        "nauc_recall_at_100_std": 0.305819,
        "nauc_recall_at_100_diff1": 0.365164,
        "nauc_recall_at_1000_max": 0.30125,
        "nauc_recall_at_1000_std": 0.475826,
        "nauc_recall_at_1000_diff1": 0.360451,
        "nauc_precision_at_1_max": 0.234646,
        "nauc_precision_at_1_std": 0.035484,
        "nauc_precision_at_1_diff1": 0.610359,
        "nauc_precision_at_3_max": 0.312811,
        "nauc_precision_at_3_std": 0.126832,
        "nauc_precision_at_3_diff1": 0.469993,
        "nauc_precision_at_5_max": 0.361247,
        "nauc_precision_at_5_std": 0.170768,
        "nauc_precision_at_5_diff1": 0.440984,
        "nauc_precision_at_10_max": 0.35267,
        "nauc_precision_at_10_std": 0.183707,
        "nauc_precision_at_10_diff1": 0.351722,
        "nauc_precision_at_20_max": 0.354768,
        "nauc_precision_at_20_std": 0.205278,
        "nauc_precision_at_20_diff1": 0.281565,
        "nauc_precision_at_100_max": 0.324983,
        "nauc_precision_at_100_std": 0.331321,
        "nauc_precision_at_100_diff1": 0.192858,
        "nauc_precision_at_1000_max": 0.242273,
        "nauc_precision_at_1000_std": 0.290475,
        "nauc_precision_at_1000_diff1": 0.035696,
        "nauc_mrr_at_1_max": 0.234646,
        "nauc_mrr_at_1_std": 0.035484,
        "nauc_mrr_at_1_diff1": 0.610359,
        "nauc_mrr_at_3_max": 0.259748,
        "nauc_mrr_at_3_std": 0.071328,
        "nauc_mrr_at_3_diff1": 0.558941,
        "nauc_mrr_at_5_max": 0.271553,
        "nauc_mrr_at_5_std": 0.077543,
        "nauc_mrr_at_5_diff1": 0.557851,
        "nauc_mrr_at_10_max": 0.268768,
        "nauc_mrr_at_10_std": 0.075414,
        "nauc_mrr_at_10_diff1": 0.552052,
        "nauc_mrr_at_20_max": 0.270035,
        "nauc_mrr_at_20_std": 0.07598,
        "nauc_mrr_at_20_diff1": 0.550694,
        "nauc_mrr_at_100_max": 0.269471,
        "nauc_mrr_at_100_std": 0.077342,
        "nauc_mrr_at_100_diff1": 0.551191,
        "nauc_mrr_at_1000_max": 0.269378,
        "nauc_mrr_at_1000_std": 0.077304,
        "nauc_mrr_at_1000_diff1": 0.55147,
        "main_score": 0.47132,
        "hf_subset": "default",
        "languages": [
          "eng-Latn"
        ]
      }
    ],
    "test": [
      {
        "ndcg_at_1": 0.34333,
        "ndcg_at_3": 0.39429,
        "ndcg_at_5": 0.42425,
        "ndcg_at_10": 0.4458,
        "ndcg_at_20": 0.4633,
        "ndcg_at_100": 0.49256,
        "ndcg_at_1000": 0.51087,
        "map_at_1": 0.32039,
        "map_at_3": 0.37281,
        "map_at_5": 0.39156,
        "map_at_10": 0.40185,
        "map_at_20": 0.40691,
        "map_at_100": 0.41123,
        "map_at_1000": 0.41189,
        "recall_at_1": 0.32039,
        "recall_at_3": 0.4305,
        "recall_at_5": 0.5055,
        "recall_at_10": 0.56828,
        "recall_at_20": 0.63556,
        "recall_at_100": 0.78733,
        "recall_at_1000": 0.93167,
        "precision_at_1": 0.34333,
        "precision_at_3": 0.15889,
        "precision_at_5": 0.11333,
        "precision_at_10": 0.06433,
        "precision_at_20": 0.03617,
        "precision_at_100": 0.00897,
        "precision_at_1000": 0.00106,
        "mrr_at_1": 0.343333,
        "mrr_at_3": 0.392222,
        "mrr_at_5": 0.407722,
        "mrr_at_10": 0.415747,
        "mrr_at_20": 0.42028,
        "mrr_at_100": 0.424284,
        "mrr_at_1000": 0.424858,
        "nauc_ndcg_at_1_max": 0.30241,
        "nauc_ndcg_at_1_std": 0.074008,
        "nauc_ndcg_at_1_diff1": 0.527775,
        "nauc_ndcg_at_3_max": 0.308548,
        "nauc_ndcg_at_3_std": 0.03448,
        "nauc_ndcg_at_3_diff1": 0.451436,
        "nauc_ndcg_at_5_max": 0.326673,
        "nauc_ndcg_at_5_std": 0.059332,
        "nauc_ndcg_at_5_diff1": 0.456971,
        "nauc_ndcg_at_10_max": 0.335292,
        "nauc_ndcg_at_10_std": 0.072946,
        "nauc_ndcg_at_10_diff1": 0.454394,
        "nauc_ndcg_at_20_max": 0.333369,
        "nauc_ndcg_at_20_std": 0.079788,
        "nauc_ndcg_at_20_diff1": 0.452938,
        "nauc_ndcg_at_100_max": 0.340168,
        "nauc_ndcg_at_100_std": 0.094322,
        "nauc_ndcg_at_100_diff1": 0.460179,
        "nauc_ndcg_at_1000_max": 0.334911,
        "nauc_ndcg_at_1000_std": 0.086338,
        "nauc_ndcg_at_1000_diff1": 0.460723,
        "nauc_map_at_1_max": 0.285322,
        "nauc_map_at_1_std": 0.003736,
        "nauc_map_at_1_diff1": 0.524705,
        "nauc_map_at_3_max": 0.304535,
        "nauc_map_at_3_std": 0.01332,
        "nauc_map_at_3_diff1": 0.472002,
        "nauc_map_at_5_max": 0.314404,
        "nauc_map_at_5_std": 0.034571,
        "nauc_map_at_5_diff1": 0.476473,
        "nauc_map_at_10_max": 0.319597,
        "nauc_map_at_10_std": 0.043648,
        "nauc_map_at_10_diff1": 0.474984,
        "nauc_map_at_20_max": 0.319637,
        "nauc_map_at_20_std": 0.045896,
        "nauc_map_at_20_diff1": 0.474628,
        "nauc_map_at_100_max": 0.320556,
        "nauc_map_at_100_std": 0.048718,
        "nauc_map_at_100_diff1": 0.476067,
        "nauc_map_at_1000_max": 0.320411,
        "nauc_map_at_1000_std": 0.04862,
        "nauc_map_at_1000_diff1": 0.476072,
        "nauc_recall_at_1_max": 0.285322,
        "nauc_recall_at_1_std": 0.003736,
        "nauc_recall_at_1_diff1": 0.524705,
        "nauc_recall_at_3_max": 0.307561,
        "nauc_recall_at_3_std": 0.013296,
        "nauc_recall_at_3_diff1": 0.403319,
        "nauc_recall_at_5_max": 0.342272,
        "nauc_recall_at_5_std": 0.081461,
        "nauc_recall_at_5_diff1": 0.402885,
        "nauc_recall_at_10_max": 0.36705,
        "nauc_recall_at_10_std": 0.119354,
        "nauc_recall_at_10_diff1": 0.394975,
        "nauc_recall_at_20_max": 0.351286,
        "nauc_recall_at_20_std": 0.149237,
        "nauc_recall_at_20_diff1": 0.378097,
        "nauc_recall_at_100_max": 0.414173,
        "nauc_recall_at_100_std": 0.293875,
        "nauc_recall_at_100_diff1": 0.39247,
        "nauc_recall_at_1000_max": 0.359489,
        "nauc_recall_at_1000_std": 0.33232,
        "nauc_recall_at_1000_diff1": 0.300961,
        "nauc_precision_at_1_max": 0.30241,
        "nauc_precision_at_1_std": 0.074008,
        "nauc_precision_at_1_diff1": 0.527775,
        "nauc_precision_at_3_max": 0.324132,
        "nauc_precision_at_3_std": 0.10406,
        "nauc_precision_at_3_diff1": 0.359276,
        "nauc_precision_at_5_max": 0.33313,
        "nauc_precision_at_5_std": 0.193444,
        "nauc_precision_at_5_diff1": 0.349541,
        "nauc_precision_at_10_max": 0.340102,
        "nauc_precision_at_10_std": 0.248657,
        "nauc_precision_at_10_diff1": 0.305158,
        "nauc_precision_at_20_max": 0.331835,
        "nauc_precision_at_20_std": 0.281932,
        "nauc_precision_at_20_diff1": 0.267727,
        "nauc_precision_at_100_max": 0.337746,
        "nauc_precision_at_100_std": 0.369608,
        "nauc_precision_at_100_diff1": 0.227783,
        "nauc_precision_at_1000_max": 0.280216,
        "nauc_precision_at_1000_std": 0.369599,
        "nauc_precision_at_1000_diff1": 0.090993,
        "nauc_mrr_at_1_max": 0.30241,
        "nauc_mrr_at_1_std": 0.074008,
        "nauc_mrr_at_1_diff1": 0.527775,
        "nauc_mrr_at_3_max": 0.315516,
        "nauc_mrr_at_3_std": 0.076047,
        "nauc_mrr_at_3_diff1": 0.467731,
        "nauc_mrr_at_5_max": 0.326784,
        "nauc_mrr_at_5_std": 0.086778,
        "nauc_mrr_at_5_diff1": 0.467182,
        "nauc_mrr_at_10_max": 0.32917,
        "nauc_mrr_at_10_std": 0.088712,
        "nauc_mrr_at_10_diff1": 0.467279,
        "nauc_mrr_at_20_max": 0.329414,
        "nauc_mrr_at_20_std": 0.090284,
        "nauc_mrr_at_20_diff1": 0.468076,
        "nauc_mrr_at_100_max": 0.329996,
        "nauc_mrr_at_100_std": 0.092398,
        "nauc_mrr_at_100_diff1": 0.468931,
        "nauc_mrr_at_1000_max": 0.329661,
        "nauc_mrr_at_1000_std": 0.092307,
        "nauc_mrr_at_1000_diff1": 0.468968,
        "main_score": 0.4458,
        "hf_subset": "default",
        "languages": [
          "eng-Latn"
        ]
      }
    ]
  },
  "evaluation_time": 20.288488149642944,
  "kg_co2_emissions": null
}