{
  "dataset_revision": "20a6d6f312dd54037fe07a32d58e5e168867909d",
  "task_name": "SICK-R",
  "mteb_version": "1.26.3",
  "scores": {
    "test": [
      {
        "pearson": 0.817689,
        "spearman": 0.767207,
        "cosine_pearson": 0.817689,
        "cosine_spearman": 0.767207,
        "manhattan_pearson": 0.785505,
        "manhattan_spearman": 0.766878,
        "euclidean_pearson": 0.785914,
        "euclidean_spearman": 0.767207,
        "main_score": 0.767207,
        "hf_subset": "default",
        "languages": [
          "eng-Latn"
        ]
      }
    ]
  },
  "evaluation_time": 4.323102951049805,
  "kg_co2_emissions": null
}