{
  "dataset_revision": "d66bd1f72af766a5cc4b0ca5e00c162f89e8cc46",
  "task_name": "SprintDuplicateQuestions",
  "mteb_version": "1.26.3",
  "scores": {
    "validation": [
      {
        "similarity_accuracy": 0.996218,
        "similarity_accuracy_threshold": 0.896891,
        "similarity_f1": 0.808636,
        "similarity_f1_threshold": 0.893593,
        "similarity_precision": 0.793834,
        "similarity_recall": 0.824,
        "similarity_ap": 0.864544,
        "cosine_accuracy": 0.996218,
        "cosine_accuracy_threshold": 0.896891,
        "cosine_f1": 0.808636,
        "cosine_f1_threshold": 0.893593,
        "cosine_precision": 0.793834,
        "cosine_recall": 0.824,
        "cosine_ap": 0.864544,
        "manhattan_accuracy": 0.996168,
        "manhattan_accuracy_threshold": 9.991969,
        "manhattan_f1": 0.80565,
        "manhattan_f1_threshold": 10.222679,
        "manhattan_precision": 0.785375,
        "manhattan_recall": 0.827,
        "manhattan_ap": 0.861938,
        "euclidean_accuracy": 0.996218,
        "euclidean_accuracy_threshold": 0.454113,
        "euclidean_f1": 0.808636,
        "euclidean_f1_threshold": 0.461318,
        "euclidean_precision": 0.793834,
        "euclidean_recall": 0.824,
        "euclidean_ap": 0.864544,
        "dot_accuracy": 0.996218,
        "dot_accuracy_threshold": 0.896891,
        "dot_f1": 0.808636,
        "dot_f1_threshold": 0.893593,
        "dot_precision": 0.793834,
        "dot_recall": 0.824,
        "dot_ap": 0.864544,
        "max_accuracy": 0.996218,
        "max_f1": 0.808636,
        "max_precision": 0.793834,
        "max_recall": 0.827,
        "max_ap": 0.864544,
        "main_score": 0.864544,
        "hf_subset": "default",
        "languages": [
          "eng-Latn"
        ]
      }
    ],
    "test": [
      {
        "similarity_accuracy": 0.996248,
        "similarity_accuracy_threshold": 0.90712,
        "similarity_f1": 0.807655,
        "similarity_f1_threshold": 0.897152,
        "similarity_precision": 0.792871,
        "similarity_recall": 0.823,
        "similarity_ap": 0.878644,
        "cosine_accuracy": 0.996248,
        "cosine_accuracy_threshold": 0.90712,
        "cosine_f1": 0.807655,
        "cosine_f1_threshold": 0.897152,
        "cosine_precision": 0.792871,
        "cosine_recall": 0.823,
        "cosine_ap": 0.878644,
        "manhattan_accuracy": 0.996188,
        "manhattan_accuracy_threshold": 9.527462,
        "manhattan_f1": 0.805639,
        "manhattan_f1_threshold": 9.896685,
        "manhattan_precision": 0.811359,
        "manhattan_recall": 0.8,
        "manhattan_ap": 0.877762,
        "euclidean_accuracy": 0.996248,
        "euclidean_accuracy_threshold": 0.430998,
        "euclidean_f1": 0.807655,
        "euclidean_f1_threshold": 0.453538,
        "euclidean_precision": 0.792871,
        "euclidean_recall": 0.823,
        "euclidean_ap": 0.878644,
        "dot_accuracy": 0.996248,
        "dot_accuracy_threshold": 0.90712,
        "dot_f1": 0.807655,
        "dot_f1_threshold": 0.897152,
        "dot_precision": 0.792871,
        "dot_recall": 0.823,
        "dot_ap": 0.878646,
        "max_accuracy": 0.996248,
        "max_f1": 0.807655,
        "max_precision": 0.811359,
        "max_recall": 0.823,
        "max_ap": 0.878646,
        "main_score": 0.878646,
        "hf_subset": "default",
        "languages": [
          "eng-Latn"
        ]
      }
    ]
  },
  "evaluation_time": 47.69374704360962,
  "kg_co2_emissions": null
}