{
  "dataset_revision": "e185fbe320c72810689fc5848eb6114e1ef5ec69",
  "task_name": "StackOverflowDupQuestions",
  "mteb_version": "1.26.3",
  "scores": {
    "test": [
      {
        "map": 0.448502,
        "mrr": 0.4533,
        "nAUC_map_max": 0.125155,
        "nAUC_map_std": 0.041524,
        "nAUC_map_diff1": 0.354427,
        "nAUC_mrr_max": 0.127628,
        "nAUC_mrr_std": 0.044866,
        "nAUC_mrr_diff1": 0.356421,
        "main_score": 0.448502,
        "hf_subset": "default",
        "languages": [
          "eng-Latn"
        ]
      }
    ]
  },
  "evaluation_time": 18.888080596923828,
  "kg_co2_emissions": null
}