{
  "dataset_revision": "4d8694f8f0e0100860b497b999b3dbed754a0513",
  "task_name": "STS16",
  "mteb_version": "1.26.3",
  "scores": {
    "test": [
      {
        "pearson": 0.787389,
        "spearman": 0.796881,
        "cosine_pearson": 0.787389,
        "cosine_spearman": 0.79688,
        "manhattan_pearson": 0.791446,
        "manhattan_spearman": 0.797068,
        "euclidean_pearson": 0.791337,
        "euclidean_spearman": 0.796881,
        "main_score": 0.79688,
        "hf_subset": "default",
        "languages": [
          "eng-Latn"
        ]
      }
    ]
  },
  "evaluation_time": 0.7921769618988037,
  "kg_co2_emissions": null
}