{
  "dataset_revision": "b0fddb56ed78048fa8b90373c8a3cfc37b684831",
  "task_name": "STSBenchmark",
  "mteb_version": "1.26.3",
  "scores": {
    "test": [
      {
        "pearson": 0.818571,
        "spearman": 0.813157,
        "cosine_pearson": 0.818571,
        "cosine_spearman": 0.813157,
        "manhattan_pearson": 0.816599,
        "manhattan_spearman": 0.813133,
        "euclidean_pearson": 0.816735,
        "euclidean_spearman": 0.813157,
        "main_score": 0.813157,
        "hf_subset": "default",
        "languages": [
          "eng-Latn"
        ]
      }
    ]
  },
  "evaluation_time": 0.655937671661377,
  "kg_co2_emissions": null
}