{
  "dataset_revision": "6125ec4e24fa026cec8a478383ee943acfbd5449",
  "task_name": "TwentyNewsgroupsClustering",
  "mteb_version": "1.26.3",
  "scores": {
    "test": [
      {
        "v_measure": 0.371668,
        "v_measure_std": 0.026722,
        "v_measures": [
          0.372066,
          0.391457,
          0.358211,
          0.383326,
          0.373376,
          0.36428,
          0.376129,
          0.429613,
          0.324736,
          0.343486
        ],
        "main_score": 0.371668,
        "hf_subset": "default",
        "languages": [
          "eng-Latn"
        ]
      }
    ]
  },
  "evaluation_time": 11.324779748916626,
  "kg_co2_emissions": null
}