{
  "dataset_revision": "c22ab2a51041ffd869aaddef7af8d8215647e41a",
  "task_name": "ArguAna",
  "mteb_version": "1.26.3",
  "scores": {
    "test": [
      {
        "ndcg_at_1": 0.23186,
        "ndcg_at_3": 0.35849,
        "ndcg_at_5": 0.4012,
        "ndcg_at_10": 0.46521,
        "ndcg_at_20": 0.50048,
        "ndcg_at_100": 0.51954,
        "ndcg_at_1000": 0.52087,
        "map_at_1": 0.23186,
        "map_at_3": 0.32622,
        "map_at_5": 0.35005,
        "map_at_10": 0.37692,
        "map_at_20": 0.38689,
        "map_at_100": 0.38986,
        "map_at_1000": 0.38991,
        "recall_at_1": 0.23186,
        "recall_at_3": 0.45235,
        "recall_at_5": 0.55548,
        "recall_at_10": 0.75107,
        "recall_at_20": 0.88834,
        "recall_at_100": 0.98649,
        "recall_at_1000": 0.99644,
        "precision_at_1": 0.23186,
        "precision_at_3": 0.15078,
        "precision_at_5": 0.1111,
        "precision_at_10": 0.07511,
        "precision_at_20": 0.04442,
        "precision_at_100": 0.00986,
        "precision_at_1000": 0.001,
        "mrr_at_1": 0.23542,
        "mrr_at_3": 0.327762,
        "mrr_at_5": 0.351482,
        "mrr_at_10": 0.378104,
        "mrr_at_20": 0.388205,
        "mrr_at_100": 0.391167,
        "mrr_at_1000": 0.391227,
        "nauc_ndcg_at_1_max": 0.036051,
        "nauc_ndcg_at_1_std": -0.089292,
        "nauc_ndcg_at_1_diff1": 0.254299,
        "nauc_ndcg_at_3_max": 0.042611,
        "nauc_ndcg_at_3_std": -0.105977,
        "nauc_ndcg_at_3_diff1": 0.188118,
        "nauc_ndcg_at_5_max": 0.05954,
        "nauc_ndcg_at_5_std": -0.101075,
        "nauc_ndcg_at_5_diff1": 0.171003,
        "nauc_ndcg_at_10_max": 0.078293,
        "nauc_ndcg_at_10_std": -0.106549,
        "nauc_ndcg_at_10_diff1": 0.170751,
        "nauc_ndcg_at_20_max": 0.076842,
        "nauc_ndcg_at_20_std": -0.108724,
        "nauc_ndcg_at_20_diff1": 0.181371,
        "nauc_ndcg_at_100_max": 0.062317,
        "nauc_ndcg_at_100_std": -0.098254,
        "nauc_ndcg_at_100_diff1": 0.189123,
        "nauc_ndcg_at_1000_max": 0.061296,
        "nauc_ndcg_at_1000_std": -0.100016,
        "nauc_ndcg_at_1000_diff1": 0.189419,
        "nauc_map_at_1_max": 0.036051,
        "nauc_map_at_1_std": -0.089292,
        "nauc_map_at_1_diff1": 0.254299,
        "nauc_map_at_3_max": 0.041237,
        "nauc_map_at_3_std": -0.103274,
        "nauc_map_at_3_diff1": 0.203179,
        "nauc_map_at_5_max": 0.050587,
        "nauc_map_at_5_std": -0.100232,
        "nauc_map_at_5_diff1": 0.193982,
        "nauc_map_at_10_max": 0.057677,
        "nauc_map_at_10_std": -0.101589,
        "nauc_map_at_10_diff1": 0.194709,
        "nauc_map_at_20_max": 0.05695,
        "nauc_map_at_20_std": -0.102413,
        "nauc_map_at_20_diff1": 0.198251,
        "nauc_map_at_100_max": 0.054972,
        "nauc_map_at_100_std": -0.10069,
        "nauc_map_at_100_diff1": 0.19932,
        "nauc_map_at_1000_max": 0.054921,
        "nauc_map_at_1000_std": -0.100759,
        "nauc_map_at_1000_diff1": 0.199328,
        "nauc_recall_at_1_max": 0.036051,
        "nauc_recall_at_1_std": -0.089292,
        "nauc_recall_at_1_diff1": 0.254299,
        "nauc_recall_at_3_max": 0.046266,
        "nauc_recall_at_3_std": -0.112844,
        "nauc_recall_at_3_diff1": 0.147561,
        "nauc_recall_at_5_max": 0.087568,
        "nauc_recall_at_5_std": -0.102645,
        "nauc_recall_at_5_diff1": 0.102876,
        "nauc_recall_at_10_max": 0.175796,
        "nauc_recall_at_10_std": -0.131151,
        "nauc_recall_at_10_diff1": 0.070548,
        "nauc_recall_at_20_max": 0.2579,
        "nauc_recall_at_20_std": -0.167583,
        "nauc_recall_at_20_diff1": 0.061707,
        "nauc_recall_at_100_max": 0.176303,
        "nauc_recall_at_100_std": 0.29345,
        "nauc_recall_at_100_diff1": -0.054516,
        "nauc_recall_at_1000_max": 0.037281,
        "nauc_recall_at_1000_std": 0.490264,
        "nauc_recall_at_1000_diff1": -0.54138,
        "nauc_precision_at_1_max": 0.036051,
        "nauc_precision_at_1_std": -0.089292,
        "nauc_precision_at_1_diff1": 0.254299,
        "nauc_precision_at_3_max": 0.046266,
        "nauc_precision_at_3_std": -0.112844,
        "nauc_precision_at_3_diff1": 0.147561,
        "nauc_precision_at_5_max": 0.087568,
        "nauc_precision_at_5_std": -0.102645,
        "nauc_precision_at_5_diff1": 0.102876,
        "nauc_precision_at_10_max": 0.175796,
        "nauc_precision_at_10_std": -0.131151,
        "nauc_precision_at_10_diff1": 0.070548,
        "nauc_precision_at_20_max": 0.2579,
        "nauc_precision_at_20_std": -0.167583,
        "nauc_precision_at_20_diff1": 0.061707,
        "nauc_precision_at_100_max": 0.176303,
        "nauc_precision_at_100_std": 0.29345,
        "nauc_precision_at_100_diff1": -0.054516,
        "nauc_precision_at_1000_max": 0.037281,
        "nauc_precision_at_1000_std": 0.490264,
        "nauc_precision_at_1000_diff1": -0.54138,
        "nauc_mrr_at_1_max": 0.040805,
        "nauc_mrr_at_1_std": -0.085568,
        "nauc_mrr_at_1_diff1": 0.241147,
        "nauc_mrr_at_3_max": 0.041913,
        "nauc_mrr_at_3_std": -0.100931,
        "nauc_mrr_at_3_diff1": 0.194789,
        "nauc_mrr_at_5_max": 0.049928,
        "nauc_mrr_at_5_std": -0.098606,
        "nauc_mrr_at_5_diff1": 0.186177,
        "nauc_mrr_at_10_max": 0.056197,
        "nauc_mrr_at_10_std": -0.099959,
        "nauc_mrr_at_10_diff1": 0.185713,
        "nauc_mrr_at_20_max": 0.056075,
        "nauc_mrr_at_20_std": -0.100908,
        "nauc_mrr_at_20_diff1": 0.189689,
        "nauc_mrr_at_100_max": 0.054092,
        "nauc_mrr_at_100_std": -0.099176,
        "nauc_mrr_at_100_diff1": 0.190672,
        "nauc_mrr_at_1000_max": 0.05404,
        "nauc_mrr_at_1000_std": -0.099244,
        "nauc_mrr_at_1000_diff1": 0.190679,
        "main_score": 0.46521,
        "hf_subset": "default",
        "languages": [
          "eng-Latn"
        ]
      }
    ]
  },
  "evaluation_time": 21.016111850738525,
  "kg_co2_emissions": null
}