{
  "dataset_revision": "0fd18e25b25c072e09e0d92ab615fda904d66300",
  "task_name": "Banking77Classification",
  "mteb_version": "1.26.3",
  "scores": {
    "test": [
      {
        "accuracy": 0.817013,
        "f1": 0.811316,
        "f1_weighted": 0.811316,
        "scores_per_experiment": [
          {
            "accuracy": 0.812013,
            "f1": 0.803823,
            "f1_weighted": 0.803823
          },
          {
            "accuracy": 0.821104,
            "f1": 0.816869,
            "f1_weighted": 0.816869
          },
          {
            "accuracy": 0.833442,
            "f1": 0.829716,
            "f1_weighted": 0.829716
          },
          {
            "accuracy": 0.821753,
            "f1": 0.817086,
            "f1_weighted": 0.817086
          },
          {
            "accuracy": 0.810065,
            "f1": 0.803378,
            "f1_weighted": 0.803378
          },
          {
            "accuracy": 0.817857,
            "f1": 0.814625,
            "f1_weighted": 0.814625
          },
          {
            "accuracy": 0.805195,
            "f1": 0.797077,
            "f1_weighted": 0.797077
          },
          {
            "accuracy": 0.812013,
            "f1": 0.805672,
            "f1_weighted": 0.805672
          },
          {
            "accuracy": 0.823377,
            "f1": 0.817236,
            "f1_weighted": 0.817236
          },
          {
            "accuracy": 0.813312,
            "f1": 0.807677,
            "f1_weighted": 0.807677
          }
        ],
        "main_score": 0.817013,
        "hf_subset": "default",
        "languages": [
          "eng-Latn"
        ]
      }
    ]
  },
  "evaluation_time": 11.626815795898438,
  "kg_co2_emissions": null
}