{
  "dataset_revision": "258694dd0231531bc1fd9de6ceb52a0853c6d908",
  "task_name": "BiorxivClusteringS2S",
  "mteb_version": "1.26.3",
  "scores": {
    "test": [
      {
        "v_measure": 0.348199,
        "v_measure_std": 0.005783,
        "v_measures": [
          0.356439,
          0.339264,
          0.347449,
          0.347076,
          0.33882,
          0.356009,
          0.352943,
          0.346802,
          0.346241,
          0.350951
        ],
        "main_score": 0.348199,
        "hf_subset": "default",
        "languages": [
          "eng-Latn"
        ]
      }
    ]
  },
  "evaluation_time": 21.40862536430359,
  "kg_co2_emissions": null
}