{
  "dataset_revision": "4f58c6b202a23cf9a4da393831edf4f9183cad37",
  "task_name": "EmotionClassification",
  "mteb_version": "1.26.3",
  "scores": {
    "validation": [
      {
        "accuracy": 0.42535,
        "f1": 0.386401,
        "f1_weighted": 0.445714,
        "scores_per_experiment": [
          {
            "accuracy": 0.4635,
            "f1": 0.410631,
            "f1_weighted": 0.48337
          },
          {
            "accuracy": 0.4035,
            "f1": 0.366474,
            "f1_weighted": 0.419671
          },
          {
            "accuracy": 0.4125,
            "f1": 0.374091,
            "f1_weighted": 0.436552
          },
          {
            "accuracy": 0.4385,
            "f1": 0.387163,
            "f1_weighted": 0.460719
          },
          {
            "accuracy": 0.3915,
            "f1": 0.366314,
            "f1_weighted": 0.411217
          },
          {
            "accuracy": 0.444,
            "f1": 0.41115,
            "f1_weighted": 0.459758
          },
          {
            "accuracy": 0.435,
            "f1": 0.381985,
            "f1_weighted": 0.457934
          },
          {
            "accuracy": 0.42,
            "f1": 0.385039,
            "f1_weighted": 0.43857
          },
          {
            "accuracy": 0.4375,
            "f1": 0.40471,
            "f1_weighted": 0.458194
          },
          {
            "accuracy": 0.4075,
            "f1": 0.376457,
            "f1_weighted": 0.431154
          }
        ],
        "main_score": 0.42535,
        "hf_subset": "default",
        "languages": [
          "eng-Latn"
        ]
      }
    ],
    "test": [
      {
        "accuracy": 0.42225,
        "f1": 0.375575,
        "f1_weighted": 0.446745,
        "scores_per_experiment": [
          {
            "accuracy": 0.4625,
            "f1": 0.40023,
            "f1_weighted": 0.487283
          },
          {
            "accuracy": 0.389,
            "f1": 0.354052,
            "f1_weighted": 0.408375
          },
          {
            "accuracy": 0.386,
            "f1": 0.345781,
            "f1_weighted": 0.413044
          },
          {
            "accuracy": 0.43,
            "f1": 0.375118,
            "f1_weighted": 0.45394
          },
          {
            "accuracy": 0.3965,
            "f1": 0.366122,
            "f1_weighted": 0.421397
          },
          {
            "accuracy": 0.4175,
            "f1": 0.374944,
            "f1_weighted": 0.44177
          },
          {
            "accuracy": 0.451,
            "f1": 0.391847,
            "f1_weighted": 0.475146
          },
          {
            "accuracy": 0.4205,
            "f1": 0.372238,
            "f1_weighted": 0.444668
          },
          {
            "accuracy": 0.4475,
            "f1": 0.398747,
            "f1_weighted": 0.472639
          },
          {
            "accuracy": 0.422,
            "f1": 0.376667,
            "f1_weighted": 0.449185
          }
        ],
        "main_score": 0.42225,
        "hf_subset": "default",
        "languages": [
          "eng-Latn"
        ]
      }
    ]
  },
  "evaluation_time": 9.772157907485962,
  "kg_co2_emissions": null
}