{
  "dataset_revision": "4672e20407010da34463acc759c162ca9734bca6",
  "task_name": "MassiveIntentClassification",
  "mteb_version": "1.26.3",
  "scores": {
    "validation": [
      {
        "accuracy": 0.705903,
        "f1": 0.665275,
        "f1_weighted": 0.695329,
        "scores_per_experiment": [
          {
            "accuracy": 0.715691,
            "f1": 0.673216,
            "f1_weighted": 0.706868
          },
          {
            "accuracy": 0.728972,
            "f1": 0.685655,
            "f1_weighted": 0.721748
          },
          {
            "accuracy": 0.697,
            "f1": 0.644084,
            "f1_weighted": 0.685627
          },
          {
            "accuracy": 0.730448,
            "f1": 0.683493,
            "f1_weighted": 0.720484
          },
          {
            "accuracy": 0.703886,
            "f1": 0.663213,
            "f1_weighted": 0.689662
          },
          {
            "accuracy": 0.68667,
            "f1": 0.648121,
            "f1_weighted": 0.67372
          },
          {
            "accuracy": 0.701918,
            "f1": 0.66624,
            "f1_weighted": 0.693137
          },
          {
            "accuracy": 0.696508,
            "f1": 0.660361,
            "f1_weighted": 0.690438
          },
          {
            "accuracy": 0.682735,
            "f1": 0.654374,
            "f1_weighted": 0.663692
          },
          {
            "accuracy": 0.715199,
            "f1": 0.673993,
            "f1_weighted": 0.707909
          }
        ],
        "main_score": 0.705903,
        "hf_subset": "en",
        "languages": [
          "eng-Latn"
        ]
      }
    ],
    "test": [
      {
        "accuracy": 0.697579,
        "f1": 0.67888,
        "f1_weighted": 0.688169,
        "scores_per_experiment": [
          {
            "accuracy": 0.709482,
            "f1": 0.683013,
            "f1_weighted": 0.695794
          },
          {
            "accuracy": 0.729321,
            "f1": 0.714673,
            "f1_weighted": 0.724938
          },
          {
            "accuracy": 0.682246,
            "f1": 0.652472,
            "f1_weighted": 0.669516
          },
          {
            "accuracy": 0.72226,
            "f1": 0.696158,
            "f1_weighted": 0.716716
          },
          {
            "accuracy": 0.686281,
            "f1": 0.667685,
            "f1_weighted": 0.673466
          },
          {
            "accuracy": 0.665098,
            "f1": 0.656088,
            "f1_weighted": 0.655324
          },
          {
            "accuracy": 0.693006,
            "f1": 0.685236,
            "f1_weighted": 0.686427
          },
          {
            "accuracy": 0.703766,
            "f1": 0.674778,
            "f1_weighted": 0.700036
          },
          {
            "accuracy": 0.682919,
            "f1": 0.669584,
            "f1_weighted": 0.667033
          },
          {
            "accuracy": 0.701412,
            "f1": 0.689108,
            "f1_weighted": 0.692444
          }
        ],
        "main_score": 0.697579,
        "hf_subset": "en",
        "languages": [
          "eng-Latn"
        ]
      }
    ]
  },
  "evaluation_time": 6.650191068649292,
  "kg_co2_emissions": null
}