{
  "dataset_revision": "35191c8c0dca72d8ff3efcd72aa802307d469663",
  "task_name": "MedrxivClusteringS2S",
  "mteb_version": "1.26.3",
  "scores": {
    "test": [
      {
        "v_measure": 0.33419,
        "v_measure_std": 0.01575,
        "v_measures": [
          0.31882,
          0.312672,
          0.318671,
          0.319294,
          0.32727,
          0.350448,
          0.342651,
          0.357053,
          0.352854,
          0.342171
        ],
        "main_score": 0.33419,
        "hf_subset": "default",
        "languages": [
          "eng-Latn"
        ]
      }
    ]
  },
  "evaluation_time": 12.739421129226685,
  "kg_co2_emissions": null
}