{
  "dataset_revision": "d3c5e1fc0b855ab6097bf1cda04dd73947d7caab",
  "task_name": "SciDocsRR",
  "mteb_version": "1.26.3",
  "scores": {
    "test": [
      {
        "map": 0.88654,
        "mrr": 0.966021,
        "nAUC_map_max": 0.55753,
        "nAUC_map_std": 0.718206,
        "nAUC_map_diff1": -0.02068,
        "nAUC_mrr_max": 0.87544,
        "nAUC_mrr_std": 0.852586,
        "nAUC_mrr_diff1": 0.421561,
        "main_score": 0.88654,
        "hf_subset": "default",
        "languages": [
          "eng-Latn"
        ]
      }
    ]
  },
  "evaluation_time": 20.767579793930054,
  "kg_co2_emissions": null
}