{
  "dataset_revision": "0228b52cf27578f30900b9e5271d331663a030d7",
  "task_name": "SciFact",
  "mteb_version": "1.26.3",
  "scores": {
    "train": [
      {
        "ndcg_at_1": 0.53399,
        "ndcg_at_3": 0.60641,
        "ndcg_at_5": 0.63857,
        "ndcg_at_10": 0.65981,
        "ndcg_at_20": 0.67475,
        "ndcg_at_100": 0.69051,
        "ndcg_at_1000": 0.69828,
        "map_at_1": 0.50742,
        "map_at_3": 0.57864,
        "map_at_5": 0.60022,
        "map_at_10": 0.61049,
        "map_at_20": 0.61522,
        "map_at_100": 0.61764,
        "map_at_1000": 0.61796,
        "recall_at_1": 0.50742,
        "recall_at_3": 0.65882,
        "recall_at_5": 0.73381,
        "recall_at_10": 0.79565,
        "recall_at_20": 0.85105,
        "recall_at_100": 0.9316,
        "recall_at_1000": 0.99135,
        "precision_at_1": 0.53399,
        "precision_at_3": 0.2398,
        "precision_at_5": 0.16292,
        "precision_at_10": 0.08974,
        "precision_at_20": 0.04852,
        "precision_at_100": 0.01064,
        "precision_at_1000": 0.00113,
        "mrr_at_1": 0.533993,
        "mrr_at_3": 0.603008,
        "mrr_at_5": 0.618335,
        "mrr_at_10": 0.624828,
        "mrr_at_20": 0.628411,
        "mrr_at_100": 0.630473,
        "mrr_at_1000": 0.630765,
        "nauc_ndcg_at_1_max": 0.433559,
        "nauc_ndcg_at_1_std": 0.088072,
        "nauc_ndcg_at_1_diff1": 0.641837,
        "nauc_ndcg_at_3_max": 0.434809,
        "nauc_ndcg_at_3_std": 0.102739,
        "nauc_ndcg_at_3_diff1": 0.588612,
        "nauc_ndcg_at_5_max": 0.444642,
        "nauc_ndcg_at_5_std": 0.133583,
        "nauc_ndcg_at_5_diff1": 0.575985,
        "nauc_ndcg_at_10_max": 0.459185,
        "nauc_ndcg_at_10_std": 0.146147,
        "nauc_ndcg_at_10_diff1": 0.571145,
        "nauc_ndcg_at_20_max": 0.469932,
        "nauc_ndcg_at_20_std": 0.160714,
        "nauc_ndcg_at_20_diff1": 0.575814,
        "nauc_ndcg_at_100_max": 0.472951,
        "nauc_ndcg_at_100_std": 0.158147,
        "nauc_ndcg_at_100_diff1": 0.5851,
        "nauc_ndcg_at_1000_max": 0.464696,
        "nauc_ndcg_at_1000_std": 0.149783,
        "nauc_ndcg_at_1000_diff1": 0.58663,
        "nauc_map_at_1_max": 0.380867,
        "nauc_map_at_1_std": 0.054213,
        "nauc_map_at_1_diff1": 0.649053,
        "nauc_map_at_3_max": 0.411976,
        "nauc_map_at_3_std": 0.079399,
        "nauc_map_at_3_diff1": 0.604199,
        "nauc_map_at_5_max": 0.427768,
        "nauc_map_at_5_std": 0.103285,
        "nauc_map_at_5_diff1": 0.594466,
        "nauc_map_at_10_max": 0.437755,
        "nauc_map_at_10_std": 0.112245,
        "nauc_map_at_10_diff1": 0.592873,
        "nauc_map_at_20_max": 0.44129,
        "nauc_map_at_20_std": 0.118181,
        "nauc_map_at_20_diff1": 0.593747,
        "nauc_map_at_100_max": 0.441904,
        "nauc_map_at_100_std": 0.118132,
        "nauc_map_at_100_diff1": 0.595187,
        "nauc_map_at_1000_max": 0.44164,
        "nauc_map_at_1000_std": 0.117879,
        "nauc_map_at_1000_diff1": 0.595326,
        "nauc_recall_at_1_max": 0.380867,
        "nauc_recall_at_1_std": 0.054213,
        "nauc_recall_at_1_diff1": 0.649053,
        "nauc_recall_at_3_max": 0.428458,
        "nauc_recall_at_3_std": 0.106674,
        "nauc_recall_at_3_diff1": 0.547305,
        "nauc_recall_at_5_max": 0.447328,
        "nauc_recall_at_5_std": 0.192847,
        "nauc_recall_at_5_diff1": 0.501055,
        "nauc_recall_at_10_max": 0.497899,
        "nauc_recall_at_10_std": 0.240756,
        "nauc_recall_at_10_diff1": 0.470072,
        "nauc_recall_at_20_max": 0.580568,
        "nauc_recall_at_20_std": 0.351915,
        "nauc_recall_at_20_diff1": 0.479244,
        "nauc_recall_at_100_max": 0.736333,
        "nauc_recall_at_100_std": 0.481867,
        "nauc_recall_at_100_diff1": 0.540732,
        "nauc_recall_at_1000_max": 0.764255,
        "nauc_recall_at_1000_std": 0.84591,
        "nauc_recall_at_1000_diff1": 0.452456,
        "nauc_precision_at_1_max": 0.433559,
        "nauc_precision_at_1_std": 0.088072,
        "nauc_precision_at_1_diff1": 0.641837,
        "nauc_precision_at_3_max": 0.512056,
        "nauc_precision_at_3_std": 0.208053,
        "nauc_precision_at_3_diff1": 0.413202,
        "nauc_precision_at_5_max": 0.499264,
        "nauc_precision_at_5_std": 0.292907,
        "nauc_precision_at_5_diff1": 0.256148,
        "nauc_precision_at_10_max": 0.473064,
        "nauc_precision_at_10_std": 0.339049,
        "nauc_precision_at_10_diff1": 0.131411,
        "nauc_precision_at_20_max": 0.44977,
        "nauc_precision_at_20_std": 0.395558,
        "nauc_precision_at_20_diff1": 0.047353,
        "nauc_precision_at_100_max": 0.388318,
        "nauc_precision_at_100_std": 0.390429,
        "nauc_precision_at_100_diff1": -0.065037,
        "nauc_precision_at_1000_max": 0.288997,
        "nauc_precision_at_1000_std": 0.36823,
        "nauc_precision_at_1000_diff1": -0.214504,
        "nauc_mrr_at_1_max": 0.433559,
        "nauc_mrr_at_1_std": 0.088072,
        "nauc_mrr_at_1_diff1": 0.641837,
        "nauc_mrr_at_3_max": 0.462436,
        "nauc_mrr_at_3_std": 0.12767,
        "nauc_mrr_at_3_diff1": 0.596655,
        "nauc_mrr_at_5_max": 0.461554,
        "nauc_mrr_at_5_std": 0.140545,
        "nauc_mrr_at_5_diff1": 0.592372,
        "nauc_mrr_at_10_max": 0.462368,
        "nauc_mrr_at_10_std": 0.139846,
        "nauc_mrr_at_10_diff1": 0.591238,
        "nauc_mrr_at_20_max": 0.463751,
        "nauc_mrr_at_20_std": 0.141589,
        "nauc_mrr_at_20_diff1": 0.592789,
        "nauc_mrr_at_100_max": 0.464325,
        "nauc_mrr_at_100_std": 0.141309,
        "nauc_mrr_at_100_diff1": 0.594264,
        "nauc_mrr_at_1000_max": 0.464033,
        "nauc_mrr_at_1000_std": 0.141044,
        "nauc_mrr_at_1000_diff1": 0.594335,
        "main_score": 0.65981,
        "hf_subset": "default",
        "languages": [
          "eng-Latn"
        ]
      }
    ],
    "test": [
      {
        "ndcg_at_1": 0.53333,
        "ndcg_at_3": 0.60009,
        "ndcg_at_5": 0.62803,
        "ndcg_at_10": 0.6557,
        "ndcg_at_20": 0.67237,
        "ndcg_at_100": 0.68911,
        "ndcg_at_1000": 0.69653,
        "map_at_1": 0.51456,
        "map_at_3": 0.57518,
        "map_at_5": 0.59435,
        "map_at_10": 0.60827,
        "map_at_20": 0.61345,
        "map_at_100": 0.61595,
        "map_at_1000": 0.6163,
        "recall_at_1": 0.51456,
        "recall_at_3": 0.64506,
        "recall_at_5": 0.71211,
        "recall_at_10": 0.79011,
        "recall_at_20": 0.853,
        "recall_at_100": 0.94167,
        "recall_at_1000": 0.99667,
        "precision_at_1": 0.53333,
        "precision_at_3": 0.23333,
        "precision_at_5": 0.158,
        "precision_at_10": 0.08933,
        "precision_at_20": 0.0485,
        "precision_at_100": 0.0107,
        "precision_at_1000": 0.00113,
        "mrr_at_1": 0.533333,
        "mrr_at_3": 0.592778,
        "mrr_at_5": 0.607778,
        "mrr_at_10": 0.617737,
        "mrr_at_20": 0.621682,
        "mrr_at_100": 0.623712,
        "mrr_at_1000": 0.62405,
        "nauc_ndcg_at_1_max": 0.389282,
        "nauc_ndcg_at_1_std": 0.05092,
        "nauc_ndcg_at_1_diff1": 0.675699,
        "nauc_ndcg_at_3_max": 0.454049,
        "nauc_ndcg_at_3_std": 0.094346,
        "nauc_ndcg_at_3_diff1": 0.66601,
        "nauc_ndcg_at_5_max": 0.463973,
        "nauc_ndcg_at_5_std": 0.104283,
        "nauc_ndcg_at_5_diff1": 0.657276,
        "nauc_ndcg_at_10_max": 0.469365,
        "nauc_ndcg_at_10_std": 0.125632,
        "nauc_ndcg_at_10_diff1": 0.641879,
        "nauc_ndcg_at_20_max": 0.491821,
        "nauc_ndcg_at_20_std": 0.13827,
        "nauc_ndcg_at_20_diff1": 0.646045,
        "nauc_ndcg_at_100_max": 0.474925,
        "nauc_ndcg_at_100_std": 0.133099,
        "nauc_ndcg_at_100_diff1": 0.646927,
        "nauc_ndcg_at_1000_max": 0.46623,
        "nauc_ndcg_at_1000_std": 0.118396,
        "nauc_ndcg_at_1000_diff1": 0.650596,
        "nauc_map_at_1_max": 0.353902,
        "nauc_map_at_1_std": 0.013489,
        "nauc_map_at_1_diff1": 0.683998,
        "nauc_map_at_3_max": 0.422677,
        "nauc_map_at_3_std": 0.058487,
        "nauc_map_at_3_diff1": 0.673381,
        "nauc_map_at_5_max": 0.437671,
        "nauc_map_at_5_std": 0.0759,
        "nauc_map_at_5_diff1": 0.665392,
        "nauc_map_at_10_max": 0.4452,
        "nauc_map_at_10_std": 0.089348,
        "nauc_map_at_10_diff1": 0.65783,
        "nauc_map_at_20_max": 0.45118,
        "nauc_map_at_20_std": 0.093611,
        "nauc_map_at_20_diff1": 0.658563,
        "nauc_map_at_100_max": 0.448556,
        "nauc_map_at_100_std": 0.092576,
        "nauc_map_at_100_diff1": 0.658689,
        "nauc_map_at_1000_max": 0.448106,
        "nauc_map_at_1000_std": 0.092022,
        "nauc_map_at_1000_diff1": 0.658876,
        "nauc_recall_at_1_max": 0.353902,
        "nauc_recall_at_1_std": 0.013489,
        "nauc_recall_at_1_diff1": 0.683998,
        "nauc_recall_at_3_max": 0.482073,
        "nauc_recall_at_3_std": 0.129866,
        "nauc_recall_at_3_diff1": 0.663535,
        "nauc_recall_at_5_max": 0.515027,
        "nauc_recall_at_5_std": 0.16069,
        "nauc_recall_at_5_diff1": 0.629717,
        "nauc_recall_at_10_max": 0.54002,
        "nauc_recall_at_10_std": 0.246817,
        "nauc_recall_at_10_diff1": 0.570348,
        "nauc_recall_at_20_max": 0.723867,
        "nauc_recall_at_20_std": 0.366029,
        "nauc_recall_at_20_diff1": 0.577199,
        "nauc_recall_at_100_max": 0.697532,
        "nauc_recall_at_100_std": 0.593357,
        "nauc_recall_at_100_diff1": 0.505242,
        "nauc_recall_at_1000_max": 0.358077,
        "nauc_recall_at_1000_std": 0.358077,
        "nauc_recall_at_1000_diff1": 0.122782,
        "nauc_precision_at_1_max": 0.389282,
        "nauc_precision_at_1_std": 0.05092,
        "nauc_precision_at_1_diff1": 0.675699,
        "nauc_precision_at_3_max": 0.540089,
        "nauc_precision_at_3_std": 0.254517,
        "nauc_precision_at_3_diff1": 0.500228,
        "nauc_precision_at_5_max": 0.555874,
        "nauc_precision_at_5_std": 0.338137,
        "nauc_precision_at_5_diff1": 0.345898,
        "nauc_precision_at_10_max": 0.492482,
        "nauc_precision_at_10_std": 0.407247,
        "nauc_precision_at_10_diff1": 0.157561,
        "nauc_precision_at_20_max": 0.511491,
        "nauc_precision_at_20_std": 0.469467,
        "nauc_precision_at_20_diff1": 0.047057,
        "nauc_precision_at_100_max": 0.346636,
        "nauc_precision_at_100_std": 0.494159,
        "nauc_precision_at_100_diff1": -0.156235,
        "nauc_precision_at_1000_max": 0.240035,
        "nauc_precision_at_1000_std": 0.443635,
        "nauc_precision_at_1000_diff1": -0.322472,
        "nauc_mrr_at_1_max": 0.389282,
        "nauc_mrr_at_1_std": 0.05092,
        "nauc_mrr_at_1_diff1": 0.675699,
        "nauc_mrr_at_3_max": 0.454019,
        "nauc_mrr_at_3_std": 0.101824,
        "nauc_mrr_at_3_diff1": 0.667174,
        "nauc_mrr_at_5_max": 0.455135,
        "nauc_mrr_at_5_std": 0.099364,
        "nauc_mrr_at_5_diff1": 0.661014,
        "nauc_mrr_at_10_max": 0.453467,
        "nauc_mrr_at_10_std": 0.104596,
        "nauc_mrr_at_10_diff1": 0.656467,
        "nauc_mrr_at_20_max": 0.456364,
        "nauc_mrr_at_20_std": 0.1042,
        "nauc_mrr_at_20_diff1": 0.658299,
        "nauc_mrr_at_100_max": 0.454315,
        "nauc_mrr_at_100_std": 0.102691,
        "nauc_mrr_at_100_diff1": 0.658634,
        "nauc_mrr_at_1000_max": 0.453883,
        "nauc_mrr_at_1000_std": 0.102169,
        "nauc_mrr_at_1000_diff1": 0.658838,
        "main_score": 0.6557,
        "hf_subset": "default",
        "languages": [
          "eng-Latn"
        ]
      }
    ]
  },
  "evaluation_time": 30.172470569610596,
  "kg_co2_emissions": null
}