{
  "dataset_revision": "20a6d6f312dd54037fe07a32d58e5e168867909d",
  "task_name": "SICK-R",
  "mteb_version": "1.26.3",
  "scores": {
    "test": [
      {
        "pearson": 0.840028,
        "spearman": 0.805854,
        "cosine_pearson": 0.840028,
        "cosine_spearman": 0.805854,
        "manhattan_pearson": 0.802729,
        "manhattan_spearman": 0.803317,
        "euclidean_pearson": 0.805597,
        "euclidean_spearman": 0.805854,
        "main_score": 0.805854,
        "hf_subset": "default",
        "languages": [
          "eng-Latn"
        ]
      }
    ]
  },
  "evaluation_time": 3.411707639694214,
  "kg_co2_emissions": null
}