{
  "dataset_revision": "d66bd1f72af766a5cc4b0ca5e00c162f89e8cc46",
  "task_name": "SprintDuplicateQuestions",
  "mteb_version": "1.26.3",
  "scores": {
    "validation": [
      {
        "similarity_accuracy": 0.997089,
        "similarity_accuracy_threshold": 0.698546,
        "similarity_f1": 0.853731,
        "similarity_f1_threshold": 0.698546,
        "similarity_precision": 0.849505,
        "similarity_recall": 0.858,
        "similarity_ap": 0.918091,
        "cosine_accuracy": 0.997089,
        "cosine_accuracy_threshold": 0.698546,
        "cosine_f1": 0.853731,
        "cosine_f1_threshold": 0.698546,
        "cosine_precision": 0.849505,
        "cosine_recall": 0.858,
        "cosine_ap": 0.918091,
        "manhattan_accuracy": 0.996891,
        "manhattan_accuracy_threshold": 16.261002,
        "manhattan_f1": 0.845776,
        "manhattan_f1_threshold": 17.13541,
        "manhattan_precision": 0.831081,
        "manhattan_recall": 0.861,
        "manhattan_ap": 0.913267,
        "euclidean_accuracy": 0.997089,
        "euclidean_accuracy_threshold": 0.776471,
        "euclidean_f1": 0.853731,
        "euclidean_f1_threshold": 0.776471,
        "euclidean_precision": 0.849505,
        "euclidean_recall": 0.858,
        "euclidean_ap": 0.918091,
        "dot_accuracy": 0.997089,
        "dot_accuracy_threshold": 0.698546,
        "dot_f1": 0.853731,
        "dot_f1_threshold": 0.698546,
        "dot_precision": 0.849505,
        "dot_recall": 0.858,
        "dot_ap": 0.918091,
        "max_accuracy": 0.997089,
        "max_f1": 0.853731,
        "max_precision": 0.849505,
        "max_recall": 0.861,
        "max_ap": 0.918091,
        "main_score": 0.918091,
        "hf_subset": "default",
        "languages": [
          "eng-Latn"
        ]
      }
    ],
    "test": [
      {
        "similarity_accuracy": 0.996594,
        "similarity_accuracy_threshold": 0.738402,
        "similarity_f1": 0.822604,
        "similarity_f1_threshold": 0.702758,
        "similarity_precision": 0.808696,
        "similarity_recall": 0.837,
        "similarity_ap": 0.901455,
        "cosine_accuracy": 0.996594,
        "cosine_accuracy_threshold": 0.738402,
        "cosine_f1": 0.822604,
        "cosine_f1_threshold": 0.702758,
        "cosine_precision": 0.808696,
        "cosine_recall": 0.837,
        "cosine_ap": 0.901455,
        "manhattan_accuracy": 0.996495,
        "manhattan_accuracy_threshold": 15.732292,
        "manhattan_f1": 0.815828,
        "manhattan_f1_threshold": 16.84906,
        "manhattan_precision": 0.797517,
        "manhattan_recall": 0.835,
        "manhattan_ap": 0.895492,
        "euclidean_accuracy": 0.996594,
        "euclidean_accuracy_threshold": 0.723323,
        "euclidean_f1": 0.822604,
        "euclidean_f1_threshold": 0.771028,
        "euclidean_precision": 0.808696,
        "euclidean_recall": 0.837,
        "euclidean_ap": 0.901455,
        "dot_accuracy": 0.996594,
        "dot_accuracy_threshold": 0.738402,
        "dot_f1": 0.822604,
        "dot_f1_threshold": 0.702758,
        "dot_precision": 0.808696,
        "dot_recall": 0.837,
        "dot_ap": 0.901455,
        "max_accuracy": 0.996594,
        "max_f1": 0.822604,
        "max_precision": 0.808696,
        "max_recall": 0.837,
        "max_ap": 0.901455,
        "main_score": 0.901455,
        "hf_subset": "default",
        "languages": [
          "eng-Latn"
        ]
      }
    ]
  },
  "evaluation_time": 19.718749284744263,
  "kg_co2_emissions": null
}