{
  "dataset_revision": "e185fbe320c72810689fc5848eb6114e1ef5ec69",
  "task_name": "StackOverflowDupQuestions",
  "mteb_version": "1.26.3",
  "scores": {
    "test": [
      {
        "map": 0.519791,
        "mrr": 0.528616,
        "nAUC_map_max": 0.104709,
        "nAUC_map_std": 0.0714,
        "nAUC_map_diff1": 0.38118,
        "nAUC_mrr_max": 0.111615,
        "nAUC_mrr_std": 0.06891,
        "nAUC_mrr_diff1": 0.382389,
        "main_score": 0.519791,
        "hf_subset": "default",
        "languages": [
          "eng-Latn"
        ]
      }
    ]
  },
  "evaluation_time": 15.948199272155762,
  "kg_co2_emissions": null
}