{
  "dataset_revision": "7e90230a92c190f1bf69ae9002b8cea547a64cca",
  "task_name": "STS13",
  "mteb_version": "1.26.3",
  "scores": {
    "test": [
      {
        "pearson": 0.83207,
        "spearman": 0.83485,
        "cosine_pearson": 0.83207,
        "cosine_spearman": 0.83485,
        "manhattan_pearson": 0.824603,
        "manhattan_spearman": 0.830983,
        "euclidean_pearson": 0.828256,
        "euclidean_spearman": 0.83485,
        "main_score": 0.83485,
        "hf_subset": "default",
        "languages": [
          "eng-Latn"
        ]
      }
    ]
  },
  "evaluation_time": 0.5756864547729492,
  "kg_co2_emissions": null
}