{
  "dataset_revision": "4d8694f8f0e0100860b497b999b3dbed754a0513",
  "task_name": "STS16",
  "mteb_version": "1.26.3",
  "scores": {
    "test": [
      {
        "pearson": 0.788248,
        "spearman": 0.800301,
        "cosine_pearson": 0.788248,
        "cosine_spearman": 0.800301,
        "manhattan_pearson": 0.794701,
        "manhattan_spearman": 0.796065,
        "euclidean_pearson": 0.798479,
        "euclidean_spearman": 0.800301,
        "main_score": 0.800301,
        "hf_subset": "default",
        "languages": [
          "eng-Latn"
        ]
      }
    ]
  },
  "evaluation_time": 0.5325264930725098,
  "kg_co2_emissions": null
}