{
  "dataset_revision": "6125ec4e24fa026cec8a478383ee943acfbd5449",
  "task_name": "TwentyNewsgroupsClustering",
  "mteb_version": "1.26.3",
  "scores": {
    "test": [
      {
        "v_measure": 0.500655,
        "v_measure_std": 0.010326,
        "v_measures": [
          0.521119,
          0.494988,
          0.502014,
          0.496568,
          0.489294,
          0.502845,
          0.495357,
          0.485551,
          0.514584,
          0.50423
        ],
        "main_score": 0.500655,
        "hf_subset": "default",
        "languages": [
          "eng-Latn"
        ]
      }
    ]
  },
  "evaluation_time": 10.066921949386597,
  "kg_co2_emissions": null
}