{
  "dataset_revision": "c22ab2a51041ffd869aaddef7af8d8215647e41a",
  "task_name": "ArguAna",
  "mteb_version": "1.26.3",
  "scores": {
    "test": [
      {
        "ndcg_at_1": 0.42105,
        "ndcg_at_3": 0.58477,
        "ndcg_at_5": 0.62768,
        "ndcg_at_10": 0.6615,
        "ndcg_at_20": 0.67546,
        "ndcg_at_100": 0.68048,
        "ndcg_at_1000": 0.68114,
        "map_at_1": 0.42105,
        "map_at_3": 0.54386,
        "map_at_5": 0.56758,
        "map_at_10": 0.58181,
        "map_at_20": 0.5858,
        "map_at_100": 0.58654,
        "map_at_1000": 0.58657,
        "recall_at_1": 0.42105,
        "recall_at_3": 0.70341,
        "recall_at_5": 0.80797,
        "recall_at_10": 0.9111,
        "recall_at_20": 0.96515,
        "recall_at_100": 0.99147,
        "recall_at_1000": 0.99644,
        "precision_at_1": 0.42105,
        "precision_at_3": 0.23447,
        "precision_at_5": 0.16159,
        "precision_at_10": 0.09111,
        "precision_at_20": 0.04826,
        "precision_at_100": 0.00991,
        "precision_at_1000": 0.001,
        "mrr_at_1": 0.430299,
        "mrr_at_3": 0.547179,
        "mrr_at_5": 0.571432,
        "mrr_at_10": 0.585477,
        "mrr_at_20": 0.589393,
        "mrr_at_100": 0.590131,
        "mrr_at_1000": 0.59016,
        "nauc_ndcg_at_1_max": -0.071469,
        "nauc_ndcg_at_1_std": -0.120614,
        "nauc_ndcg_at_1_diff1": 0.159366,
        "nauc_ndcg_at_3_max": -0.038873,
        "nauc_ndcg_at_3_std": -0.131588,
        "nauc_ndcg_at_3_diff1": 0.130437,
        "nauc_ndcg_at_5_max": -0.032063,
        "nauc_ndcg_at_5_std": -0.106465,
        "nauc_ndcg_at_5_diff1": 0.132919,
        "nauc_ndcg_at_10_max": -0.038975,
        "nauc_ndcg_at_10_std": -0.110905,
        "nauc_ndcg_at_10_diff1": 0.133621,
        "nauc_ndcg_at_20_max": -0.041838,
        "nauc_ndcg_at_20_std": -0.105523,
        "nauc_ndcg_at_20_diff1": 0.13274,
        "nauc_ndcg_at_100_max": -0.04673,
        "nauc_ndcg_at_100_std": -0.109128,
        "nauc_ndcg_at_100_diff1": 0.133549,
        "nauc_ndcg_at_1000_max": -0.047241,
        "nauc_ndcg_at_1000_std": -0.110574,
        "nauc_ndcg_at_1000_diff1": 0.133394,
        "nauc_map_at_1_max": -0.071469,
        "nauc_map_at_1_std": -0.120614,
        "nauc_map_at_1_diff1": 0.159366,
        "nauc_map_at_3_max": -0.049699,
        "nauc_map_at_3_std": -0.127237,
        "nauc_map_at_3_diff1": 0.134803,
        "nauc_map_at_5_max": -0.046704,
        "nauc_map_at_5_std": -0.114227,
        "nauc_map_at_5_diff1": 0.136459,
        "nauc_map_at_10_max": -0.050745,
        "nauc_map_at_10_std": -0.116613,
        "nauc_map_at_10_diff1": 0.135805,
        "nauc_map_at_20_max": -0.05127,
        "nauc_map_at_20_std": -0.115167,
        "nauc_map_at_20_diff1": 0.135817,
        "nauc_map_at_100_max": -0.051963,
        "nauc_map_at_100_std": -0.115605,
        "nauc_map_at_100_diff1": 0.135774,
        "nauc_map_at_1000_max": -0.05199,
        "nauc_map_at_1000_std": -0.115642,
        "nauc_map_at_1000_diff1": 0.135753,
        "nauc_recall_at_1_max": -0.071469,
        "nauc_recall_at_1_std": -0.120614,
        "nauc_recall_at_1_diff1": 0.159366,
        "nauc_recall_at_3_max": 0.00087,
        "nauc_recall_at_3_std": -0.147858,
        "nauc_recall_at_3_diff1": 0.116609,
        "nauc_recall_at_5_max": 0.041233,
        "nauc_recall_at_5_std": -0.064229,
        "nauc_recall_at_5_diff1": 0.118679,
        "nauc_recall_at_10_max": 0.076163,
        "nauc_recall_at_10_std": -0.048946,
        "nauc_recall_at_10_diff1": 0.128411,
        "nauc_recall_at_20_max": 0.164341,
        "nauc_recall_at_20_std": 0.165445,
        "nauc_recall_at_20_diff1": 0.086992,
        "nauc_recall_at_100_max": 0.160598,
        "nauc_recall_at_100_std": 0.513677,
        "nauc_recall_at_100_diff1": 0.114729,
        "nauc_recall_at_1000_max": 0.247752,
        "nauc_recall_at_1000_std": 0.667114,
        "nauc_recall_at_1000_diff1": 0.073224,
        "nauc_precision_at_1_max": -0.071469,
        "nauc_precision_at_1_std": -0.120614,
        "nauc_precision_at_1_diff1": 0.159366,
        "nauc_precision_at_3_max": 0.00087,
        "nauc_precision_at_3_std": -0.147858,
        "nauc_precision_at_3_diff1": 0.116609,
        "nauc_precision_at_5_max": 0.041233,
        "nauc_precision_at_5_std": -0.064229,
        "nauc_precision_at_5_diff1": 0.118679,
        "nauc_precision_at_10_max": 0.076163,
        "nauc_precision_at_10_std": -0.048946,
        "nauc_precision_at_10_diff1": 0.128411,
        "nauc_precision_at_20_max": 0.164341,
        "nauc_precision_at_20_std": 0.165445,
        "nauc_precision_at_20_diff1": 0.086992,
        "nauc_precision_at_100_max": 0.160598,
        "nauc_precision_at_100_std": 0.513677,
        "nauc_precision_at_100_diff1": 0.114729,
        "nauc_precision_at_1000_max": 0.247752,
        "nauc_precision_at_1000_std": 0.667114,
        "nauc_precision_at_1000_diff1": 0.073224,
        "nauc_mrr_at_1_max": -0.079506,
        "nauc_mrr_at_1_std": -0.12073,
        "nauc_mrr_at_1_diff1": 0.134109,
        "nauc_mrr_at_3_max": -0.065753,
        "nauc_mrr_at_3_std": -0.131317,
        "nauc_mrr_at_3_diff1": 0.107782,
        "nauc_mrr_at_5_max": -0.060723,
        "nauc_mrr_at_5_std": -0.117155,
        "nauc_mrr_at_5_diff1": 0.111342,
        "nauc_mrr_at_10_max": -0.065473,
        "nauc_mrr_at_10_std": -0.118863,
        "nauc_mrr_at_10_diff1": 0.109192,
        "nauc_mrr_at_20_max": -0.066114,
        "nauc_mrr_at_20_std": -0.117499,
        "nauc_mrr_at_20_diff1": 0.109294,
        "nauc_mrr_at_100_max": -0.066855,
        "nauc_mrr_at_100_std": -0.117944,
        "nauc_mrr_at_100_diff1": 0.109171,
        "nauc_mrr_at_1000_max": -0.066884,
        "nauc_mrr_at_1000_std": -0.117981,
        "nauc_mrr_at_1000_diff1": 0.109148,
        "main_score": 0.6615,
        "hf_subset": "default",
        "languages": [
          "eng-Latn"
        ]
      }
    ]
  },
  "evaluation_time": 57.1037437915802,
  "kg_co2_emissions": null
}