{
  "dataset_revision": "0fd18e25b25c072e09e0d92ab615fda904d66300",
  "task_name": "Banking77Classification",
  "mteb_version": "1.26.3",
  "scores": {
    "test": [
      {
        "accuracy": 0.877305,
        "f1": 0.877187,
        "f1_weighted": 0.877187,
        "scores_per_experiment": [
          {
            "accuracy": 0.881818,
            "f1": 0.881549,
            "f1_weighted": 0.881549
          },
          {
            "accuracy": 0.87987,
            "f1": 0.880167,
            "f1_weighted": 0.880167
          },
          {
            "accuracy": 0.881818,
            "f1": 0.88096,
            "f1_weighted": 0.88096
          },
          {
            "accuracy": 0.884091,
            "f1": 0.884659,
            "f1_weighted": 0.884659
          },
          {
            "accuracy": 0.881818,
            "f1": 0.882178,
            "f1_weighted": 0.882178
          },
          {
            "accuracy": 0.868506,
            "f1": 0.86791,
            "f1_weighted": 0.86791
          },
          {
            "accuracy": 0.865584,
            "f1": 0.865582,
            "f1_weighted": 0.865582
          },
          {
            "accuracy": 0.868831,
            "f1": 0.868201,
            "f1_weighted": 0.868201
          },
          {
            "accuracy": 0.885065,
            "f1": 0.884864,
            "f1_weighted": 0.884864
          },
          {
            "accuracy": 0.875649,
            "f1": 0.875802,
            "f1_weighted": 0.875802
          }
        ],
        "main_score": 0.877305,
        "hf_subset": "default",
        "languages": [
          "eng-Latn"
        ]
      }
    ]
  },
  "evaluation_time": 18.821224212646484,
  "kg_co2_emissions": null
}