{
  "dataset_revision": "258694dd0231531bc1fd9de6ceb52a0853c6d908",
  "task_name": "BiorxivClusteringS2S",
  "mteb_version": "1.26.3",
  "scores": {
    "test": [
      {
        "v_measure": 0.372365,
        "v_measure_std": 0.009255,
        "v_measures": [
          0.358252,
          0.377926,
          0.368972,
          0.378335,
          0.363193,
          0.360246,
          0.379115,
          0.380809,
          0.369503,
          0.387304
        ],
        "main_score": 0.372365,
        "hf_subset": "default",
        "languages": [
          "eng-Latn"
        ]
      }
    ]
  },
  "evaluation_time": 66.2926893234253,
  "kg_co2_emissions": null
}