{
  "dataset_revision": "4f58c6b202a23cf9a4da393831edf4f9183cad37",
  "task_name": "EmotionClassification",
  "mteb_version": "1.26.3",
  "scores": {
    "validation": [
      {
        "accuracy": 0.5227,
        "f1": 0.479457,
        "f1_weighted": 0.54071,
        "scores_per_experiment": [
          {
            "accuracy": 0.5425,
            "f1": 0.488615,
            "f1_weighted": 0.563102
          },
          {
            "accuracy": 0.5355,
            "f1": 0.483446,
            "f1_weighted": 0.545566
          },
          {
            "accuracy": 0.537,
            "f1": 0.486305,
            "f1_weighted": 0.556587
          },
          {
            "accuracy": 0.493,
            "f1": 0.464741,
            "f1_weighted": 0.516772
          },
          {
            "accuracy": 0.5365,
            "f1": 0.499367,
            "f1_weighted": 0.553237
          },
          {
            "accuracy": 0.539,
            "f1": 0.49712,
            "f1_weighted": 0.552955
          },
          {
            "accuracy": 0.5355,
            "f1": 0.486833,
            "f1_weighted": 0.556736
          },
          {
            "accuracy": 0.487,
            "f1": 0.451708,
            "f1_weighted": 0.503115
          },
          {
            "accuracy": 0.518,
            "f1": 0.470915,
            "f1_weighted": 0.531208
          },
          {
            "accuracy": 0.503,
            "f1": 0.465519,
            "f1_weighted": 0.527819
          }
        ],
        "main_score": 0.5227,
        "hf_subset": "default",
        "languages": [
          "eng-Latn"
        ]
      }
    ],
    "test": [
      {
        "accuracy": 0.5172,
        "f1": 0.464344,
        "f1_weighted": 0.539892,
        "scores_per_experiment": [
          {
            "accuracy": 0.53,
            "f1": 0.470235,
            "f1_weighted": 0.553976
          },
          {
            "accuracy": 0.5235,
            "f1": 0.459284,
            "f1_weighted": 0.540771
          },
          {
            "accuracy": 0.529,
            "f1": 0.469026,
            "f1_weighted": 0.55142
          },
          {
            "accuracy": 0.5045,
            "f1": 0.46437,
            "f1_weighted": 0.532022
          },
          {
            "accuracy": 0.5245,
            "f1": 0.478033,
            "f1_weighted": 0.549296
          },
          {
            "accuracy": 0.5065,
            "f1": 0.451075,
            "f1_weighted": 0.527105
          },
          {
            "accuracy": 0.5205,
            "f1": 0.465081,
            "f1_weighted": 0.54584
          },
          {
            "accuracy": 0.5,
            "f1": 0.455327,
            "f1_weighted": 0.518151
          },
          {
            "accuracy": 0.52,
            "f1": 0.465659,
            "f1_weighted": 0.538782
          },
          {
            "accuracy": 0.5135,
            "f1": 0.465353,
            "f1_weighted": 0.54156
          }
        ],
        "main_score": 0.5172,
        "hf_subset": "default",
        "languages": [
          "eng-Latn"
        ]
      }
    ]
  },
  "evaluation_time": 14.199526309967041,
  "kg_co2_emissions": null
}