{
  "dataset_revision": "4672e20407010da34463acc759c162ca9734bca6",
  "task_name": "MassiveIntentClassification",
  "mteb_version": "1.26.3",
  "scores": {
    "validation": [
      {
        "accuracy": 0.773832,
        "f1": 0.760594,
        "f1_weighted": 0.771513,
        "scores_per_experiment": [
          {
            "accuracy": 0.771274,
            "f1": 0.752859,
            "f1_weighted": 0.771312
          },
          {
            "accuracy": 0.785539,
            "f1": 0.762754,
            "f1_weighted": 0.784916
          },
          {
            "accuracy": 0.772258,
            "f1": 0.743448,
            "f1_weighted": 0.767674
          },
          {
            "accuracy": 0.78849,
            "f1": 0.769149,
            "f1_weighted": 0.783976
          },
          {
            "accuracy": 0.764879,
            "f1": 0.749139,
            "f1_weighted": 0.760509
          },
          {
            "accuracy": 0.764388,
            "f1": 0.765275,
            "f1_weighted": 0.762146
          },
          {
            "accuracy": 0.774225,
            "f1": 0.775484,
            "f1_weighted": 0.772998
          },
          {
            "accuracy": 0.766355,
            "f1": 0.755111,
            "f1_weighted": 0.764233
          },
          {
            "accuracy": 0.775701,
            "f1": 0.766665,
            "f1_weighted": 0.776233
          },
          {
            "accuracy": 0.775209,
            "f1": 0.766061,
            "f1_weighted": 0.771135
          }
        ],
        "main_score": 0.773832,
        "hf_subset": "en",
        "languages": [
          "eng-Latn"
        ]
      }
    ],
    "test": [
      {
        "accuracy": 0.762408,
        "f1": 0.744159,
        "f1_weighted": 0.763236,
        "scores_per_experiment": [
          {
            "accuracy": 0.762609,
            "f1": 0.748054,
            "f1_weighted": 0.765602
          },
          {
            "accuracy": 0.777068,
            "f1": 0.754953,
            "f1_weighted": 0.775189
          },
          {
            "accuracy": 0.751513,
            "f1": 0.727664,
            "f1_weighted": 0.750151
          },
          {
            "accuracy": 0.781103,
            "f1": 0.763589,
            "f1_weighted": 0.780716
          },
          {
            "accuracy": 0.750841,
            "f1": 0.740782,
            "f1_weighted": 0.750469
          },
          {
            "accuracy": 0.750168,
            "f1": 0.736233,
            "f1_weighted": 0.749553
          },
          {
            "accuracy": 0.755884,
            "f1": 0.742269,
            "f1_weighted": 0.758764
          },
          {
            "accuracy": 0.755212,
            "f1": 0.733901,
            "f1_weighted": 0.759128
          },
          {
            "accuracy": 0.760256,
            "f1": 0.737155,
            "f1_weighted": 0.763188
          },
          {
            "accuracy": 0.779422,
            "f1": 0.756987,
            "f1_weighted": 0.779597
          }
        ],
        "main_score": 0.762408,
        "hf_subset": "en",
        "languages": [
          "eng-Latn"
        ]
      }
    ]
  },
  "evaluation_time": 14.181045293807983,
  "kg_co2_emissions": null
}