{
  "dataset_revision": "35191c8c0dca72d8ff3efcd72aa802307d469663",
  "task_name": "MedrxivClusteringS2S",
  "mteb_version": "1.26.3",
  "scores": {
    "test": [
      {
        "v_measure": 0.311805,
        "v_measure_std": 0.014937,
        "v_measures": [
          0.303466,
          0.302052,
          0.294121,
          0.304891,
          0.288341,
          0.330278,
          0.335497,
          0.32268,
          0.323295,
          0.313433
        ],
        "main_score": 0.311805,
        "hf_subset": "default",
        "languages": [
          "eng-Latn"
        ]
      }
    ]
  },
  "evaluation_time": 37.48827028274536,
  "kg_co2_emissions": null
}