{
  "dataset_revision": "ec0fa4fe99da2ff19ca1214b7966684033a58814",
  "task_name": "NFCorpus",
  "mteb_version": "1.26.3",
  "scores": {
    "test": [
      {
        "ndcg_at_1": 0.46594,
        "ndcg_at_3": 0.42591,
        "ndcg_at_5": 0.40537,
        "ndcg_at_10": 0.37609,
        "ndcg_at_20": 0.35828,
        "ndcg_at_100": 0.35625,
        "ndcg_at_1000": 0.443,
        "map_at_1": 0.06942,
        "map_at_3": 0.11029,
        "map_at_5": 0.12688,
        "map_at_10": 0.14893,
        "map_at_20": 0.1673,
        "map_at_100": 0.19127,
        "map_at_1000": 0.20709,
        "recall_at_1": 0.06942,
        "recall_at_3": 0.12154,
        "recall_at_5": 0.1472,
        "recall_at_10": 0.18926,
        "recall_at_20": 0.234,
        "recall_at_100": 0.36658,
        "recall_at_1000": 0.67807,
        "precision_at_1": 0.47988,
        "precision_at_3": 0.39525,
        "precision_at_5": 0.34799,
        "precision_at_10": 0.2774,
        "precision_at_20": 0.21161,
        "precision_at_100": 0.08969,
        "precision_at_1000": 0.02201,
        "mrr_at_1": 0.479876,
        "mrr_at_3": 0.552116,
        "mrr_at_5": 0.567286,
        "mrr_at_10": 0.573553,
        "mrr_at_20": 0.577638,
        "mrr_at_100": 0.579825,
        "mrr_at_1000": 0.580093,
        "nauc_ndcg_at_1_max": 0.431712,
        "nauc_ndcg_at_1_std": 0.128461,
        "nauc_ndcg_at_1_diff1": 0.282252,
        "nauc_ndcg_at_3_max": 0.443962,
        "nauc_ndcg_at_3_std": 0.202724,
        "nauc_ndcg_at_3_diff1": 0.226485,
        "nauc_ndcg_at_5_max": 0.42849,
        "nauc_ndcg_at_5_std": 0.20872,
        "nauc_ndcg_at_5_diff1": 0.201011,
        "nauc_ndcg_at_10_max": 0.412292,
        "nauc_ndcg_at_10_std": 0.235183,
        "nauc_ndcg_at_10_diff1": 0.178341,
        "nauc_ndcg_at_20_max": 0.394467,
        "nauc_ndcg_at_20_std": 0.226518,
        "nauc_ndcg_at_20_diff1": 0.165072,
        "nauc_ndcg_at_100_max": 0.422547,
        "nauc_ndcg_at_100_std": 0.22922,
        "nauc_ndcg_at_100_diff1": 0.210148,
        "nauc_ndcg_at_1000_max": 0.47922,
        "nauc_ndcg_at_1000_std": 0.285878,
        "nauc_ndcg_at_1000_diff1": 0.221401,
        "nauc_map_at_1_max": 0.183837,
        "nauc_map_at_1_std": -0.19184,
        "nauc_map_at_1_diff1": 0.421558,
        "nauc_map_at_3_max": 0.221152,
        "nauc_map_at_3_std": -0.135685,
        "nauc_map_at_3_diff1": 0.382745,
        "nauc_map_at_5_max": 0.235722,
        "nauc_map_at_5_std": -0.114567,
        "nauc_map_at_5_diff1": 0.358506,
        "nauc_map_at_10_max": 0.26216,
        "nauc_map_at_10_std": -0.055579,
        "nauc_map_at_10_diff1": 0.321272,
        "nauc_map_at_20_max": 0.275944,
        "nauc_map_at_20_std": -0.017855,
        "nauc_map_at_20_diff1": 0.288106,
        "nauc_map_at_100_max": 0.311132,
        "nauc_map_at_100_std": 0.049962,
        "nauc_map_at_100_diff1": 0.268595,
        "nauc_map_at_1000_max": 0.322039,
        "nauc_map_at_1000_std": 0.092312,
        "nauc_map_at_1000_diff1": 0.252717,
        "nauc_recall_at_1_max": 0.183837,
        "nauc_recall_at_1_std": -0.19184,
        "nauc_recall_at_1_diff1": 0.421558,
        "nauc_recall_at_3_max": 0.197787,
        "nauc_recall_at_3_std": -0.11634,
        "nauc_recall_at_3_diff1": 0.34427,
        "nauc_recall_at_5_max": 0.197286,
        "nauc_recall_at_5_std": -0.103161,
        "nauc_recall_at_5_diff1": 0.315736,
        "nauc_recall_at_10_max": 0.224892,
        "nauc_recall_at_10_std": -0.022342,
        "nauc_recall_at_10_diff1": 0.267206,
        "nauc_recall_at_20_max": 0.218297,
        "nauc_recall_at_20_std": 0.009646,
        "nauc_recall_at_20_diff1": 0.200667,
        "nauc_recall_at_100_max": 0.249589,
        "nauc_recall_at_100_std": 0.101852,
        "nauc_recall_at_100_diff1": 0.134349,
        "nauc_recall_at_1000_max": 0.234842,
        "nauc_recall_at_1000_std": 0.189453,
        "nauc_recall_at_1000_diff1": 0.089449,
        "nauc_precision_at_1_max": 0.44576,
        "nauc_precision_at_1_std": 0.132884,
        "nauc_precision_at_1_diff1": 0.266206,
        "nauc_precision_at_3_max": 0.438064,
        "nauc_precision_at_3_std": 0.278879,
        "nauc_precision_at_3_diff1": 0.122356,
        "nauc_precision_at_5_max": 0.39771,
        "nauc_precision_at_5_std": 0.308113,
        "nauc_precision_at_5_diff1": 0.049026,
        "nauc_precision_at_10_max": 0.360597,
        "nauc_precision_at_10_std": 0.383078,
        "nauc_precision_at_10_diff1": -0.033139,
        "nauc_precision_at_20_max": 0.304824,
        "nauc_precision_at_20_std": 0.40161,
        "nauc_precision_at_20_diff1": -0.096168,
        "nauc_precision_at_100_max": 0.219639,
        "nauc_precision_at_100_std": 0.480346,
        "nauc_precision_at_100_diff1": -0.145641,
        "nauc_precision_at_1000_max": 0.089221,
        "nauc_precision_at_1000_std": 0.421281,
        "nauc_precision_at_1000_diff1": -0.191398,
        "nauc_mrr_at_1_max": 0.44576,
        "nauc_mrr_at_1_std": 0.132884,
        "nauc_mrr_at_1_diff1": 0.266206,
        "nauc_mrr_at_3_max": 0.47134,
        "nauc_mrr_at_3_std": 0.210562,
        "nauc_mrr_at_3_diff1": 0.267144,
        "nauc_mrr_at_5_max": 0.475725,
        "nauc_mrr_at_5_std": 0.220306,
        "nauc_mrr_at_5_diff1": 0.263141,
        "nauc_mrr_at_10_max": 0.483509,
        "nauc_mrr_at_10_std": 0.231065,
        "nauc_mrr_at_10_diff1": 0.262713,
        "nauc_mrr_at_20_max": 0.48448,
        "nauc_mrr_at_20_std": 0.229697,
        "nauc_mrr_at_20_diff1": 0.260489,
        "nauc_mrr_at_100_max": 0.484046,
        "nauc_mrr_at_100_std": 0.228043,
        "nauc_mrr_at_100_diff1": 0.260312,
        "nauc_mrr_at_1000_max": 0.483708,
        "nauc_mrr_at_1000_std": 0.227686,
        "nauc_mrr_at_1000_diff1": 0.26029,
        "main_score": 0.37609,
        "hf_subset": "default",
        "languages": [
          "eng-Latn"
        ]
      }
    ]
  },
  "evaluation_time": 35.505871057510376,
  "kg_co2_emissions": null
}