{
  "dataset_revision": "d3c5e1fc0b855ab6097bf1cda04dd73947d7caab",
  "task_name": "SciDocsRR",
  "mteb_version": "1.26.3",
  "scores": {
    "test": [
      {
        "map": 0.874908,
        "mrr": 0.961915,
        "nAUC_map_max": 0.537025,
        "nAUC_map_std": 0.68222,
        "nAUC_map_diff1": -0.030592,
        "nAUC_mrr_max": 0.867166,
        "nAUC_mrr_std": 0.800497,
        "nAUC_mrr_diff1": 0.376802,
        "main_score": 0.874908,
        "hf_subset": "default",
        "languages": [
          "eng-Latn"
        ]
      }
    ]
  },
  "evaluation_time": 58.22846174240112,
  "kg_co2_emissions": null
}