{
  "dataset_revision": "0228b52cf27578f30900b9e5271d331663a030d7",
  "task_name": "SciFact",
  "mteb_version": "1.26.3",
  "scores": {
    "train": [
      {
        "ndcg_at_1": 0.66749,
        "ndcg_at_3": 0.7378,
        "ndcg_at_5": 0.75823,
        "ndcg_at_10": 0.77603,
        "ndcg_at_20": 0.7871,
        "ndcg_at_100": 0.79704,
        "ndcg_at_1000": 0.80031,
        "map_at_1": 0.63752,
        "map_at_3": 0.71274,
        "map_at_5": 0.72738,
        "map_at_10": 0.73673,
        "map_at_20": 0.74021,
        "map_at_100": 0.74179,
        "map_at_1000": 0.74195,
        "recall_at_1": 0.63752,
        "recall_at_3": 0.78675,
        "recall_at_5": 0.83311,
        "recall_at_10": 0.88329,
        "recall_at_20": 0.92429,
        "recall_at_100": 0.97487,
        "recall_at_1000": 0.99876,
        "precision_at_1": 0.66749,
        "precision_at_3": 0.28719,
        "precision_at_5": 0.18616,
        "precision_at_10": 0.10037,
        "precision_at_20": 0.05266,
        "precision_at_100": 0.01109,
        "precision_at_1000": 0.00113,
        "mrr_at_1": 0.667491,
        "mrr_at_3": 0.73218,
        "mrr_at_5": 0.741203,
        "mrr_at_10": 0.746408,
        "mrr_at_20": 0.749181,
        "mrr_at_100": 0.750625,
        "mrr_at_1000": 0.75076,
        "nauc_ndcg_at_1_max": 0.455366,
        "nauc_ndcg_at_1_std": 0.075282,
        "nauc_ndcg_at_1_diff1": 0.731738,
        "nauc_ndcg_at_3_max": 0.474417,
        "nauc_ndcg_at_3_std": 0.056494,
        "nauc_ndcg_at_3_diff1": 0.692899,
        "nauc_ndcg_at_5_max": 0.494919,
        "nauc_ndcg_at_5_std": 0.074247,
        "nauc_ndcg_at_5_diff1": 0.685568,
        "nauc_ndcg_at_10_max": 0.494468,
        "nauc_ndcg_at_10_std": 0.087382,
        "nauc_ndcg_at_10_diff1": 0.6744,
        "nauc_ndcg_at_20_max": 0.511684,
        "nauc_ndcg_at_20_std": 0.10945,
        "nauc_ndcg_at_20_diff1": 0.686604,
        "nauc_ndcg_at_100_max": 0.504605,
        "nauc_ndcg_at_100_std": 0.103877,
        "nauc_ndcg_at_100_diff1": 0.691917,
        "nauc_ndcg_at_1000_max": 0.500935,
        "nauc_ndcg_at_1000_std": 0.097589,
        "nauc_ndcg_at_1000_diff1": 0.692477,
        "nauc_map_at_1_max": 0.402911,
        "nauc_map_at_1_std": 0.0227,
        "nauc_map_at_1_diff1": 0.737878,
        "nauc_map_at_3_max": 0.453925,
        "nauc_map_at_3_std": 0.034265,
        "nauc_map_at_3_diff1": 0.706759,
        "nauc_map_at_5_max": 0.480002,
        "nauc_map_at_5_std": 0.050557,
        "nauc_map_at_5_diff1": 0.700635,
        "nauc_map_at_10_max": 0.483583,
        "nauc_map_at_10_std": 0.06567,
        "nauc_map_at_10_diff1": 0.695043,
        "nauc_map_at_20_max": 0.487849,
        "nauc_map_at_20_std": 0.071462,
        "nauc_map_at_20_diff1": 0.698214,
        "nauc_map_at_100_max": 0.486994,
        "nauc_map_at_100_std": 0.0712,
        "nauc_map_at_100_diff1": 0.699062,
        "nauc_map_at_1000_max": 0.486878,
        "nauc_map_at_1000_std": 0.070978,
        "nauc_map_at_1000_diff1": 0.699095,
        "nauc_recall_at_1_max": 0.402911,
        "nauc_recall_at_1_std": 0.0227,
        "nauc_recall_at_1_diff1": 0.737878,
        "nauc_recall_at_3_max": 0.458879,
        "nauc_recall_at_3_std": 0.03596,
        "nauc_recall_at_3_diff1": 0.652704,
        "nauc_recall_at_5_max": 0.50724,
        "nauc_recall_at_5_std": 0.079969,
        "nauc_recall_at_5_diff1": 0.619903,
        "nauc_recall_at_10_max": 0.50153,
        "nauc_recall_at_10_std": 0.104146,
        "nauc_recall_at_10_diff1": 0.556832,
        "nauc_recall_at_20_max": 0.673245,
        "nauc_recall_at_20_std": 0.324127,
        "nauc_recall_at_20_diff1": 0.620537,
        "nauc_recall_at_100_max": 0.725292,
        "nauc_recall_at_100_std": 0.479645,
        "nauc_recall_at_100_diff1": 0.673797,
        "nauc_recall_at_1000_max": 1.0,
        "nauc_recall_at_1000_std": 1.0,
        "nauc_recall_at_1000_diff1": 0.869263,
        "nauc_precision_at_1_max": 0.455366,
        "nauc_precision_at_1_std": 0.075282,
        "nauc_precision_at_1_diff1": 0.731738,
        "nauc_precision_at_3_max": 0.480877,
        "nauc_precision_at_3_std": 0.164502,
        "nauc_precision_at_3_diff1": 0.32979,
        "nauc_precision_at_5_max": 0.464729,
        "nauc_precision_at_5_std": 0.246184,
        "nauc_precision_at_5_diff1": 0.143768,
        "nauc_precision_at_10_max": 0.3597,
        "nauc_precision_at_10_std": 0.311127,
        "nauc_precision_at_10_diff1": -0.029888,
        "nauc_precision_at_20_max": 0.35414,
        "nauc_precision_at_20_std": 0.382288,
        "nauc_precision_at_20_diff1": -0.101864,
        "nauc_precision_at_100_max": 0.271082,
        "nauc_precision_at_100_std": 0.39039,
        "nauc_precision_at_100_diff1": -0.245783,
        "nauc_precision_at_1000_max": 0.212191,
        "nauc_precision_at_1000_std": 0.368325,
        "nauc_precision_at_1000_diff1": -0.335023,
        "nauc_mrr_at_1_max": 0.455366,
        "nauc_mrr_at_1_std": 0.075282,
        "nauc_mrr_at_1_diff1": 0.731738,
        "nauc_mrr_at_3_max": 0.493754,
        "nauc_mrr_at_3_std": 0.097603,
        "nauc_mrr_at_3_diff1": 0.699062,
        "nauc_mrr_at_5_max": 0.493067,
        "nauc_mrr_at_5_std": 0.1054,
        "nauc_mrr_at_5_diff1": 0.696791,
        "nauc_mrr_at_10_max": 0.488844,
        "nauc_mrr_at_10_std": 0.099155,
        "nauc_mrr_at_10_diff1": 0.694933,
        "nauc_mrr_at_20_max": 0.492421,
        "nauc_mrr_at_20_std": 0.102241,
        "nauc_mrr_at_20_diff1": 0.698225,
        "nauc_mrr_at_100_max": 0.491419,
        "nauc_mrr_at_100_std": 0.102249,
        "nauc_mrr_at_100_diff1": 0.698798,
        "nauc_mrr_at_1000_max": 0.491326,
        "nauc_mrr_at_1000_std": 0.10206,
        "nauc_mrr_at_1000_diff1": 0.698845,
        "main_score": 0.77603,
        "hf_subset": "default",
        "languages": [
          "eng-Latn"
        ]
      }
    ],
    "test": [
      {
        "ndcg_at_1": 0.63,
        "ndcg_at_3": 0.69021,
        "ndcg_at_5": 0.71447,
        "ndcg_at_10": 0.73909,
        "ndcg_at_20": 0.75506,
        "ndcg_at_100": 0.76413,
        "ndcg_at_1000": 0.76891,
        "map_at_1": 0.60261,
        "map_at_3": 0.6668,
        "map_at_5": 0.68379,
        "map_at_10": 0.69666,
        "map_at_20": 0.70187,
        "map_at_100": 0.70322,
        "map_at_1000": 0.70345,
        "recall_at_1": 0.60261,
        "recall_at_3": 0.72628,
        "recall_at_5": 0.78828,
        "recall_at_10": 0.85756,
        "recall_at_20": 0.91722,
        "recall_at_100": 0.965,
        "recall_at_1000": 1.0,
        "precision_at_1": 0.63,
        "precision_at_3": 0.26667,
        "precision_at_5": 0.176,
        "precision_at_10": 0.09733,
        "precision_at_20": 0.05217,
        "precision_at_100": 0.01093,
        "precision_at_1000": 0.00113,
        "mrr_at_1": 0.63,
        "mrr_at_3": 0.685556,
        "mrr_at_5": 0.698556,
        "mrr_at_10": 0.706951,
        "mrr_at_20": 0.71091,
        "mrr_at_100": 0.712177,
        "mrr_at_1000": 0.712393,
        "nauc_ndcg_at_1_max": 0.620348,
        "nauc_ndcg_at_1_std": 0.050889,
        "nauc_ndcg_at_1_diff1": 0.79773,
        "nauc_ndcg_at_3_max": 0.621985,
        "nauc_ndcg_at_3_std": 0.037438,
        "nauc_ndcg_at_3_diff1": 0.759971,
        "nauc_ndcg_at_5_max": 0.61155,
        "nauc_ndcg_at_5_std": 0.029291,
        "nauc_ndcg_at_5_diff1": 0.745413,
        "nauc_ndcg_at_10_max": 0.654088,
        "nauc_ndcg_at_10_std": 0.063581,
        "nauc_ndcg_at_10_diff1": 0.769673,
        "nauc_ndcg_at_20_max": 0.650381,
        "nauc_ndcg_at_20_std": 0.081993,
        "nauc_ndcg_at_20_diff1": 0.764152,
        "nauc_ndcg_at_100_max": 0.646495,
        "nauc_ndcg_at_100_std": 0.076643,
        "nauc_ndcg_at_100_diff1": 0.765839,
        "nauc_ndcg_at_1000_max": 0.642002,
        "nauc_ndcg_at_1000_std": 0.069964,
        "nauc_ndcg_at_1000_diff1": 0.767231,
        "nauc_map_at_1_max": 0.553398,
        "nauc_map_at_1_std": -0.023057,
        "nauc_map_at_1_diff1": 0.795757,
        "nauc_map_at_3_max": 0.598288,
        "nauc_map_at_3_std": 0.007321,
        "nauc_map_at_3_diff1": 0.769383,
        "nauc_map_at_5_max": 0.600114,
        "nauc_map_at_5_std": 0.014886,
        "nauc_map_at_5_diff1": 0.759776,
        "nauc_map_at_10_max": 0.625582,
        "nauc_map_at_10_std": 0.04082,
        "nauc_map_at_10_diff1": 0.769836,
        "nauc_map_at_20_max": 0.625212,
        "nauc_map_at_20_std": 0.046807,
        "nauc_map_at_20_diff1": 0.76783,
        "nauc_map_at_100_max": 0.624797,
        "nauc_map_at_100_std": 0.046212,
        "nauc_map_at_100_diff1": 0.768258,
        "nauc_map_at_1000_max": 0.62461,
        "nauc_map_at_1000_std": 0.045977,
        "nauc_map_at_1000_diff1": 0.768341,
        "nauc_recall_at_1_max": 0.553398,
        "nauc_recall_at_1_std": -0.023057,
        "nauc_recall_at_1_diff1": 0.795757,
        "nauc_recall_at_3_max": 0.603351,
        "nauc_recall_at_3_std": -3.4e-05,
        "nauc_recall_at_3_diff1": 0.734307,
        "nauc_recall_at_5_max": 0.593491,
        "nauc_recall_at_5_std": -0.003977,
        "nauc_recall_at_5_diff1": 0.680509,
        "nauc_recall_at_10_max": 0.754468,
        "nauc_recall_at_10_std": 0.099243,
        "nauc_recall_at_10_diff1": 0.769431,
        "nauc_recall_at_20_max": 0.775669,
        "nauc_recall_at_20_std": 0.275594,
        "nauc_recall_at_20_diff1": 0.726076,
        "nauc_recall_at_100_max": 0.826975,
        "nauc_recall_at_100_std": 0.364768,
        "nauc_recall_at_100_diff1": 0.715508,
        "nauc_recall_at_1000_max": NaN,
        "nauc_recall_at_1000_std": NaN,
        "nauc_recall_at_1000_diff1": NaN,
        "nauc_precision_at_1_max": 0.620348,
        "nauc_precision_at_1_std": 0.050889,
        "nauc_precision_at_1_diff1": 0.79773,
        "nauc_precision_at_3_max": 0.55586,
        "nauc_precision_at_3_std": 0.218215,
        "nauc_precision_at_3_diff1": 0.448602,
        "nauc_precision_at_5_max": 0.473502,
        "nauc_precision_at_5_std": 0.263904,
        "nauc_precision_at_5_diff1": 0.271112,
        "nauc_precision_at_10_max": 0.465332,
        "nauc_precision_at_10_std": 0.399215,
        "nauc_precision_at_10_diff1": 0.142067,
        "nauc_precision_at_20_max": 0.362084,
        "nauc_precision_at_20_std": 0.475867,
        "nauc_precision_at_20_diff1": -0.025641,
        "nauc_precision_at_100_max": 0.28292,
        "nauc_precision_at_100_std": 0.517854,
        "nauc_precision_at_100_diff1": -0.174276,
        "nauc_precision_at_1000_max": 0.184076,
        "nauc_precision_at_1000_std": 0.518042,
        "nauc_precision_at_1000_diff1": -0.307108,
        "nauc_mrr_at_1_max": 0.620348,
        "nauc_mrr_at_1_std": 0.050889,
        "nauc_mrr_at_1_diff1": 0.79773,
        "nauc_mrr_at_3_max": 0.637844,
        "nauc_mrr_at_3_std": 0.070741,
        "nauc_mrr_at_3_diff1": 0.773075,
        "nauc_mrr_at_5_max": 0.636469,
        "nauc_mrr_at_5_std": 0.068123,
        "nauc_mrr_at_5_diff1": 0.765177,
        "nauc_mrr_at_10_max": 0.647454,
        "nauc_mrr_at_10_std": 0.071033,
        "nauc_mrr_at_10_diff1": 0.775017,
        "nauc_mrr_at_20_max": 0.645143,
        "nauc_mrr_at_20_std": 0.07476,
        "nauc_mrr_at_20_diff1": 0.773691,
        "nauc_mrr_at_100_max": 0.64464,
        "nauc_mrr_at_100_std": 0.074091,
        "nauc_mrr_at_100_diff1": 0.774263,
        "nauc_mrr_at_1000_max": 0.64448,
        "nauc_mrr_at_1000_std": 0.073934,
        "nauc_mrr_at_1000_diff1": 0.774315,
        "main_score": 0.73909,
        "hf_subset": "default",
        "languages": [
          "eng-Latn"
        ]
      }
    ]
  },
  "evaluation_time": 95.52394199371338,
  "kg_co2_emissions": null
}