{
  "dataset_revision": "20a6d6f312dd54037fe07a32d58e5e168867909d",
  "task_name": "SICK-R",
  "mteb_version": "1.26.3",
  "scores": {
    "test": [
      {
        "pearson": 0.872429,
        "spearman": 0.826233,
        "cosine_pearson": 0.872429,
        "cosine_spearman": 0.826233,
        "manhattan_pearson": 0.846089,
        "manhattan_spearman": 0.823336,
        "euclidean_pearson": 0.846035,
        "euclidean_spearman": 0.823299,
        "main_score": 0.826233,
        "hf_subset": "default",
        "languages": [
          "eng-Latn"
        ]
      }
    ]
  },
  "evaluation_time": 8.170783758163452,
  "kg_co2_emissions": null
}