{
  "dataset_revision": "d66bd1f72af766a5cc4b0ca5e00c162f89e8cc46",
  "task_name": "SprintDuplicateQuestions",
  "mteb_version": "1.26.3",
  "scores": {
    "validation": [
      {
        "similarity_accuracy": 0.998822,
        "similarity_accuracy_threshold": 0.78881,
        "similarity_f1": 0.940648,
        "similarity_f1_threshold": 0.7871,
        "similarity_precision": 0.938308,
        "similarity_recall": 0.943,
        "similarity_ap": 0.977511,
        "cosine_accuracy": 0.998822,
        "cosine_accuracy_threshold": 0.78881,
        "cosine_f1": 0.940648,
        "cosine_f1_threshold": 0.7871,
        "cosine_precision": 0.938308,
        "cosine_recall": 0.943,
        "cosine_ap": 0.977511,
        "manhattan_accuracy": 0.998743,
        "manhattan_accuracy_threshold": 316.509491,
        "manhattan_f1": 0.936847,
        "manhattan_f1_threshold": 316.509491,
        "manhattan_precision": 0.931751,
        "manhattan_recall": 0.942,
        "manhattan_ap": 0.976664,
        "euclidean_accuracy": 0.998723,
        "euclidean_accuracy_threshold": 12.398528,
        "euclidean_f1": 0.935917,
        "euclidean_f1_threshold": 12.398528,
        "euclidean_precision": 0.929911,
        "euclidean_recall": 0.942,
        "euclidean_ap": 0.977089,
        "dot_accuracy": 0.998376,
        "dot_accuracy_threshold": 279.297241,
        "dot_f1": 0.918164,
        "dot_f1_threshold": 279.297241,
        "dot_precision": 0.916335,
        "dot_recall": 0.92,
        "dot_ap": 0.960262,
        "max_accuracy": 0.998822,
        "max_f1": 0.940648,
        "max_precision": 0.938308,
        "max_recall": 0.943,
        "max_ap": 0.977511,
        "main_score": 0.977511,
        "hf_subset": "default",
        "languages": [
          "eng-Latn"
        ]
      }
    ],
    "test": [
      {
        "similarity_accuracy": 0.998891,
        "similarity_accuracy_threshold": 0.799182,
        "similarity_f1": 0.944,
        "similarity_f1_threshold": 0.792041,
        "similarity_precision": 0.944,
        "similarity_recall": 0.944,
        "similarity_ap": 0.97237,
        "cosine_accuracy": 0.998891,
        "cosine_accuracy_threshold": 0.799182,
        "cosine_f1": 0.944,
        "cosine_f1_threshold": 0.792041,
        "cosine_precision": 0.944,
        "cosine_recall": 0.944,
        "cosine_ap": 0.97237,
        "manhattan_accuracy": 0.998861,
        "manhattan_accuracy_threshold": 310.484619,
        "manhattan_f1": 0.942643,
        "manhattan_f1_threshold": 310.484619,
        "manhattan_precision": 0.940299,
        "manhattan_recall": 0.945,
        "manhattan_ap": 0.972068,
        "euclidean_accuracy": 0.998842,
        "euclidean_accuracy_threshold": 12.043442,
        "euclidean_f1": 0.942108,
        "euclidean_f1_threshold": 12.339169,
        "euclidean_precision": 0.932419,
        "euclidean_recall": 0.952,
        "euclidean_ap": 0.972044,
        "dot_accuracy": 0.998257,
        "dot_accuracy_threshold": 280.600311,
        "dot_f1": 0.911735,
        "dot_f1_threshold": 280.600311,
        "dot_precision": 0.914487,
        "dot_recall": 0.909,
        "dot_ap": 0.949434,
        "max_accuracy": 0.998891,
        "max_f1": 0.944,
        "max_precision": 0.944,
        "max_recall": 0.952,
        "max_ap": 0.97237,
        "main_score": 0.97237,
        "hf_subset": "default",
        "languages": [
          "eng-Latn"
        ]
      }
    ]
  },
  "evaluation_time": 27.55771231651306,
  "kg_co2_emissions": null
}