{
  "dataset_revision": "e185fbe320c72810689fc5848eb6114e1ef5ec69",
  "task_name": "StackOverflowDupQuestions",
  "mteb_version": "1.26.3",
  "scores": {
    "test": [
      {
        "map": 0.5532,
        "mrr": 0.562828,
        "nAUC_map_max": 0.121441,
        "nAUC_map_std": 0.090357,
        "nAUC_map_diff1": 0.4023,
        "nAUC_mrr_max": 0.133698,
        "nAUC_mrr_std": 0.098151,
        "nAUC_mrr_diff1": 0.400442,
        "main_score": 0.5532,
        "hf_subset": "default",
        "languages": [
          "eng-Latn"
        ]
      }
    ]
  },
  "evaluation_time": 44.41342210769653,
  "kg_co2_emissions": null
}