{
  "dataset_revision": "7e90230a92c190f1bf69ae9002b8cea547a64cca",
  "task_name": "STS13",
  "mteb_version": "1.26.3",
  "scores": {
    "test": [
      {
        "pearson": 0.886791,
        "spearman": 0.896171,
        "cosine_pearson": 0.886791,
        "cosine_spearman": 0.896171,
        "manhattan_pearson": 0.865746,
        "manhattan_spearman": 0.877191,
        "euclidean_pearson": 0.865657,
        "euclidean_spearman": 0.877121,
        "main_score": 0.896171,
        "hf_subset": "default",
        "languages": [
          "eng-Latn"
        ]
      }
    ]
  },
  "evaluation_time": 1.5752129554748535,
  "kg_co2_emissions": null
}