{
  "dataset_revision": "4d8694f8f0e0100860b497b999b3dbed754a0513",
  "task_name": "STS16",
  "mteb_version": "1.26.3",
  "scores": {
    "test": [
      {
        "pearson": 0.853585,
        "spearman": 0.866114,
        "cosine_pearson": 0.853585,
        "cosine_spearman": 0.866117,
        "manhattan_pearson": 0.845623,
        "manhattan_spearman": 0.852355,
        "euclidean_pearson": 0.846012,
        "euclidean_spearman": 0.853002,
        "main_score": 0.866117,
        "hf_subset": "default",
        "languages": [
          "eng-Latn"
        ]
      }
    ]
  },
  "evaluation_time": 1.4922103881835938,
  "kg_co2_emissions": null
}