{
  "dataset_revision": "b0fddb56ed78048fa8b90373c8a3cfc37b684831",
  "task_name": "STSBenchmark",
  "mteb_version": "1.26.3",
  "scores": {
    "test": [
      {
        "pearson": 0.87437,
        "spearman": 0.890608,
        "cosine_pearson": 0.87437,
        "cosine_spearman": 0.890608,
        "manhattan_pearson": 0.87482,
        "manhattan_spearman": 0.880476,
        "euclidean_pearson": 0.874831,
        "euclidean_spearman": 0.880742,
        "main_score": 0.890608,
        "hf_subset": "default",
        "languages": [
          "eng-Latn"
        ]
      }
    ]
  },
  "evaluation_time": 1.469491720199585,
  "kg_co2_emissions": null
}