{
  "dataset_revision": "cda12ad7615edc362dbf25a00fdd61d3b1eaf93c",
  "task_name": "SummEval",
  "mteb_version": "1.26.3",
  "scores": {
    "test": [
      {
        "pearson": 0.307239,
        "spearman": 0.320291,
        "cosine_spearman": 0.320291,
        "cosine_pearson": 0.307239,
        "dot_spearman": 0.279393,
        "dot_pearson": 0.288649,
        "main_score": 0.320291,
        "hf_subset": "default",
        "languages": [
          "eng-Latn"
        ]
      }
    ]
  },
  "evaluation_time": 5.886457681655884,
  "kg_co2_emissions": null
}