{
  "dataset_revision": "6125ec4e24fa026cec8a478383ee943acfbd5449",
  "task_name": "TwentyNewsgroupsClustering",
  "mteb_version": "1.26.3",
  "scores": {
    "test": [
      {
        "v_measure": 0.517155,
        "v_measure_std": 0.019507,
        "v_measures": [
          0.481347,
          0.5421,
          0.501022,
          0.493537,
          0.53806,
          0.524056,
          0.533889,
          0.532,
          0.507336,
          0.518203
        ],
        "main_score": 0.517155,
        "hf_subset": "default",
        "languages": [
          "eng-Latn"
        ]
      }
    ]
  },
  "evaluation_time": 28.196171045303345,
  "kg_co2_emissions": null
}