{
  "dataset_revision": "c22ab2a51041ffd869aaddef7af8d8215647e41a",
  "task_name": "ArguAna",
  "mteb_version": "1.26.3",
  "scores": {
    "test": [
      {
        "ndcg_at_1": 0.23186,
        "ndcg_at_3": 0.36595,
        "ndcg_at_5": 0.41664,
        "ndcg_at_10": 0.4703,
        "ndcg_at_20": 0.49977,
        "ndcg_at_100": 0.51856,
        "ndcg_at_1000": 0.52256,
        "map_at_1": 0.23186,
        "map_at_3": 0.33227,
        "map_at_5": 0.3604,
        "map_at_10": 0.38299,
        "map_at_20": 0.39135,
        "map_at_100": 0.39413,
        "map_at_1000": 0.39429,
        "recall_at_1": 0.23186,
        "recall_at_3": 0.46373,
        "recall_at_5": 0.58677,
        "recall_at_10": 0.75036,
        "recall_at_20": 0.86486,
        "recall_at_100": 0.96373,
        "recall_at_1000": 0.99502,
        "precision_at_1": 0.23186,
        "precision_at_3": 0.15458,
        "precision_at_5": 0.11735,
        "precision_at_10": 0.07504,
        "precision_at_20": 0.04324,
        "precision_at_100": 0.00964,
        "precision_at_1000": 0.001,
        "mrr_at_1": 0.231863,
        "mrr_at_3": 0.332385,
        "mrr_at_5": 0.360479,
        "mrr_at_10": 0.383072,
        "mrr_at_20": 0.391436,
        "mrr_at_100": 0.394216,
        "mrr_at_1000": 0.394375,
        "nauc_ndcg_at_1_max": -0.084143,
        "nauc_ndcg_at_1_std": -0.123285,
        "nauc_ndcg_at_1_diff1": 0.155565,
        "nauc_ndcg_at_3_max": -0.082996,
        "nauc_ndcg_at_3_std": -0.08824,
        "nauc_ndcg_at_3_diff1": 0.076166,
        "nauc_ndcg_at_5_max": -0.068895,
        "nauc_ndcg_at_5_std": -0.080526,
        "nauc_ndcg_at_5_diff1": 0.070888,
        "nauc_ndcg_at_10_max": -0.050312,
        "nauc_ndcg_at_10_std": -0.075101,
        "nauc_ndcg_at_10_diff1": 0.083164,
        "nauc_ndcg_at_20_max": -0.050061,
        "nauc_ndcg_at_20_std": -0.073305,
        "nauc_ndcg_at_20_diff1": 0.095334,
        "nauc_ndcg_at_100_max": -0.054021,
        "nauc_ndcg_at_100_std": -0.067042,
        "nauc_ndcg_at_100_diff1": 0.09556,
        "nauc_ndcg_at_1000_max": -0.061985,
        "nauc_ndcg_at_1000_std": -0.077046,
        "nauc_ndcg_at_1000_diff1": 0.094178,
        "nauc_map_at_1_max": -0.084143,
        "nauc_map_at_1_std": -0.123285,
        "nauc_map_at_1_diff1": 0.155565,
        "nauc_map_at_3_max": -0.083465,
        "nauc_map_at_3_std": -0.095294,
        "nauc_map_at_3_diff1": 0.093019,
        "nauc_map_at_5_max": -0.075853,
        "nauc_map_at_5_std": -0.091421,
        "nauc_map_at_5_diff1": 0.090216,
        "nauc_map_at_10_max": -0.069055,
        "nauc_map_at_10_std": -0.089457,
        "nauc_map_at_10_diff1": 0.095838,
        "nauc_map_at_20_max": -0.069558,
        "nauc_map_at_20_std": -0.089253,
        "nauc_map_at_20_diff1": 0.098781,
        "nauc_map_at_100_max": -0.070148,
        "nauc_map_at_100_std": -0.088732,
        "nauc_map_at_100_diff1": 0.099015,
        "nauc_map_at_1000_max": -0.070431,
        "nauc_map_at_1000_std": -0.089059,
        "nauc_map_at_1000_diff1": 0.098948,
        "nauc_recall_at_1_max": -0.084143,
        "nauc_recall_at_1_std": -0.123285,
        "nauc_recall_at_1_diff1": 0.155565,
        "nauc_recall_at_3_max": -0.08165,
        "nauc_recall_at_3_std": -0.069524,
        "nauc_recall_at_3_diff1": 0.031075,
        "nauc_recall_at_5_max": -0.046052,
        "nauc_recall_at_5_std": -0.047525,
        "nauc_recall_at_5_diff1": 0.014316,
        "nauc_recall_at_10_max": 0.039997,
        "nauc_recall_at_10_std": -0.013572,
        "nauc_recall_at_10_diff1": 0.039166,
        "nauc_recall_at_20_max": 0.108411,
        "nauc_recall_at_20_std": 0.042865,
        "nauc_recall_at_20_diff1": 0.11181,
        "nauc_recall_at_100_max": 0.366013,
        "nauc_recall_at_100_std": 0.584537,
        "nauc_recall_at_100_diff1": 0.142457,
        "nauc_recall_at_1000_max": -0.01764,
        "nauc_recall_at_1000_std": 0.772893,
        "nauc_recall_at_1000_diff1": -0.01908,
        "nauc_precision_at_1_max": -0.084143,
        "nauc_precision_at_1_std": -0.123285,
        "nauc_precision_at_1_diff1": 0.155565,
        "nauc_precision_at_3_max": -0.08165,
        "nauc_precision_at_3_std": -0.069524,
        "nauc_precision_at_3_diff1": 0.031075,
        "nauc_precision_at_5_max": -0.046052,
        "nauc_precision_at_5_std": -0.047525,
        "nauc_precision_at_5_diff1": 0.014316,
        "nauc_precision_at_10_max": 0.039997,
        "nauc_precision_at_10_std": -0.013572,
        "nauc_precision_at_10_diff1": 0.039166,
        "nauc_precision_at_20_max": 0.108411,
        "nauc_precision_at_20_std": 0.042865,
        "nauc_precision_at_20_diff1": 0.11181,
        "nauc_precision_at_100_max": 0.366013,
        "nauc_precision_at_100_std": 0.584537,
        "nauc_precision_at_100_diff1": 0.142457,
        "nauc_precision_at_1000_max": -0.01764,
        "nauc_precision_at_1000_std": 0.772893,
        "nauc_precision_at_1000_diff1": -0.01908,
        "nauc_mrr_at_1_max": -0.084143,
        "nauc_mrr_at_1_std": -0.123285,
        "nauc_mrr_at_1_diff1": 0.155565,
        "nauc_mrr_at_3_max": -0.085159,
        "nauc_mrr_at_3_std": -0.096532,
        "nauc_mrr_at_3_diff1": 0.090791,
        "nauc_mrr_at_5_max": -0.07636,
        "nauc_mrr_at_5_std": -0.091157,
        "nauc_mrr_at_5_diff1": 0.089172,
        "nauc_mrr_at_10_max": -0.069584,
        "nauc_mrr_at_10_std": -0.089182,
        "nauc_mrr_at_10_diff1": 0.094749,
        "nauc_mrr_at_20_max": -0.070136,
        "nauc_mrr_at_20_std": -0.08897,
        "nauc_mrr_at_20_diff1": 0.097612,
        "nauc_mrr_at_100_max": -0.07073,
        "nauc_mrr_at_100_std": -0.088446,
        "nauc_mrr_at_100_diff1": 0.097836,
        "nauc_mrr_at_1000_max": -0.071014,
        "nauc_mrr_at_1000_std": -0.088773,
        "nauc_mrr_at_1000_diff1": 0.097769,
        "main_score": 0.4703,
        "hf_subset": "default",
        "languages": [
          "eng-Latn"
        ]
      }
    ]
  },
  "evaluation_time": 24.969950914382935,
  "kg_co2_emissions": null
}