{
  "dataset_revision": "0fd18e25b25c072e09e0d92ab615fda904d66300",
  "task_name": "Banking77Classification",
  "mteb_version": "1.26.3",
  "scores": {
    "test": [
      {
        "accuracy": 0.763734,
        "f1": 0.75247,
        "f1_weighted": 0.75247,
        "scores_per_experiment": [
          {
            "accuracy": 0.776299,
            "f1": 0.763637,
            "f1_weighted": 0.763637
          },
          {
            "accuracy": 0.77013,
            "f1": 0.760219,
            "f1_weighted": 0.760219
          },
          {
            "accuracy": 0.762662,
            "f1": 0.750375,
            "f1_weighted": 0.750375
          },
          {
            "accuracy": 0.752922,
            "f1": 0.744163,
            "f1_weighted": 0.744163
          },
          {
            "accuracy": 0.756818,
            "f1": 0.74348,
            "f1_weighted": 0.74348
          },
          {
            "accuracy": 0.774026,
            "f1": 0.766576,
            "f1_weighted": 0.766576
          },
          {
            "accuracy": 0.756169,
            "f1": 0.743497,
            "f1_weighted": 0.743497
          },
          {
            "accuracy": 0.753896,
            "f1": 0.740187,
            "f1_weighted": 0.740187
          },
          {
            "accuracy": 0.771753,
            "f1": 0.761007,
            "f1_weighted": 0.761007
          },
          {
            "accuracy": 0.762662,
            "f1": 0.75156,
            "f1_weighted": 0.75156
          }
        ],
        "main_score": 0.763734,
        "hf_subset": "default",
        "languages": [
          "eng-Latn"
        ]
      }
    ]
  },
  "evaluation_time": 11.40695071220398,
  "kg_co2_emissions": null
}