{
  "dataset_revision": "258694dd0231531bc1fd9de6ceb52a0853c6d908",
  "task_name": "BiorxivClusteringS2S",
  "mteb_version": "1.26.3",
  "scores": {
    "test": [
      {
        "v_measure": 0.26046,
        "v_measure_std": 0.007463,
        "v_measures": [
          0.25689,
          0.255719,
          0.271153,
          0.251257,
          0.253495,
          0.253765,
          0.263541,
          0.261851,
          0.261768,
          0.275163
        ],
        "main_score": 0.26046,
        "hf_subset": "default",
        "languages": [
          "eng-Latn"
        ]
      }
    ]
  },
  "evaluation_time": 24.852287530899048,
  "kg_co2_emissions": null
}