{
  "dataset_revision": "4f58c6b202a23cf9a4da393831edf4f9183cad37",
  "task_name": "EmotionClassification",
  "mteb_version": "1.26.3",
  "scores": {
    "validation": [
      {
        "accuracy": 0.4707,
        "f1": 0.419027,
        "f1_weighted": 0.486166,
        "scores_per_experiment": [
          {
            "accuracy": 0.5205,
            "f1": 0.457076,
            "f1_weighted": 0.537192
          },
          {
            "accuracy": 0.4645,
            "f1": 0.40774,
            "f1_weighted": 0.474214
          },
          {
            "accuracy": 0.486,
            "f1": 0.408209,
            "f1_weighted": 0.49959
          },
          {
            "accuracy": 0.472,
            "f1": 0.413765,
            "f1_weighted": 0.485442
          },
          {
            "accuracy": 0.4645,
            "f1": 0.421521,
            "f1_weighted": 0.486275
          },
          {
            "accuracy": 0.4965,
            "f1": 0.440506,
            "f1_weighted": 0.507432
          },
          {
            "accuracy": 0.4945,
            "f1": 0.426838,
            "f1_weighted": 0.511586
          },
          {
            "accuracy": 0.388,
            "f1": 0.375639,
            "f1_weighted": 0.399083
          },
          {
            "accuracy": 0.4375,
            "f1": 0.411817,
            "f1_weighted": 0.456097
          },
          {
            "accuracy": 0.483,
            "f1": 0.427162,
            "f1_weighted": 0.504753
          }
        ],
        "main_score": 0.4707,
        "hf_subset": "default",
        "languages": [
          "eng-Latn"
        ]
      }
    ],
    "test": [
      {
        "accuracy": 0.47665,
        "f1": 0.420709,
        "f1_weighted": 0.495186,
        "scores_per_experiment": [
          {
            "accuracy": 0.521,
            "f1": 0.452006,
            "f1_weighted": 0.539544
          },
          {
            "accuracy": 0.463,
            "f1": 0.404011,
            "f1_weighted": 0.477478
          },
          {
            "accuracy": 0.481,
            "f1": 0.404008,
            "f1_weighted": 0.49846
          },
          {
            "accuracy": 0.4815,
            "f1": 0.411869,
            "f1_weighted": 0.498876
          },
          {
            "accuracy": 0.484,
            "f1": 0.439826,
            "f1_weighted": 0.505963
          },
          {
            "accuracy": 0.494,
            "f1": 0.429694,
            "f1_weighted": 0.506277
          },
          {
            "accuracy": 0.5165,
            "f1": 0.446567,
            "f1_weighted": 0.535504
          },
          {
            "accuracy": 0.3945,
            "f1": 0.381019,
            "f1_weighted": 0.409073
          },
          {
            "accuracy": 0.4375,
            "f1": 0.40129,
            "f1_weighted": 0.460388
          },
          {
            "accuracy": 0.4935,
            "f1": 0.436795,
            "f1_weighted": 0.520297
          }
        ],
        "main_score": 0.47665,
        "hf_subset": "default",
        "languages": [
          "eng-Latn"
        ]
      }
    ]
  },
  "evaluation_time": 10.346058130264282,
  "kg_co2_emissions": null
}