{
  "dataset_revision": "4672e20407010da34463acc759c162ca9734bca6",
  "task_name": "MassiveIntentClassification",
  "mteb_version": "1.26.3",
  "scores": {
    "validation": [
      {
        "accuracy": 0.648549,
        "f1": 0.604997,
        "f1_weighted": 0.631567,
        "scores_per_experiment": [
          {
            "accuracy": 0.644368,
            "f1": 0.605687,
            "f1_weighted": 0.629622
          },
          {
            "accuracy": 0.675848,
            "f1": 0.64613,
            "f1_weighted": 0.6648
          },
          {
            "accuracy": 0.654697,
            "f1": 0.600346,
            "f1_weighted": 0.637588
          },
          {
            "accuracy": 0.670438,
            "f1": 0.628212,
            "f1_weighted": 0.655719
          },
          {
            "accuracy": 0.640925,
            "f1": 0.594567,
            "f1_weighted": 0.619002
          },
          {
            "accuracy": 0.641417,
            "f1": 0.604603,
            "f1_weighted": 0.621627
          },
          {
            "accuracy": 0.633055,
            "f1": 0.586748,
            "f1_weighted": 0.616963
          },
          {
            "accuracy": 0.640925,
            "f1": 0.592373,
            "f1_weighted": 0.626822
          },
          {
            "accuracy": 0.623709,
            "f1": 0.580446,
            "f1_weighted": 0.59116
          },
          {
            "accuracy": 0.660108,
            "f1": 0.610855,
            "f1_weighted": 0.65237
          }
        ],
        "main_score": 0.648549,
        "hf_subset": "en",
        "languages": [
          "eng-Latn"
        ]
      }
    ],
    "test": [
      {
        "accuracy": 0.646167,
        "f1": 0.616351,
        "f1_weighted": 0.628678,
        "scores_per_experiment": [
          {
            "accuracy": 0.646268,
            "f1": 0.613952,
            "f1_weighted": 0.62835
          },
          {
            "accuracy": 0.678547,
            "f1": 0.649026,
            "f1_weighted": 0.672868
          },
          {
            "accuracy": 0.638534,
            "f1": 0.615474,
            "f1_weighted": 0.620333
          },
          {
            "accuracy": 0.670477,
            "f1": 0.646146,
            "f1_weighted": 0.654619
          },
          {
            "accuracy": 0.637861,
            "f1": 0.603111,
            "f1_weighted": 0.618198
          },
          {
            "accuracy": 0.620713,
            "f1": 0.603133,
            "f1_weighted": 0.598106
          },
          {
            "accuracy": 0.635171,
            "f1": 0.603516,
            "f1_weighted": 0.616169
          },
          {
            "accuracy": 0.645595,
            "f1": 0.605475,
            "f1_weighted": 0.632695
          },
          {
            "accuracy": 0.632482,
            "f1": 0.603737,
            "f1_weighted": 0.601091
          },
          {
            "accuracy": 0.656019,
            "f1": 0.619938,
            "f1_weighted": 0.64435
          }
        ],
        "main_score": 0.646167,
        "hf_subset": "en",
        "languages": [
          "eng-Latn"
        ]
      }
    ]
  },
  "evaluation_time": 5.350087881088257,
  "kg_co2_emissions": null
}