{
  "dataset_revision": "35191c8c0dca72d8ff3efcd72aa802307d469663",
  "task_name": "MedrxivClusteringS2S",
  "mteb_version": "1.26.3",
  "scores": {
    "test": [
      {
        "v_measure": 0.265516,
        "v_measure_std": 0.012835,
        "v_measures": [
          0.259664,
          0.252594,
          0.248894,
          0.245638,
          0.262223,
          0.278361,
          0.277549,
          0.2836,
          0.27496,
          0.271677
        ],
        "main_score": 0.265516,
        "hf_subset": "default",
        "languages": [
          "eng-Latn"
        ]
      }
    ]
  },
  "evaluation_time": 15.035798072814941,
  "kg_co2_emissions": null
}