{
  "dataset_revision": "ec0fa4fe99da2ff19ca1214b7966684033a58814",
  "task_name": "NFCorpus",
  "mteb_version": "1.26.3",
  "scores": {
    "test": [
      {
        "ndcg_at_1": 0.31734,
        "ndcg_at_3": 0.27721,
        "ndcg_at_5": 0.25699,
        "ndcg_at_10": 0.23106,
        "ndcg_at_20": 0.21708,
        "ndcg_at_100": 0.21307,
        "ndcg_at_1000": 0.29639,
        "map_at_1": 0.03887,
        "map_at_3": 0.0571,
        "map_at_5": 0.06449,
        "map_at_10": 0.07425,
        "map_at_20": 0.08088,
        "map_at_100": 0.09022,
        "map_at_1000": 0.09922,
        "recall_at_1": 0.03887,
        "recall_at_3": 0.06755,
        "recall_at_5": 0.08287,
        "recall_at_10": 0.11069,
        "recall_at_20": 0.13876,
        "recall_at_100": 0.21864,
        "recall_at_1000": 0.51604,
        "precision_at_1": 0.32817,
        "precision_at_3": 0.25697,
        "precision_at_5": 0.21672,
        "precision_at_10": 0.16502,
        "precision_at_20": 0.12724,
        "precision_at_100": 0.0535,
        "precision_at_1000": 0.017,
        "mrr_at_1": 0.328173,
        "mrr_at_3": 0.394737,
        "mrr_at_5": 0.406037,
        "mrr_at_10": 0.41569,
        "mrr_at_20": 0.422323,
        "mrr_at_100": 0.425029,
        "mrr_at_1000": 0.425703,
        "nauc_ndcg_at_1_max": 0.297258,
        "nauc_ndcg_at_1_std": 0.106248,
        "nauc_ndcg_at_1_diff1": 0.258397,
        "nauc_ndcg_at_3_max": 0.259028,
        "nauc_ndcg_at_3_std": 0.150338,
        "nauc_ndcg_at_3_diff1": 0.182384,
        "nauc_ndcg_at_5_max": 0.259634,
        "nauc_ndcg_at_5_std": 0.1594,
        "nauc_ndcg_at_5_diff1": 0.170573,
        "nauc_ndcg_at_10_max": 0.256121,
        "nauc_ndcg_at_10_std": 0.156267,
        "nauc_ndcg_at_10_diff1": 0.157617,
        "nauc_ndcg_at_20_max": 0.248681,
        "nauc_ndcg_at_20_std": 0.169453,
        "nauc_ndcg_at_20_diff1": 0.156488,
        "nauc_ndcg_at_100_max": 0.299111,
        "nauc_ndcg_at_100_std": 0.141185,
        "nauc_ndcg_at_100_diff1": 0.192748,
        "nauc_ndcg_at_1000_max": 0.347857,
        "nauc_ndcg_at_1000_std": 0.212709,
        "nauc_ndcg_at_1000_diff1": 0.177225,
        "nauc_map_at_1_max": 0.158787,
        "nauc_map_at_1_std": -0.116614,
        "nauc_map_at_1_diff1": 0.297471,
        "nauc_map_at_3_max": 0.14521,
        "nauc_map_at_3_std": -0.105885,
        "nauc_map_at_3_diff1": 0.238591,
        "nauc_map_at_5_max": 0.165334,
        "nauc_map_at_5_std": -0.099495,
        "nauc_map_at_5_diff1": 0.230908,
        "nauc_map_at_10_max": 0.212114,
        "nauc_map_at_10_std": -0.077152,
        "nauc_map_at_10_diff1": 0.213982,
        "nauc_map_at_20_max": 0.226387,
        "nauc_map_at_20_std": -0.055287,
        "nauc_map_at_20_diff1": 0.206648,
        "nauc_map_at_100_max": 0.240417,
        "nauc_map_at_100_std": -0.017642,
        "nauc_map_at_100_diff1": 0.198563,
        "nauc_map_at_1000_max": 0.241448,
        "nauc_map_at_1000_std": 0.019522,
        "nauc_map_at_1000_diff1": 0.185264,
        "nauc_recall_at_1_max": 0.158787,
        "nauc_recall_at_1_std": -0.116614,
        "nauc_recall_at_1_diff1": 0.297471,
        "nauc_recall_at_3_max": 0.124929,
        "nauc_recall_at_3_std": -0.090448,
        "nauc_recall_at_3_diff1": 0.231082,
        "nauc_recall_at_5_max": 0.130236,
        "nauc_recall_at_5_std": -0.100285,
        "nauc_recall_at_5_diff1": 0.225174,
        "nauc_recall_at_10_max": 0.183983,
        "nauc_recall_at_10_std": -0.063341,
        "nauc_recall_at_10_diff1": 0.196248,
        "nauc_recall_at_20_max": 0.194073,
        "nauc_recall_at_20_std": -0.017658,
        "nauc_recall_at_20_diff1": 0.19056,
        "nauc_recall_at_100_max": 0.213163,
        "nauc_recall_at_100_std": 0.032202,
        "nauc_recall_at_100_diff1": 0.169244,
        "nauc_recall_at_1000_max": 0.229369,
        "nauc_recall_at_1000_std": 0.214611,
        "nauc_recall_at_1000_diff1": 0.092814,
        "nauc_precision_at_1_max": 0.28817,
        "nauc_precision_at_1_std": 0.107222,
        "nauc_precision_at_1_diff1": 0.258892,
        "nauc_precision_at_3_max": 0.240102,
        "nauc_precision_at_3_std": 0.197407,
        "nauc_precision_at_3_diff1": 0.118497,
        "nauc_precision_at_5_max": 0.239158,
        "nauc_precision_at_5_std": 0.235852,
        "nauc_precision_at_5_diff1": 0.06412,
        "nauc_precision_at_10_max": 0.235323,
        "nauc_precision_at_10_std": 0.262283,
        "nauc_precision_at_10_diff1": 0.013265,
        "nauc_precision_at_20_max": 0.194542,
        "nauc_precision_at_20_std": 0.334717,
        "nauc_precision_at_20_diff1": -0.020921,
        "nauc_precision_at_100_max": 0.11741,
        "nauc_precision_at_100_std": 0.393261,
        "nauc_precision_at_100_diff1": -0.056905,
        "nauc_precision_at_1000_max": -0.039059,
        "nauc_precision_at_1000_std": 0.37264,
        "nauc_precision_at_1000_diff1": -0.136398,
        "nauc_mrr_at_1_max": 0.28817,
        "nauc_mrr_at_1_std": 0.107222,
        "nauc_mrr_at_1_diff1": 0.258892,
        "nauc_mrr_at_3_max": 0.276351,
        "nauc_mrr_at_3_std": 0.16826,
        "nauc_mrr_at_3_diff1": 0.255397,
        "nauc_mrr_at_5_max": 0.283654,
        "nauc_mrr_at_5_std": 0.171219,
        "nauc_mrr_at_5_diff1": 0.25032,
        "nauc_mrr_at_10_max": 0.285998,
        "nauc_mrr_at_10_std": 0.174822,
        "nauc_mrr_at_10_diff1": 0.242055,
        "nauc_mrr_at_20_max": 0.288093,
        "nauc_mrr_at_20_std": 0.180984,
        "nauc_mrr_at_20_diff1": 0.246672,
        "nauc_mrr_at_100_max": 0.289491,
        "nauc_mrr_at_100_std": 0.178455,
        "nauc_mrr_at_100_diff1": 0.246916,
        "nauc_mrr_at_1000_max": 0.289362,
        "nauc_mrr_at_1000_std": 0.178548,
        "nauc_mrr_at_1000_diff1": 0.247132,
        "main_score": 0.23106,
        "hf_subset": "default",
        "languages": [
          "eng-Latn"
        ]
      }
    ]
  },
  "evaluation_time": 13.515920877456665,
  "kg_co2_emissions": null
}