{
  "dataset_revision": "d3c5e1fc0b855ab6097bf1cda04dd73947d7caab",
  "task_name": "SciDocsRR",
  "mteb_version": "1.26.3",
  "scores": {
    "test": [
      {
        "map": 0.76626,
        "mrr": 0.922961,
        "nAUC_map_max": 0.557139,
        "nAUC_map_std": 0.719808,
        "nAUC_map_diff1": 0.043028,
        "nAUC_mrr_max": 0.836357,
        "nAUC_mrr_std": 0.799364,
        "nAUC_mrr_diff1": 0.467669,
        "main_score": 0.76626,
        "hf_subset": "default",
        "languages": [
          "eng-Latn"
        ]
      }
    ]
  },
  "evaluation_time": 31.6828396320343,
  "kg_co2_emissions": null
}