{
  "dataset_revision": "0228b52cf27578f30900b9e5271d331663a030d7",
  "task_name": "SciFact",
  "mteb_version": "1.26.3",
  "scores": {
    "train": [
      {
        "ndcg_at_1": 0.35723,
        "ndcg_at_3": 0.40944,
        "ndcg_at_5": 0.42581,
        "ndcg_at_10": 0.44235,
        "ndcg_at_20": 0.45246,
        "ndcg_at_100": 0.47586,
        "ndcg_at_1000": 0.49602,
        "map_at_1": 0.33739,
        "map_at_3": 0.38924,
        "map_at_5": 0.39972,
        "map_at_10": 0.40695,
        "map_at_20": 0.41012,
        "map_at_100": 0.41356,
        "map_at_1000": 0.41418,
        "recall_at_1": 0.33739,
        "recall_at_3": 0.44627,
        "recall_at_5": 0.48572,
        "recall_at_10": 0.53323,
        "recall_at_20": 0.57025,
        "recall_at_100": 0.69232,
        "recall_at_1000": 0.85929,
        "precision_at_1": 0.35723,
        "precision_at_3": 0.16399,
        "precision_at_5": 0.10853,
        "precision_at_10": 0.06057,
        "precision_at_20": 0.03276,
        "precision_at_100": 0.00796,
        "precision_at_1000": 0.00098,
        "mrr_at_1": 0.357231,
        "mrr_at_3": 0.407705,
        "mrr_at_5": 0.416543,
        "mrr_at_10": 0.423477,
        "mrr_at_20": 0.426045,
        "mrr_at_100": 0.429015,
        "mrr_at_1000": 0.429508,
        "nauc_ndcg_at_1_max": 0.372417,
        "nauc_ndcg_at_1_std": 0.188219,
        "nauc_ndcg_at_1_diff1": 0.650205,
        "nauc_ndcg_at_3_max": 0.391804,
        "nauc_ndcg_at_3_std": 0.21825,
        "nauc_ndcg_at_3_diff1": 0.602494,
        "nauc_ndcg_at_5_max": 0.391004,
        "nauc_ndcg_at_5_std": 0.231341,
        "nauc_ndcg_at_5_diff1": 0.593184,
        "nauc_ndcg_at_10_max": 0.391096,
        "nauc_ndcg_at_10_std": 0.25083,
        "nauc_ndcg_at_10_diff1": 0.595069,
        "nauc_ndcg_at_20_max": 0.388609,
        "nauc_ndcg_at_20_std": 0.263527,
        "nauc_ndcg_at_20_diff1": 0.59175,
        "nauc_ndcg_at_100_max": 0.378538,
        "nauc_ndcg_at_100_std": 0.262618,
        "nauc_ndcg_at_100_diff1": 0.585662,
        "nauc_ndcg_at_1000_max": 0.389219,
        "nauc_ndcg_at_1000_std": 0.263987,
        "nauc_ndcg_at_1000_diff1": 0.591092,
        "nauc_map_at_1_max": 0.358385,
        "nauc_map_at_1_std": 0.185441,
        "nauc_map_at_1_diff1": 0.644504,
        "nauc_map_at_3_max": 0.381359,
        "nauc_map_at_3_std": 0.209628,
        "nauc_map_at_3_diff1": 0.612957,
        "nauc_map_at_5_max": 0.38335,
        "nauc_map_at_5_std": 0.221116,
        "nauc_map_at_5_diff1": 0.607422,
        "nauc_map_at_10_max": 0.383879,
        "nauc_map_at_10_std": 0.229826,
        "nauc_map_at_10_diff1": 0.60848,
        "nauc_map_at_20_max": 0.383514,
        "nauc_map_at_20_std": 0.234165,
        "nauc_map_at_20_diff1": 0.607327,
        "nauc_map_at_100_max": 0.38218,
        "nauc_map_at_100_std": 0.234527,
        "nauc_map_at_100_diff1": 0.606712,
        "nauc_map_at_1000_max": 0.382451,
        "nauc_map_at_1000_std": 0.234529,
        "nauc_map_at_1000_diff1": 0.606915,
        "nauc_recall_at_1_max": 0.358385,
        "nauc_recall_at_1_std": 0.185441,
        "nauc_recall_at_1_diff1": 0.644504,
        "nauc_recall_at_3_max": 0.394923,
        "nauc_recall_at_3_std": 0.226387,
        "nauc_recall_at_3_diff1": 0.567699,
        "nauc_recall_at_5_max": 0.395173,
        "nauc_recall_at_5_std": 0.259004,
        "nauc_recall_at_5_diff1": 0.542624,
        "nauc_recall_at_10_max": 0.387986,
        "nauc_recall_at_10_std": 0.31296,
        "nauc_recall_at_10_diff1": 0.53897,
        "nauc_recall_at_20_max": 0.375313,
        "nauc_recall_at_20_std": 0.36336,
        "nauc_recall_at_20_diff1": 0.524945,
        "nauc_recall_at_100_max": 0.300605,
        "nauc_recall_at_100_std": 0.371905,
        "nauc_recall_at_100_diff1": 0.462152,
        "nauc_recall_at_1000_max": 0.448923,
        "nauc_recall_at_1000_std": 0.516011,
        "nauc_recall_at_1000_diff1": 0.461554,
        "nauc_precision_at_1_max": 0.372417,
        "nauc_precision_at_1_std": 0.188219,
        "nauc_precision_at_1_diff1": 0.650205,
        "nauc_precision_at_3_max": 0.415822,
        "nauc_precision_at_3_std": 0.239794,
        "nauc_precision_at_3_diff1": 0.515564,
        "nauc_precision_at_5_max": 0.406674,
        "nauc_precision_at_5_std": 0.277691,
        "nauc_precision_at_5_diff1": 0.46295,
        "nauc_precision_at_10_max": 0.39259,
        "nauc_precision_at_10_std": 0.33852,
        "nauc_precision_at_10_diff1": 0.432177,
        "nauc_precision_at_20_max": 0.369844,
        "nauc_precision_at_20_std": 0.375352,
        "nauc_precision_at_20_diff1": 0.387385,
        "nauc_precision_at_100_max": 0.289549,
        "nauc_precision_at_100_std": 0.349772,
        "nauc_precision_at_100_diff1": 0.276408,
        "nauc_precision_at_1000_max": 0.311924,
        "nauc_precision_at_1000_std": 0.325204,
        "nauc_precision_at_1000_diff1": 0.154104,
        "nauc_mrr_at_1_max": 0.372417,
        "nauc_mrr_at_1_std": 0.188219,
        "nauc_mrr_at_1_diff1": 0.650205,
        "nauc_mrr_at_3_max": 0.395864,
        "nauc_mrr_at_3_std": 0.215141,
        "nauc_mrr_at_3_diff1": 0.617186,
        "nauc_mrr_at_5_max": 0.394042,
        "nauc_mrr_at_5_std": 0.218801,
        "nauc_mrr_at_5_diff1": 0.61148,
        "nauc_mrr_at_10_max": 0.394756,
        "nauc_mrr_at_10_std": 0.226064,
        "nauc_mrr_at_10_diff1": 0.613481,
        "nauc_mrr_at_20_max": 0.393669,
        "nauc_mrr_at_20_std": 0.228808,
        "nauc_mrr_at_20_diff1": 0.612877,
        "nauc_mrr_at_100_max": 0.392059,
        "nauc_mrr_at_100_std": 0.228225,
        "nauc_mrr_at_100_diff1": 0.612394,
        "nauc_mrr_at_1000_max": 0.392186,
        "nauc_mrr_at_1000_std": 0.228218,
        "nauc_mrr_at_1000_diff1": 0.612518,
        "main_score": 0.44235,
        "hf_subset": "default",
        "languages": [
          "eng-Latn"
        ]
      }
    ],
    "test": [
      {
        "ndcg_at_1": 0.33333,
        "ndcg_at_3": 0.39253,
        "ndcg_at_5": 0.41564,
        "ndcg_at_10": 0.43471,
        "ndcg_at_20": 0.4522,
        "ndcg_at_100": 0.47565,
        "ndcg_at_1000": 0.49485,
        "map_at_1": 0.31361,
        "map_at_3": 0.37056,
        "map_at_5": 0.38542,
        "map_at_10": 0.39431,
        "map_at_20": 0.39938,
        "map_at_100": 0.40295,
        "map_at_1000": 0.40364,
        "recall_at_1": 0.31361,
        "recall_at_3": 0.43556,
        "recall_at_5": 0.48994,
        "recall_at_10": 0.54606,
        "recall_at_20": 0.61267,
        "recall_at_100": 0.73489,
        "recall_at_1000": 0.88833,
        "precision_at_1": 0.33333,
        "precision_at_3": 0.15778,
        "precision_at_5": 0.11067,
        "precision_at_10": 0.06233,
        "precision_at_20": 0.03517,
        "precision_at_100": 0.0084,
        "precision_at_1000": 0.00102,
        "mrr_at_1": 0.333333,
        "mrr_at_3": 0.387222,
        "mrr_at_5": 0.399222,
        "mrr_at_10": 0.406349,
        "mrr_at_20": 0.411005,
        "mrr_at_100": 0.414041,
        "mrr_at_1000": 0.414596,
        "nauc_ndcg_at_1_max": 0.544502,
        "nauc_ndcg_at_1_std": 0.117275,
        "nauc_ndcg_at_1_diff1": 0.64833,
        "nauc_ndcg_at_3_max": 0.49124,
        "nauc_ndcg_at_3_std": 0.113133,
        "nauc_ndcg_at_3_diff1": 0.585059,
        "nauc_ndcg_at_5_max": 0.503041,
        "nauc_ndcg_at_5_std": 0.139455,
        "nauc_ndcg_at_5_diff1": 0.583223,
        "nauc_ndcg_at_10_max": 0.492676,
        "nauc_ndcg_at_10_std": 0.145438,
        "nauc_ndcg_at_10_diff1": 0.566519,
        "nauc_ndcg_at_20_max": 0.490008,
        "nauc_ndcg_at_20_std": 0.154213,
        "nauc_ndcg_at_20_diff1": 0.558064,
        "nauc_ndcg_at_100_max": 0.491329,
        "nauc_ndcg_at_100_std": 0.145626,
        "nauc_ndcg_at_100_diff1": 0.561638,
        "nauc_ndcg_at_1000_max": 0.495066,
        "nauc_ndcg_at_1000_std": 0.149847,
        "nauc_ndcg_at_1000_diff1": 0.568201,
        "nauc_map_at_1_max": 0.501941,
        "nauc_map_at_1_std": 0.060505,
        "nauc_map_at_1_diff1": 0.642941,
        "nauc_map_at_3_max": 0.483747,
        "nauc_map_at_3_std": 0.094029,
        "nauc_map_at_3_diff1": 0.595706,
        "nauc_map_at_5_max": 0.497904,
        "nauc_map_at_5_std": 0.114843,
        "nauc_map_at_5_diff1": 0.595187,
        "nauc_map_at_10_max": 0.49501,
        "nauc_map_at_10_std": 0.120056,
        "nauc_map_at_10_diff1": 0.586829,
        "nauc_map_at_20_max": 0.495224,
        "nauc_map_at_20_std": 0.123409,
        "nauc_map_at_20_diff1": 0.584458,
        "nauc_map_at_100_max": 0.49594,
        "nauc_map_at_100_std": 0.122534,
        "nauc_map_at_100_diff1": 0.584735,
        "nauc_map_at_1000_max": 0.496222,
        "nauc_map_at_1000_std": 0.122843,
        "nauc_map_at_1000_diff1": 0.585251,
        "nauc_recall_at_1_max": 0.501941,
        "nauc_recall_at_1_std": 0.060505,
        "nauc_recall_at_1_diff1": 0.642941,
        "nauc_recall_at_3_max": 0.454826,
        "nauc_recall_at_3_std": 0.114149,
        "nauc_recall_at_3_diff1": 0.551697,
        "nauc_recall_at_5_max": 0.483461,
        "nauc_recall_at_5_std": 0.179673,
        "nauc_recall_at_5_diff1": 0.539223,
        "nauc_recall_at_10_max": 0.443913,
        "nauc_recall_at_10_std": 0.191914,
        "nauc_recall_at_10_diff1": 0.485586,
        "nauc_recall_at_20_max": 0.422593,
        "nauc_recall_at_20_std": 0.229038,
        "nauc_recall_at_20_diff1": 0.437791,
        "nauc_recall_at_100_max": 0.398663,
        "nauc_recall_at_100_std": 0.179823,
        "nauc_recall_at_100_diff1": 0.431662,
        "nauc_recall_at_1000_max": 0.365267,
        "nauc_recall_at_1000_std": 0.284266,
        "nauc_recall_at_1000_diff1": 0.400787,
        "nauc_precision_at_1_max": 0.544502,
        "nauc_precision_at_1_std": 0.117275,
        "nauc_precision_at_1_diff1": 0.64833,
        "nauc_precision_at_3_max": 0.496946,
        "nauc_precision_at_3_std": 0.200955,
        "nauc_precision_at_3_diff1": 0.496392,
        "nauc_precision_at_5_max": 0.525367,
        "nauc_precision_at_5_std": 0.296919,
        "nauc_precision_at_5_diff1": 0.457803,
        "nauc_precision_at_10_max": 0.48605,
        "nauc_precision_at_10_std": 0.325178,
        "nauc_precision_at_10_diff1": 0.374108,
        "nauc_precision_at_20_max": 0.458601,
        "nauc_precision_at_20_std": 0.37143,
        "nauc_precision_at_20_diff1": 0.319746,
        "nauc_precision_at_100_max": 0.436853,
        "nauc_precision_at_100_std": 0.35297,
        "nauc_precision_at_100_diff1": 0.272201,
        "nauc_precision_at_1000_max": 0.376863,
        "nauc_precision_at_1000_std": 0.413364,
        "nauc_precision_at_1000_diff1": 0.194324,
        "nauc_mrr_at_1_max": 0.544502,
        "nauc_mrr_at_1_std": 0.117275,
        "nauc_mrr_at_1_diff1": 0.64833,
        "nauc_mrr_at_3_max": 0.522141,
        "nauc_mrr_at_3_std": 0.127329,
        "nauc_mrr_at_3_diff1": 0.60542,
        "nauc_mrr_at_5_max": 0.525767,
        "nauc_mrr_at_5_std": 0.142784,
        "nauc_mrr_at_5_diff1": 0.602336,
        "nauc_mrr_at_10_max": 0.521595,
        "nauc_mrr_at_10_std": 0.143674,
        "nauc_mrr_at_10_diff1": 0.597455,
        "nauc_mrr_at_20_max": 0.520177,
        "nauc_mrr_at_20_std": 0.144115,
        "nauc_mrr_at_20_diff1": 0.595346,
        "nauc_mrr_at_100_max": 0.519874,
        "nauc_mrr_at_100_std": 0.142658,
        "nauc_mrr_at_100_diff1": 0.595674,
        "nauc_mrr_at_1000_max": 0.519892,
        "nauc_mrr_at_1000_std": 0.142759,
        "nauc_mrr_at_1000_diff1": 0.595804,
        "main_score": 0.43471,
        "hf_subset": "default",
        "languages": [
          "eng-Latn"
        ]
      }
    ]
  },
  "evaluation_time": 37.535141468048096,
  "kg_co2_emissions": null
}