{
  "dataset_revision": "20a6d6f312dd54037fe07a32d58e5e168867909d",
  "task_name": "SICK-R",
  "mteb_version": "1.26.3",
  "scores": {
    "test": [
      {
        "pearson": 0.846219,
        "spearman": 0.788639,
        "cosine_pearson": 0.846219,
        "cosine_spearman": 0.788639,
        "manhattan_pearson": 0.828482,
        "manhattan_spearman": 0.787917,
        "euclidean_pearson": 0.829607,
        "euclidean_spearman": 0.788639,
        "main_score": 0.788639,
        "hf_subset": "default",
        "languages": [
          "eng-Latn"
        ]
      }
    ]
  },
  "evaluation_time": 3.5669753551483154,
  "kg_co2_emissions": null
}