{
  "dataset_revision": "d66bd1f72af766a5cc4b0ca5e00c162f89e8cc46",
  "task_name": "SprintDuplicateQuestions",
  "mteb_version": "1.26.3",
  "scores": {
    "validation": [
      {
        "similarity_accuracy": 0.99695,
        "similarity_accuracy_threshold": 0.942822,
        "similarity_f1": 0.847525,
        "similarity_f1_threshold": 0.937752,
        "similarity_precision": 0.839216,
        "similarity_recall": 0.856,
        "similarity_ap": 0.917246,
        "cosine_accuracy": 0.99695,
        "cosine_accuracy_threshold": 0.942822,
        "cosine_f1": 0.847525,
        "cosine_f1_threshold": 0.937752,
        "cosine_precision": 0.839216,
        "cosine_recall": 0.856,
        "cosine_ap": 0.917245,
        "manhattan_accuracy": 0.99704,
        "manhattan_accuracy_threshold": 7.784149,
        "manhattan_f1": 0.851613,
        "manhattan_f1_threshold": 7.784149,
        "manhattan_precision": 0.84532,
        "manhattan_recall": 0.858,
        "manhattan_ap": 0.916899,
        "euclidean_accuracy": 0.99695,
        "euclidean_accuracy_threshold": 0.338165,
        "euclidean_f1": 0.847525,
        "euclidean_f1_threshold": 0.352841,
        "euclidean_precision": 0.839216,
        "euclidean_recall": 0.856,
        "euclidean_ap": 0.917246,
        "dot_accuracy": 0.99695,
        "dot_accuracy_threshold": 0.942822,
        "dot_f1": 0.847525,
        "dot_f1_threshold": 0.937752,
        "dot_precision": 0.839216,
        "dot_recall": 0.856,
        "dot_ap": 0.917246,
        "max_accuracy": 0.99704,
        "max_f1": 0.851613,
        "max_precision": 0.84532,
        "max_recall": 0.858,
        "max_ap": 0.917246,
        "main_score": 0.917246,
        "hf_subset": "default",
        "languages": [
          "eng-Latn"
        ]
      }
    ],
    "test": [
      {
        "similarity_accuracy": 0.99697,
        "similarity_accuracy_threshold": 0.943075,
        "similarity_f1": 0.846345,
        "similarity_f1_threshold": 0.939024,
        "similarity_precision": 0.841741,
        "similarity_recall": 0.851,
        "similarity_ap": 0.912965,
        "cosine_accuracy": 0.99697,
        "cosine_accuracy_threshold": 0.943075,
        "cosine_f1": 0.846345,
        "cosine_f1_threshold": 0.939024,
        "cosine_precision": 0.841741,
        "cosine_recall": 0.851,
        "cosine_ap": 0.912964,
        "manhattan_accuracy": 0.99697,
        "manhattan_accuracy_threshold": 7.385879,
        "manhattan_f1": 0.846268,
        "manhattan_f1_threshold": 7.731025,
        "manhattan_precision": 0.836755,
        "manhattan_recall": 0.856,
        "manhattan_ap": 0.912416,
        "euclidean_accuracy": 0.99697,
        "euclidean_accuracy_threshold": 0.337416,
        "euclidean_f1": 0.846345,
        "euclidean_f1_threshold": 0.349215,
        "euclidean_precision": 0.841741,
        "euclidean_recall": 0.851,
        "euclidean_ap": 0.912965,
        "dot_accuracy": 0.99697,
        "dot_accuracy_threshold": 0.943075,
        "dot_f1": 0.846345,
        "dot_f1_threshold": 0.939024,
        "dot_precision": 0.841741,
        "dot_recall": 0.851,
        "dot_ap": 0.912963,
        "max_accuracy": 0.99697,
        "max_f1": 0.846345,
        "max_precision": 0.841741,
        "max_recall": 0.856,
        "max_ap": 0.912965,
        "main_score": 0.912965,
        "hf_subset": "default",
        "languages": [
          "eng-Latn"
        ]
      }
    ]
  },
  "evaluation_time": 45.85220408439636,
  "kg_co2_emissions": null
}