{
  "dataset_revision": "e185fbe320c72810689fc5848eb6114e1ef5ec69",
  "task_name": "StackOverflowDupQuestions",
  "mteb_version": "1.26.3",
  "scores": {
    "test": [
      {
        "map": 0.49666,
        "mrr": 0.504156,
        "nAUC_map_max": 0.084114,
        "nAUC_map_std": 0.089538,
        "nAUC_map_diff1": 0.363946,
        "nAUC_mrr_max": 0.093784,
        "nAUC_mrr_std": 0.097059,
        "nAUC_mrr_diff1": 0.366414,
        "main_score": 0.49666,
        "hf_subset": "default",
        "languages": [
          "eng-Latn"
        ]
      }
    ]
  },
  "evaluation_time": 19.185795783996582,
  "kg_co2_emissions": null
}