{
  "dataset_revision": "7e90230a92c190f1bf69ae9002b8cea547a64cca",
  "task_name": "STS13",
  "mteb_version": "1.26.3",
  "scores": {
    "test": [
      {
        "pearson": 0.827538,
        "spearman": 0.840119,
        "cosine_pearson": 0.827538,
        "cosine_spearman": 0.840122,
        "manhattan_pearson": 0.831432,
        "manhattan_spearman": 0.839869,
        "euclidean_pearson": 0.831822,
        "euclidean_spearman": 0.840122,
        "main_score": 0.840122,
        "hf_subset": "default",
        "languages": [
          "eng-Latn"
        ]
      }
    ]
  },
  "evaluation_time": 0.7261240482330322,
  "kg_co2_emissions": null
}