{
  "dataset_revision": "4d8694f8f0e0100860b497b999b3dbed754a0513",
  "task_name": "STS16",
  "mteb_version": "1.26.3",
  "scores": {
    "test": [
      {
        "pearson": 0.804423,
        "spearman": 0.819561,
        "cosine_pearson": 0.804423,
        "cosine_spearman": 0.819561,
        "manhattan_pearson": 0.814894,
        "manhattan_spearman": 0.818909,
        "euclidean_pearson": 0.815525,
        "euclidean_spearman": 0.819561,
        "main_score": 0.819561,
        "hf_subset": "default",
        "languages": [
          "eng-Latn"
        ]
      }
    ]
  },
  "evaluation_time": 0.695507287979126,
  "kg_co2_emissions": null
}