{
  "dataset_revision": "b0fddb56ed78048fa8b90373c8a3cfc37b684831",
  "task_name": "STSBenchmark",
  "mteb_version": "1.26.3",
  "scores": {
    "test": [
      {
        "pearson": 0.833719,
        "spearman": 0.842065,
        "cosine_pearson": 0.833719,
        "cosine_spearman": 0.842066,
        "manhattan_pearson": 0.843584,
        "manhattan_spearman": 0.841178,
        "euclidean_pearson": 0.844317,
        "euclidean_spearman": 0.842065,
        "main_score": 0.842066,
        "hf_subset": "default",
        "languages": [
          "eng-Latn"
        ]
      }
    ]
  },
  "evaluation_time": 0.5876719951629639,
  "kg_co2_emissions": null
}