{
  "dataset_revision": "6125ec4e24fa026cec8a478383ee943acfbd5449",
  "task_name": "TwentyNewsgroupsClustering",
  "mteb_version": "1.26.3",
  "scores": {
    "test": [
      {
        "v_measure": 0.505472,
        "v_measure_std": 0.014086,
        "v_measures": [
          0.512576,
          0.531161,
          0.493457,
          0.520951,
          0.489478,
          0.498898,
          0.495198,
          0.486904,
          0.509471,
          0.516624
        ],
        "main_score": 0.505472,
        "hf_subset": "default",
        "languages": [
          "eng-Latn"
        ]
      }
    ]
  },
  "evaluation_time": 10.5523362159729,
  "kg_co2_emissions": null
}