{
  "dataset_revision": "c22ab2a51041ffd869aaddef7af8d8215647e41a",
  "task_name": "ArguAna",
  "mteb_version": "1.26.3",
  "scores": {
    "test": [
      {
        "ndcg_at_1": 0.22902,
        "ndcg_at_3": 0.35915,
        "ndcg_at_5": 0.41981,
        "ndcg_at_10": 0.47446,
        "ndcg_at_20": 0.50373,
        "ndcg_at_100": 0.52127,
        "ndcg_at_1000": 0.52359,
        "map_at_1": 0.22902,
        "map_at_3": 0.3261,
        "map_at_5": 0.3596,
        "map_at_10": 0.38225,
        "map_at_20": 0.39045,
        "map_at_100": 0.39317,
        "map_at_1000": 0.39327,
        "recall_at_1": 0.22902,
        "recall_at_3": 0.45519,
        "recall_at_5": 0.60313,
        "recall_at_10": 0.77169,
        "recall_at_20": 0.8862,
        "recall_at_100": 0.97653,
        "recall_at_1000": 0.99431,
        "precision_at_1": 0.22902,
        "precision_at_3": 0.15173,
        "precision_at_5": 0.12063,
        "precision_at_10": 0.07717,
        "precision_at_20": 0.04431,
        "precision_at_100": 0.00977,
        "precision_at_1000": 0.00099,
        "mrr_at_1": 0.22973,
        "mrr_at_3": 0.326102,
        "mrr_at_5": 0.359957,
        "mrr_at_10": 0.382607,
        "mrr_at_20": 0.390806,
        "mrr_at_100": 0.393532,
        "mrr_at_1000": 0.393626,
        "nauc_ndcg_at_1_max": -0.095167,
        "nauc_ndcg_at_1_std": -0.12699,
        "nauc_ndcg_at_1_diff1": 0.11813,
        "nauc_ndcg_at_3_max": -0.052334,
        "nauc_ndcg_at_3_std": -0.116574,
        "nauc_ndcg_at_3_diff1": 0.102342,
        "nauc_ndcg_at_5_max": -0.056772,
        "nauc_ndcg_at_5_std": -0.108182,
        "nauc_ndcg_at_5_diff1": 0.087514,
        "nauc_ndcg_at_10_max": -0.054324,
        "nauc_ndcg_at_10_std": -0.113679,
        "nauc_ndcg_at_10_diff1": 0.088352,
        "nauc_ndcg_at_20_max": -0.054815,
        "nauc_ndcg_at_20_std": -0.109235,
        "nauc_ndcg_at_20_diff1": 0.091533,
        "nauc_ndcg_at_100_max": -0.056797,
        "nauc_ndcg_at_100_std": -0.102055,
        "nauc_ndcg_at_100_diff1": 0.094344,
        "nauc_ndcg_at_1000_max": -0.060388,
        "nauc_ndcg_at_1000_std": -0.107291,
        "nauc_ndcg_at_1000_diff1": 0.093762,
        "nauc_map_at_1_max": -0.095167,
        "nauc_map_at_1_std": -0.12699,
        "nauc_map_at_1_diff1": 0.11813,
        "nauc_map_at_3_max": -0.063458,
        "nauc_map_at_3_std": -0.11919,
        "nauc_map_at_3_diff1": 0.104633,
        "nauc_map_at_5_max": -0.066418,
        "nauc_map_at_5_std": -0.114741,
        "nauc_map_at_5_diff1": 0.096444,
        "nauc_map_at_10_max": -0.065777,
        "nauc_map_at_10_std": -0.116521,
        "nauc_map_at_10_diff1": 0.096879,
        "nauc_map_at_20_max": -0.066155,
        "nauc_map_at_20_std": -0.115843,
        "nauc_map_at_20_diff1": 0.097763,
        "nauc_map_at_100_max": -0.06635,
        "nauc_map_at_100_std": -0.114924,
        "nauc_map_at_100_diff1": 0.098076,
        "nauc_map_at_1000_max": -0.066453,
        "nauc_map_at_1000_std": -0.115094,
        "nauc_map_at_1000_diff1": 0.098066,
        "nauc_recall_at_1_max": -0.095167,
        "nauc_recall_at_1_std": -0.12699,
        "nauc_recall_at_1_diff1": 0.11813,
        "nauc_recall_at_3_max": -0.021898,
        "nauc_recall_at_3_std": -0.109447,
        "nauc_recall_at_3_diff1": 0.096669,
        "nauc_recall_at_5_max": -0.02797,
        "nauc_recall_at_5_std": -0.08716,
        "nauc_recall_at_5_diff1": 0.059347,
        "nauc_recall_at_10_max": -0.004018,
        "nauc_recall_at_10_std": -0.105165,
        "nauc_recall_at_10_diff1": 0.050807,
        "nauc_recall_at_20_max": 0.03428,
        "nauc_recall_at_20_std": -0.050404,
        "nauc_recall_at_20_diff1": 0.04945,
        "nauc_recall_at_100_max": 0.231803,
        "nauc_recall_at_100_std": 0.543385,
        "nauc_recall_at_100_diff1": 0.054085,
        "nauc_recall_at_1000_max": -0.077374,
        "nauc_recall_at_1000_std": 0.831338,
        "nauc_recall_at_1000_diff1": -0.26725,
        "nauc_precision_at_1_max": -0.095167,
        "nauc_precision_at_1_std": -0.12699,
        "nauc_precision_at_1_diff1": 0.11813,
        "nauc_precision_at_3_max": -0.021898,
        "nauc_precision_at_3_std": -0.109447,
        "nauc_precision_at_3_diff1": 0.096669,
        "nauc_precision_at_5_max": -0.02797,
        "nauc_precision_at_5_std": -0.08716,
        "nauc_precision_at_5_diff1": 0.059347,
        "nauc_precision_at_10_max": -0.004018,
        "nauc_precision_at_10_std": -0.105165,
        "nauc_precision_at_10_diff1": 0.050807,
        "nauc_precision_at_20_max": 0.03428,
        "nauc_precision_at_20_std": -0.050404,
        "nauc_precision_at_20_diff1": 0.04945,
        "nauc_precision_at_100_max": 0.231803,
        "nauc_precision_at_100_std": 0.543385,
        "nauc_precision_at_100_diff1": 0.054085,
        "nauc_precision_at_1000_max": -0.077374,
        "nauc_precision_at_1000_std": 0.831338,
        "nauc_precision_at_1000_diff1": -0.26725,
        "nauc_mrr_at_1_max": -0.096722,
        "nauc_mrr_at_1_std": -0.128503,
        "nauc_mrr_at_1_diff1": 0.11565,
        "nauc_mrr_at_3_max": -0.067171,
        "nauc_mrr_at_3_std": -0.120023,
        "nauc_mrr_at_3_diff1": 0.099687,
        "nauc_mrr_at_5_max": -0.068325,
        "nauc_mrr_at_5_std": -0.115057,
        "nauc_mrr_at_5_diff1": 0.093296,
        "nauc_mrr_at_10_max": -0.067841,
        "nauc_mrr_at_10_std": -0.116861,
        "nauc_mrr_at_10_diff1": 0.093539,
        "nauc_mrr_at_20_max": -0.068264,
        "nauc_mrr_at_20_std": -0.116192,
        "nauc_mrr_at_20_diff1": 0.094347,
        "nauc_mrr_at_100_max": -0.068479,
        "nauc_mrr_at_100_std": -0.115276,
        "nauc_mrr_at_100_diff1": 0.09463,
        "nauc_mrr_at_1000_max": -0.068582,
        "nauc_mrr_at_1000_std": -0.115446,
        "nauc_mrr_at_1000_diff1": 0.094618,
        "main_score": 0.47446,
        "hf_subset": "default",
        "languages": [
          "eng-Latn"
        ]
      }
    ]
  },
  "evaluation_time": 24.547227144241333,
  "kg_co2_emissions": null
}