{
  "dataset_revision": "0fd18e25b25c072e09e0d92ab615fda904d66300",
  "task_name": "Banking77Classification",
  "mteb_version": "1.26.3",
  "scores": {
    "test": [
      {
        "accuracy": 0.750714,
        "f1": 0.739546,
        "f1_weighted": 0.739546,
        "scores_per_experiment": [
          {
            "accuracy": 0.759416,
            "f1": 0.748384,
            "f1_weighted": 0.748384
          },
          {
            "accuracy": 0.756818,
            "f1": 0.745217,
            "f1_weighted": 0.745217
          },
          {
            "accuracy": 0.753247,
            "f1": 0.74104,
            "f1_weighted": 0.74104
          },
          {
            "accuracy": 0.742532,
            "f1": 0.733635,
            "f1_weighted": 0.733635
          },
          {
            "accuracy": 0.746429,
            "f1": 0.733406,
            "f1_weighted": 0.733406
          },
          {
            "accuracy": 0.754221,
            "f1": 0.745355,
            "f1_weighted": 0.745355
          },
          {
            "accuracy": 0.747727,
            "f1": 0.734377,
            "f1_weighted": 0.734377
          },
          {
            "accuracy": 0.747403,
            "f1": 0.73559,
            "f1_weighted": 0.73559
          },
          {
            "accuracy": 0.754221,
            "f1": 0.743805,
            "f1_weighted": 0.743805
          },
          {
            "accuracy": 0.74513,
            "f1": 0.734647,
            "f1_weighted": 0.734647
          }
        ],
        "main_score": 0.750714,
        "hf_subset": "default",
        "languages": [
          "eng-Latn"
        ]
      }
    ]
  },
  "evaluation_time": 11.52187442779541,
  "kg_co2_emissions": null
}