{
  "dataset_revision": "258694dd0231531bc1fd9de6ceb52a0853c6d908",
  "task_name": "BiorxivClusteringS2S",
  "mteb_version": "1.26.3",
  "scores": {
    "test": [
      {
        "v_measure": 0.180528,
        "v_measure_std": 0.006653,
        "v_measures": [
          0.187843,
          0.182171,
          0.173728,
          0.179349,
          0.166046,
          0.180108,
          0.181336,
          0.179844,
          0.191458,
          0.183399
        ],
        "main_score": 0.180528,
        "hf_subset": "default",
        "languages": [
          "eng-Latn"
        ]
      }
    ]
  },
  "evaluation_time": 25.3444721698761,
  "kg_co2_emissions": null
}