{
  "dataset_revision": "4f58c6b202a23cf9a4da393831edf4f9183cad37",
  "task_name": "EmotionClassification",
  "mteb_version": "1.26.3",
  "scores": {
    "validation": [
      {
        "accuracy": 0.45105,
        "f1": 0.39862,
        "f1_weighted": 0.467883,
        "scores_per_experiment": [
          {
            "accuracy": 0.5095,
            "f1": 0.445209,
            "f1_weighted": 0.522802
          },
          {
            "accuracy": 0.4425,
            "f1": 0.378824,
            "f1_weighted": 0.448589
          },
          {
            "accuracy": 0.4655,
            "f1": 0.392902,
            "f1_weighted": 0.481208
          },
          {
            "accuracy": 0.45,
            "f1": 0.40486,
            "f1_weighted": 0.478837
          },
          {
            "accuracy": 0.4415,
            "f1": 0.396834,
            "f1_weighted": 0.468537
          },
          {
            "accuracy": 0.4845,
            "f1": 0.42859,
            "f1_weighted": 0.497865
          },
          {
            "accuracy": 0.454,
            "f1": 0.390267,
            "f1_weighted": 0.470296
          },
          {
            "accuracy": 0.372,
            "f1": 0.344889,
            "f1_weighted": 0.377146
          },
          {
            "accuracy": 0.41,
            "f1": 0.386945,
            "f1_weighted": 0.430225
          },
          {
            "accuracy": 0.481,
            "f1": 0.416884,
            "f1_weighted": 0.503326
          }
        ],
        "main_score": 0.45105,
        "hf_subset": "default",
        "languages": [
          "eng-Latn"
        ]
      }
    ],
    "test": [
      {
        "accuracy": 0.4579,
        "f1": 0.402926,
        "f1_weighted": 0.477252,
        "scores_per_experiment": [
          {
            "accuracy": 0.508,
            "f1": 0.440587,
            "f1_weighted": 0.523785
          },
          {
            "accuracy": 0.45,
            "f1": 0.385595,
            "f1_weighted": 0.459051
          },
          {
            "accuracy": 0.4755,
            "f1": 0.399335,
            "f1_weighted": 0.49246
          },
          {
            "accuracy": 0.4315,
            "f1": 0.382665,
            "f1_weighted": 0.466457
          },
          {
            "accuracy": 0.4785,
            "f1": 0.432995,
            "f1_weighted": 0.506243
          },
          {
            "accuracy": 0.462,
            "f1": 0.404398,
            "f1_weighted": 0.476072
          },
          {
            "accuracy": 0.4785,
            "f1": 0.411878,
            "f1_weighted": 0.498132
          },
          {
            "accuracy": 0.389,
            "f1": 0.364509,
            "f1_weighted": 0.397239
          },
          {
            "accuracy": 0.4155,
            "f1": 0.383842,
            "f1_weighted": 0.438213
          },
          {
            "accuracy": 0.4905,
            "f1": 0.423453,
            "f1_weighted": 0.514867
          }
        ],
        "main_score": 0.4579,
        "hf_subset": "default",
        "languages": [
          "eng-Latn"
        ]
      }
    ]
  },
  "evaluation_time": 9.882795095443726,
  "kg_co2_emissions": null
}