{
  "dataset_revision": "4672e20407010da34463acc759c162ca9734bca6",
  "task_name": "MassiveIntentClassification",
  "mteb_version": "1.26.3",
  "scores": {
    "validation": [
      {
        "accuracy": 0.622233,
        "f1": 0.581511,
        "f1_weighted": 0.6049,
        "scores_per_experiment": [
          {
            "accuracy": 0.619282,
            "f1": 0.584019,
            "f1_weighted": 0.60843
          },
          {
            "accuracy": 0.65273,
            "f1": 0.619709,
            "f1_weighted": 0.647108
          },
          {
            "accuracy": 0.624693,
            "f1": 0.594692,
            "f1_weighted": 0.607718
          },
          {
            "accuracy": 0.64486,
            "f1": 0.58597,
            "f1_weighted": 0.626788
          },
          {
            "accuracy": 0.616822,
            "f1": 0.567336,
            "f1_weighted": 0.592477
          },
          {
            "accuracy": 0.598623,
            "f1": 0.575757,
            "f1_weighted": 0.574549
          },
          {
            "accuracy": 0.606001,
            "f1": 0.565772,
            "f1_weighted": 0.590203
          },
          {
            "accuracy": 0.615839,
            "f1": 0.566862,
            "f1_weighted": 0.598638
          },
          {
            "accuracy": 0.615839,
            "f1": 0.571174,
            "f1_weighted": 0.584478
          },
          {
            "accuracy": 0.627644,
            "f1": 0.583817,
            "f1_weighted": 0.618608
          }
        ],
        "main_score": 0.622233,
        "hf_subset": "en",
        "languages": [
          "eng-Latn"
        ]
      }
    ],
    "test": [
      {
        "accuracy": 0.623806,
        "f1": 0.595004,
        "f1_weighted": 0.606523,
        "scores_per_experiment": [
          {
            "accuracy": 0.625084,
            "f1": 0.594945,
            "f1_weighted": 0.610275
          },
          {
            "accuracy": 0.647949,
            "f1": 0.618786,
            "f1_weighted": 0.642245
          },
          {
            "accuracy": 0.612307,
            "f1": 0.579345,
            "f1_weighted": 0.594821
          },
          {
            "accuracy": 0.644923,
            "f1": 0.611433,
            "f1_weighted": 0.631059
          },
          {
            "accuracy": 0.61735,
            "f1": 0.590152,
            "f1_weighted": 0.594993
          },
          {
            "accuracy": 0.593141,
            "f1": 0.579225,
            "f1_weighted": 0.569152
          },
          {
            "accuracy": 0.62004,
            "f1": 0.590859,
            "f1_weighted": 0.604064
          },
          {
            "accuracy": 0.631137,
            "f1": 0.596095,
            "f1_weighted": 0.616206
          },
          {
            "accuracy": 0.62004,
            "f1": 0.587894,
            "f1_weighted": 0.586426
          },
          {
            "accuracy": 0.626093,
            "f1": 0.601305,
            "f1_weighted": 0.615983
          }
        ],
        "main_score": 0.623806,
        "hf_subset": "en",
        "languages": [
          "eng-Latn"
        ]
      }
    ]
  },
  "evaluation_time": 6.656161785125732,
  "kg_co2_emissions": null
}