{
  "dataset_revision": "35191c8c0dca72d8ff3efcd72aa802307d469663",
  "task_name": "MedrxivClusteringS2S",
  "mteb_version": "1.26.3",
  "scores": {
    "test": [
      {
        "v_measure": 0.23134,
        "v_measure_std": 0.019666,
        "v_measures": [
          0.222049,
          0.216507,
          0.207688,
          0.217502,
          0.210346,
          0.26125,
          0.229798,
          0.266243,
          0.246812,
          0.235205
        ],
        "main_score": 0.23134,
        "hf_subset": "default",
        "languages": [
          "eng-Latn"
        ]
      }
    ]
  },
  "evaluation_time": 15.399802446365356,
  "kg_co2_emissions": null
}