{
  "dataset_revision": "ec0fa4fe99da2ff19ca1214b7966684033a58814",
  "task_name": "NFCorpus",
  "mteb_version": "1.26.3",
  "scores": {
    "test": [
      {
        "ndcg_at_1": 0.39783,
        "ndcg_at_3": 0.34723,
        "ndcg_at_5": 0.325,
        "ndcg_at_10": 0.2977,
        "ndcg_at_20": 0.27798,
        "ndcg_at_100": 0.27624,
        "ndcg_at_1000": 0.36658,
        "map_at_1": 0.05165,
        "map_at_3": 0.08058,
        "map_at_5": 0.09237,
        "map_at_10": 0.1063,
        "map_at_20": 0.11685,
        "map_at_100": 0.1327,
        "map_at_1000": 0.14527,
        "recall_at_1": 0.05165,
        "recall_at_3": 0.09007,
        "recall_at_5": 0.11044,
        "recall_at_10": 0.14061,
        "recall_at_20": 0.17304,
        "recall_at_100": 0.28122,
        "recall_at_1000": 0.60918,
        "precision_at_1": 0.40557,
        "precision_at_3": 0.32301,
        "precision_at_5": 0.2774,
        "precision_at_10": 0.2192,
        "precision_at_20": 0.16331,
        "precision_at_100": 0.07084,
        "precision_at_1000": 0.01979,
        "mrr_at_1": 0.405573,
        "mrr_at_3": 0.47678,
        "mrr_at_5": 0.4887,
        "mrr_at_10": 0.498388,
        "mrr_at_20": 0.501923,
        "mrr_at_100": 0.504811,
        "mrr_at_1000": 0.505196,
        "nauc_ndcg_at_1_max": 0.348951,
        "nauc_ndcg_at_1_std": 0.199239,
        "nauc_ndcg_at_1_diff1": 0.306863,
        "nauc_ndcg_at_3_max": 0.341948,
        "nauc_ndcg_at_3_std": 0.155148,
        "nauc_ndcg_at_3_diff1": 0.211914,
        "nauc_ndcg_at_5_max": 0.324062,
        "nauc_ndcg_at_5_std": 0.171279,
        "nauc_ndcg_at_5_diff1": 0.188877,
        "nauc_ndcg_at_10_max": 0.322962,
        "nauc_ndcg_at_10_std": 0.190945,
        "nauc_ndcg_at_10_diff1": 0.17485,
        "nauc_ndcg_at_20_max": 0.316189,
        "nauc_ndcg_at_20_std": 0.209442,
        "nauc_ndcg_at_20_diff1": 0.161269,
        "nauc_ndcg_at_100_max": 0.346022,
        "nauc_ndcg_at_100_std": 0.213745,
        "nauc_ndcg_at_100_diff1": 0.156328,
        "nauc_ndcg_at_1000_max": 0.414553,
        "nauc_ndcg_at_1000_std": 0.263175,
        "nauc_ndcg_at_1000_diff1": 0.169345,
        "nauc_map_at_1_max": 0.133061,
        "nauc_map_at_1_std": -0.113267,
        "nauc_map_at_1_diff1": 0.325594,
        "nauc_map_at_3_max": 0.160334,
        "nauc_map_at_3_std": -0.112498,
        "nauc_map_at_3_diff1": 0.261067,
        "nauc_map_at_5_max": 0.184808,
        "nauc_map_at_5_std": -0.092572,
        "nauc_map_at_5_diff1": 0.230383,
        "nauc_map_at_10_max": 0.232435,
        "nauc_map_at_10_std": -0.061044,
        "nauc_map_at_10_diff1": 0.215099,
        "nauc_map_at_20_max": 0.256459,
        "nauc_map_at_20_std": -0.028703,
        "nauc_map_at_20_diff1": 0.202181,
        "nauc_map_at_100_max": 0.269782,
        "nauc_map_at_100_std": 0.031748,
        "nauc_map_at_100_diff1": 0.189103,
        "nauc_map_at_1000_max": 0.273602,
        "nauc_map_at_1000_std": 0.068192,
        "nauc_map_at_1000_diff1": 0.182384,
        "nauc_recall_at_1_max": 0.133061,
        "nauc_recall_at_1_std": -0.113267,
        "nauc_recall_at_1_diff1": 0.325594,
        "nauc_recall_at_3_max": 0.166807,
        "nauc_recall_at_3_std": -0.105298,
        "nauc_recall_at_3_diff1": 0.229042,
        "nauc_recall_at_5_max": 0.175526,
        "nauc_recall_at_5_std": -0.077131,
        "nauc_recall_at_5_diff1": 0.161312,
        "nauc_recall_at_10_max": 0.221193,
        "nauc_recall_at_10_std": -0.03645,
        "nauc_recall_at_10_diff1": 0.118209,
        "nauc_recall_at_20_max": 0.262346,
        "nauc_recall_at_20_std": 0.026829,
        "nauc_recall_at_20_diff1": 0.099964,
        "nauc_recall_at_100_max": 0.252943,
        "nauc_recall_at_100_std": 0.149647,
        "nauc_recall_at_100_diff1": 0.040201,
        "nauc_recall_at_1000_max": 0.200276,
        "nauc_recall_at_1000_std": 0.211346,
        "nauc_recall_at_1000_diff1": -0.022598,
        "nauc_precision_at_1_max": 0.355558,
        "nauc_precision_at_1_std": 0.199666,
        "nauc_precision_at_1_diff1": 0.307284,
        "nauc_precision_at_3_max": 0.33825,
        "nauc_precision_at_3_std": 0.165785,
        "nauc_precision_at_3_diff1": 0.129197,
        "nauc_precision_at_5_max": 0.318246,
        "nauc_precision_at_5_std": 0.23215,
        "nauc_precision_at_5_diff1": 0.079407,
        "nauc_precision_at_10_max": 0.308073,
        "nauc_precision_at_10_std": 0.295812,
        "nauc_precision_at_10_diff1": 0.044243,
        "nauc_precision_at_20_max": 0.253368,
        "nauc_precision_at_20_std": 0.371301,
        "nauc_precision_at_20_diff1": 0.007382,
        "nauc_precision_at_100_max": 0.114521,
        "nauc_precision_at_100_std": 0.430687,
        "nauc_precision_at_100_diff1": -0.031155,
        "nauc_precision_at_1000_max": -0.003927,
        "nauc_precision_at_1000_std": 0.364481,
        "nauc_precision_at_1000_diff1": -0.037232,
        "nauc_mrr_at_1_max": 0.355558,
        "nauc_mrr_at_1_std": 0.199666,
        "nauc_mrr_at_1_diff1": 0.307284,
        "nauc_mrr_at_3_max": 0.415286,
        "nauc_mrr_at_3_std": 0.22782,
        "nauc_mrr_at_3_diff1": 0.286797,
        "nauc_mrr_at_5_max": 0.411628,
        "nauc_mrr_at_5_std": 0.2342,
        "nauc_mrr_at_5_diff1": 0.271425,
        "nauc_mrr_at_10_max": 0.412622,
        "nauc_mrr_at_10_std": 0.239544,
        "nauc_mrr_at_10_diff1": 0.268245,
        "nauc_mrr_at_20_max": 0.415592,
        "nauc_mrr_at_20_std": 0.240688,
        "nauc_mrr_at_20_diff1": 0.269808,
        "nauc_mrr_at_100_max": 0.41473,
        "nauc_mrr_at_100_std": 0.240675,
        "nauc_mrr_at_100_diff1": 0.270356,
        "nauc_mrr_at_1000_max": 0.414344,
        "nauc_mrr_at_1000_std": 0.2404,
        "nauc_mrr_at_1000_diff1": 0.27036,
        "main_score": 0.2977,
        "hf_subset": "default",
        "languages": [
          "eng-Latn"
        ]
      }
    ]
  },
  "evaluation_time": 13.352640151977539,
  "kg_co2_emissions": null
}