{
  "dataset_revision": "d3c5e1fc0b855ab6097bf1cda04dd73947d7caab",
  "task_name": "SciDocsRR",
  "mteb_version": "1.26.3",
  "scores": {
    "test": [
      {
        "map": 0.779199,
        "mrr": 0.931382,
        "nAUC_map_max": 0.565385,
        "nAUC_map_std": 0.711371,
        "nAUC_map_diff1": 0.058714,
        "nAUC_mrr_max": 0.811185,
        "nAUC_mrr_std": 0.760988,
        "nAUC_mrr_diff1": 0.418384,
        "main_score": 0.779199,
        "hf_subset": "default",
        "languages": [
          "eng-Latn"
        ]
      }
    ]
  },
  "evaluation_time": 31.920615434646606,
  "kg_co2_emissions": null
}