{
  "dataset_revision": "0228b52cf27578f30900b9e5271d331663a030d7",
  "task_name": "SciFact",
  "mteb_version": "1.26.3",
  "scores": {
    "train": [
      {
        "ndcg_at_1": 0.47342,
        "ndcg_at_3": 0.54333,
        "ndcg_at_5": 0.56383,
        "ndcg_at_10": 0.58482,
        "ndcg_at_20": 0.60067,
        "ndcg_at_100": 0.61881,
        "ndcg_at_1000": 0.63401,
        "map_at_1": 0.44792,
        "map_at_3": 0.51861,
        "map_at_5": 0.53167,
        "map_at_10": 0.54134,
        "map_at_20": 0.54643,
        "map_at_100": 0.54909,
        "map_at_1000": 0.54964,
        "recall_at_1": 0.44792,
        "recall_at_3": 0.59176,
        "recall_at_5": 0.64104,
        "recall_at_10": 0.70326,
        "recall_at_20": 0.76156,
        "recall_at_100": 0.85764,
        "recall_at_1000": 0.97837,
        "precision_at_1": 0.47342,
        "precision_at_3": 0.21796,
        "precision_at_5": 0.14314,
        "precision_at_10": 0.07936,
        "precision_at_20": 0.04345,
        "precision_at_100": 0.00979,
        "precision_at_1000": 0.00111,
        "mrr_at_1": 0.473424,
        "mrr_at_3": 0.537289,
        "mrr_at_5": 0.548537,
        "mrr_at_10": 0.555697,
        "mrr_at_20": 0.559498,
        "mrr_at_100": 0.561695,
        "mrr_at_1000": 0.562179,
        "nauc_ndcg_at_1_max": 0.475159,
        "nauc_ndcg_at_1_std": 0.129053,
        "nauc_ndcg_at_1_diff1": 0.685079,
        "nauc_ndcg_at_3_max": 0.489233,
        "nauc_ndcg_at_3_std": 0.205785,
        "nauc_ndcg_at_3_diff1": 0.645272,
        "nauc_ndcg_at_5_max": 0.50253,
        "nauc_ndcg_at_5_std": 0.228131,
        "nauc_ndcg_at_5_diff1": 0.646319,
        "nauc_ndcg_at_10_max": 0.510306,
        "nauc_ndcg_at_10_std": 0.245231,
        "nauc_ndcg_at_10_diff1": 0.640685,
        "nauc_ndcg_at_20_max": 0.514892,
        "nauc_ndcg_at_20_std": 0.258257,
        "nauc_ndcg_at_20_diff1": 0.634323,
        "nauc_ndcg_at_100_max": 0.51916,
        "nauc_ndcg_at_100_std": 0.259966,
        "nauc_ndcg_at_100_diff1": 0.642504,
        "nauc_ndcg_at_1000_max": 0.510763,
        "nauc_ndcg_at_1000_std": 0.243683,
        "nauc_ndcg_at_1000_diff1": 0.643678,
        "nauc_map_at_1_max": 0.451357,
        "nauc_map_at_1_std": 0.110455,
        "nauc_map_at_1_diff1": 0.702798,
        "nauc_map_at_3_max": 0.474301,
        "nauc_map_at_3_std": 0.179647,
        "nauc_map_at_3_diff1": 0.658672,
        "nauc_map_at_5_max": 0.48561,
        "nauc_map_at_5_std": 0.193785,
        "nauc_map_at_5_diff1": 0.657766,
        "nauc_map_at_10_max": 0.491059,
        "nauc_map_at_10_std": 0.201611,
        "nauc_map_at_10_diff1": 0.655472,
        "nauc_map_at_20_max": 0.493622,
        "nauc_map_at_20_std": 0.207522,
        "nauc_map_at_20_diff1": 0.653381,
        "nauc_map_at_100_max": 0.494313,
        "nauc_map_at_100_std": 0.208104,
        "nauc_map_at_100_diff1": 0.65443,
        "nauc_map_at_1000_max": 0.494004,
        "nauc_map_at_1000_std": 0.207548,
        "nauc_map_at_1000_diff1": 0.654423,
        "nauc_recall_at_1_max": 0.451357,
        "nauc_recall_at_1_std": 0.110455,
        "nauc_recall_at_1_diff1": 0.702798,
        "nauc_recall_at_3_max": 0.488502,
        "nauc_recall_at_3_std": 0.247708,
        "nauc_recall_at_3_diff1": 0.610946,
        "nauc_recall_at_5_max": 0.522531,
        "nauc_recall_at_5_std": 0.310097,
        "nauc_recall_at_5_diff1": 0.606584,
        "nauc_recall_at_10_max": 0.546761,
        "nauc_recall_at_10_std": 0.376444,
        "nauc_recall_at_10_diff1": 0.583195,
        "nauc_recall_at_20_max": 0.571195,
        "nauc_recall_at_20_std": 0.458569,
        "nauc_recall_at_20_diff1": 0.546745,
        "nauc_recall_at_100_max": 0.648216,
        "nauc_recall_at_100_std": 0.576259,
        "nauc_recall_at_100_diff1": 0.596105,
        "nauc_recall_at_1000_max": 0.511392,
        "nauc_recall_at_1000_std": 0.63688,
        "nauc_recall_at_1000_diff1": 0.526507,
        "nauc_precision_at_1_max": 0.475159,
        "nauc_precision_at_1_std": 0.129053,
        "nauc_precision_at_1_diff1": 0.685079,
        "nauc_precision_at_3_max": 0.475986,
        "nauc_precision_at_3_std": 0.275532,
        "nauc_precision_at_3_diff1": 0.456996,
        "nauc_precision_at_5_max": 0.492857,
        "nauc_precision_at_5_std": 0.33503,
        "nauc_precision_at_5_diff1": 0.40378,
        "nauc_precision_at_10_max": 0.473039,
        "nauc_precision_at_10_std": 0.377025,
        "nauc_precision_at_10_diff1": 0.307865,
        "nauc_precision_at_20_max": 0.435956,
        "nauc_precision_at_20_std": 0.408948,
        "nauc_precision_at_20_diff1": 0.199148,
        "nauc_precision_at_100_max": 0.398017,
        "nauc_precision_at_100_std": 0.416806,
        "nauc_precision_at_100_diff1": 0.106249,
        "nauc_precision_at_1000_max": 0.20838,
        "nauc_precision_at_1000_std": 0.271103,
        "nauc_precision_at_1000_diff1": -0.156809,
        "nauc_mrr_at_1_max": 0.475159,
        "nauc_mrr_at_1_std": 0.129053,
        "nauc_mrr_at_1_diff1": 0.685079,
        "nauc_mrr_at_3_max": 0.500398,
        "nauc_mrr_at_3_std": 0.199932,
        "nauc_mrr_at_3_diff1": 0.650691,
        "nauc_mrr_at_5_max": 0.507849,
        "nauc_mrr_at_5_std": 0.213711,
        "nauc_mrr_at_5_diff1": 0.652653,
        "nauc_mrr_at_10_max": 0.508096,
        "nauc_mrr_at_10_std": 0.218473,
        "nauc_mrr_at_10_diff1": 0.650719,
        "nauc_mrr_at_20_max": 0.507911,
        "nauc_mrr_at_20_std": 0.218576,
        "nauc_mrr_at_20_diff1": 0.649334,
        "nauc_mrr_at_100_max": 0.508028,
        "nauc_mrr_at_100_std": 0.218491,
        "nauc_mrr_at_100_diff1": 0.65029,
        "nauc_mrr_at_1000_max": 0.507717,
        "nauc_mrr_at_1000_std": 0.218012,
        "nauc_mrr_at_1000_diff1": 0.65028,
        "main_score": 0.58482,
        "hf_subset": "default",
        "languages": [
          "eng-Latn"
        ]
      }
    ],
    "test": [
      {
        "ndcg_at_1": 0.49,
        "ndcg_at_3": 0.53793,
        "ndcg_at_5": 0.55832,
        "ndcg_at_10": 0.57702,
        "ndcg_at_20": 0.59469,
        "ndcg_at_100": 0.62006,
        "ndcg_at_1000": 0.63127,
        "map_at_1": 0.46361,
        "map_at_3": 0.51635,
        "map_at_5": 0.52919,
        "map_at_10": 0.53756,
        "map_at_20": 0.54293,
        "map_at_100": 0.54721,
        "map_at_1000": 0.54755,
        "recall_at_1": 0.46361,
        "recall_at_3": 0.57428,
        "recall_at_5": 0.62594,
        "recall_at_10": 0.68189,
        "recall_at_20": 0.74711,
        "recall_at_100": 0.87533,
        "recall_at_1000": 0.96667,
        "precision_at_1": 0.49,
        "precision_at_3": 0.20778,
        "precision_at_5": 0.13667,
        "precision_at_10": 0.07533,
        "precision_at_20": 0.04183,
        "precision_at_100": 0.00993,
        "precision_at_1000": 0.0011,
        "mrr_at_1": 0.49,
        "mrr_at_3": 0.537222,
        "mrr_at_5": 0.548722,
        "mrr_at_10": 0.556075,
        "mrr_at_20": 0.56046,
        "mrr_at_100": 0.563493,
        "mrr_at_1000": 0.563772,
        "nauc_ndcg_at_1_max": 0.476912,
        "nauc_ndcg_at_1_std": 0.053581,
        "nauc_ndcg_at_1_diff1": 0.627267,
        "nauc_ndcg_at_3_max": 0.489204,
        "nauc_ndcg_at_3_std": 0.053701,
        "nauc_ndcg_at_3_diff1": 0.607434,
        "nauc_ndcg_at_5_max": 0.47547,
        "nauc_ndcg_at_5_std": 0.057579,
        "nauc_ndcg_at_5_diff1": 0.602775,
        "nauc_ndcg_at_10_max": 0.496504,
        "nauc_ndcg_at_10_std": 0.08406,
        "nauc_ndcg_at_10_diff1": 0.597859,
        "nauc_ndcg_at_20_max": 0.509053,
        "nauc_ndcg_at_20_std": 0.10061,
        "nauc_ndcg_at_20_diff1": 0.588943,
        "nauc_ndcg_at_100_max": 0.509051,
        "nauc_ndcg_at_100_std": 0.105358,
        "nauc_ndcg_at_100_diff1": 0.590407,
        "nauc_ndcg_at_1000_max": 0.502384,
        "nauc_ndcg_at_1000_std": 0.096383,
        "nauc_ndcg_at_1000_diff1": 0.597242,
        "nauc_map_at_1_max": 0.419354,
        "nauc_map_at_1_std": -0.027488,
        "nauc_map_at_1_diff1": 0.615988,
        "nauc_map_at_3_max": 0.466096,
        "nauc_map_at_3_std": 0.020462,
        "nauc_map_at_3_diff1": 0.610369,
        "nauc_map_at_5_max": 0.46343,
        "nauc_map_at_5_std": 0.030186,
        "nauc_map_at_5_diff1": 0.607658,
        "nauc_map_at_10_max": 0.47592,
        "nauc_map_at_10_std": 0.043989,
        "nauc_map_at_10_diff1": 0.606314,
        "nauc_map_at_20_max": 0.479949,
        "nauc_map_at_20_std": 0.049044,
        "nauc_map_at_20_diff1": 0.603756,
        "nauc_map_at_100_max": 0.480937,
        "nauc_map_at_100_std": 0.05113,
        "nauc_map_at_100_diff1": 0.604535,
        "nauc_map_at_1000_max": 0.480759,
        "nauc_map_at_1000_std": 0.050774,
        "nauc_map_at_1000_diff1": 0.604633,
        "nauc_recall_at_1_max": 0.419354,
        "nauc_recall_at_1_std": -0.027488,
        "nauc_recall_at_1_diff1": 0.615988,
        "nauc_recall_at_3_max": 0.489694,
        "nauc_recall_at_3_std": 0.05478,
        "nauc_recall_at_3_diff1": 0.586895,
        "nauc_recall_at_5_max": 0.459757,
        "nauc_recall_at_5_std": 0.079823,
        "nauc_recall_at_5_diff1": 0.563646,
        "nauc_recall_at_10_max": 0.5225,
        "nauc_recall_at_10_std": 0.169602,
        "nauc_recall_at_10_diff1": 0.544581,
        "nauc_recall_at_20_max": 0.579801,
        "nauc_recall_at_20_std": 0.260445,
        "nauc_recall_at_20_diff1": 0.488397,
        "nauc_recall_at_100_max": 0.617539,
        "nauc_recall_at_100_std": 0.412394,
        "nauc_recall_at_100_diff1": 0.423392,
        "nauc_recall_at_1000_max": 0.494725,
        "nauc_recall_at_1000_std": 0.666246,
        "nauc_recall_at_1000_diff1": 0.531839,
        "nauc_precision_at_1_max": 0.476912,
        "nauc_precision_at_1_std": 0.053581,
        "nauc_precision_at_1_diff1": 0.627267,
        "nauc_precision_at_3_max": 0.556932,
        "nauc_precision_at_3_std": 0.216975,
        "nauc_precision_at_3_diff1": 0.526669,
        "nauc_precision_at_5_max": 0.545137,
        "nauc_precision_at_5_std": 0.274295,
        "nauc_precision_at_5_diff1": 0.489319,
        "nauc_precision_at_10_max": 0.627413,
        "nauc_precision_at_10_std": 0.387726,
        "nauc_precision_at_10_diff1": 0.43987,
        "nauc_precision_at_20_max": 0.631846,
        "nauc_precision_at_20_std": 0.46108,
        "nauc_precision_at_20_diff1": 0.304001,
        "nauc_precision_at_100_max": 0.537581,
        "nauc_precision_at_100_std": 0.536671,
        "nauc_precision_at_100_diff1": 0.132733,
        "nauc_precision_at_1000_max": 0.41975,
        "nauc_precision_at_1000_std": 0.544081,
        "nauc_precision_at_1000_diff1": 0.01595,
        "nauc_mrr_at_1_max": 0.476912,
        "nauc_mrr_at_1_std": 0.053581,
        "nauc_mrr_at_1_diff1": 0.627267,
        "nauc_mrr_at_3_max": 0.499811,
        "nauc_mrr_at_3_std": 0.085965,
        "nauc_mrr_at_3_diff1": 0.615307,
        "nauc_mrr_at_5_max": 0.49598,
        "nauc_mrr_at_5_std": 0.087999,
        "nauc_mrr_at_5_diff1": 0.614719,
        "nauc_mrr_at_10_max": 0.502306,
        "nauc_mrr_at_10_std": 0.095956,
        "nauc_mrr_at_10_diff1": 0.611963,
        "nauc_mrr_at_20_max": 0.503152,
        "nauc_mrr_at_20_std": 0.098469,
        "nauc_mrr_at_20_diff1": 0.61025,
        "nauc_mrr_at_100_max": 0.502676,
        "nauc_mrr_at_100_std": 0.097883,
        "nauc_mrr_at_100_diff1": 0.610401,
        "nauc_mrr_at_1000_max": 0.50244,
        "nauc_mrr_at_1000_std": 0.097598,
        "nauc_mrr_at_1000_diff1": 0.610444,
        "main_score": 0.57702,
        "hf_subset": "default",
        "languages": [
          "eng-Latn"
        ]
      }
    ]
  },
  "evaluation_time": 37.45388436317444,
  "kg_co2_emissions": null
}