{
  "dataset_revision": "20a6d6f312dd54037fe07a32d58e5e168867909d",
  "task_name": "SICK-R",
  "mteb_version": "1.26.3",
  "scores": {
    "test": [
      {
        "pearson": 0.823209,
        "spearman": 0.754825,
        "cosine_pearson": 0.823209,
        "cosine_spearman": 0.754825,
        "manhattan_pearson": 0.80155,
        "manhattan_spearman": 0.754112,
        "euclidean_pearson": 0.802344,
        "euclidean_spearman": 0.754825,
        "main_score": 0.754825,
        "hf_subset": "default",
        "languages": [
          "eng-Latn"
        ]
      }
    ]
  },
  "evaluation_time": 3.454728364944458,
  "kg_co2_emissions": null
}