{
  "dataset_revision": "d66bd1f72af766a5cc4b0ca5e00c162f89e8cc46",
  "task_name": "SprintDuplicateQuestions",
  "mteb_version": "1.26.3",
  "scores": {
    "validation": [
      {
        "similarity_accuracy": 0.996594,
        "similarity_accuracy_threshold": 0.930485,
        "similarity_f1": 0.824701,
        "similarity_f1_threshold": 0.928626,
        "similarity_precision": 0.821429,
        "similarity_recall": 0.828,
        "similarity_ap": 0.889436,
        "cosine_accuracy": 0.996594,
        "cosine_accuracy_threshold": 0.930485,
        "cosine_f1": 0.824701,
        "cosine_f1_threshold": 0.928626,
        "cosine_precision": 0.821429,
        "cosine_recall": 0.828,
        "cosine_ap": 0.889436,
        "manhattan_accuracy": 0.996564,
        "manhattan_accuracy_threshold": 8.188929,
        "manhattan_f1": 0.823762,
        "manhattan_f1_threshold": 8.358476,
        "manhattan_precision": 0.815686,
        "manhattan_recall": 0.832,
        "manhattan_ap": 0.888647,
        "euclidean_accuracy": 0.996594,
        "euclidean_accuracy_threshold": 0.372867,
        "euclidean_f1": 0.824701,
        "euclidean_f1_threshold": 0.377819,
        "euclidean_precision": 0.821429,
        "euclidean_recall": 0.828,
        "euclidean_ap": 0.889436,
        "dot_accuracy": 0.996594,
        "dot_accuracy_threshold": 0.930485,
        "dot_f1": 0.824701,
        "dot_f1_threshold": 0.928626,
        "dot_precision": 0.821429,
        "dot_recall": 0.828,
        "dot_ap": 0.889436,
        "max_accuracy": 0.996594,
        "max_f1": 0.824701,
        "max_precision": 0.821429,
        "max_recall": 0.832,
        "max_ap": 0.889436,
        "main_score": 0.889436,
        "hf_subset": "default",
        "languages": [
          "eng-Latn"
        ]
      }
    ],
    "test": [
      {
        "similarity_accuracy": 0.996386,
        "similarity_accuracy_threshold": 0.931839,
        "similarity_f1": 0.816148,
        "similarity_f1_threshold": 0.928451,
        "similarity_precision": 0.794508,
        "similarity_recall": 0.839,
        "similarity_ap": 0.88377,
        "cosine_accuracy": 0.996386,
        "cosine_accuracy_threshold": 0.931839,
        "cosine_f1": 0.816148,
        "cosine_f1_threshold": 0.928451,
        "cosine_precision": 0.794508,
        "cosine_recall": 0.839,
        "cosine_ap": 0.883771,
        "manhattan_accuracy": 0.996416,
        "manhattan_accuracy_threshold": 8.124975,
        "manhattan_f1": 0.816733,
        "manhattan_f1_threshold": 8.260208,
        "manhattan_precision": 0.813492,
        "manhattan_recall": 0.82,
        "manhattan_ap": 0.883939,
        "euclidean_accuracy": 0.996386,
        "euclidean_accuracy_threshold": 0.369217,
        "euclidean_f1": 0.816148,
        "euclidean_f1_threshold": 0.378283,
        "euclidean_precision": 0.794508,
        "euclidean_recall": 0.839,
        "euclidean_ap": 0.883771,
        "dot_accuracy": 0.996386,
        "dot_accuracy_threshold": 0.931839,
        "dot_f1": 0.816148,
        "dot_f1_threshold": 0.928451,
        "dot_precision": 0.794508,
        "dot_recall": 0.839,
        "dot_ap": 0.88377,
        "max_accuracy": 0.996416,
        "max_f1": 0.816733,
        "max_precision": 0.813492,
        "max_recall": 0.839,
        "max_ap": 0.883939,
        "main_score": 0.883939,
        "hf_subset": "default",
        "languages": [
          "eng-Latn"
        ]
      }
    ]
  },
  "evaluation_time": 45.196868658065796,
  "kg_co2_emissions": null
}