{
  "dataset_revision": "e185fbe320c72810689fc5848eb6114e1ef5ec69",
  "task_name": "StackOverflowDupQuestions",
  "mteb_version": "1.26.3",
  "scores": {
    "test": [
      {
        "map": 0.476635,
        "mrr": 0.484137,
        "nAUC_map_max": 0.096719,
        "nAUC_map_std": 0.075421,
        "nAUC_map_diff1": 0.349149,
        "nAUC_mrr_max": 0.102958,
        "nAUC_mrr_std": 0.080026,
        "nAUC_mrr_diff1": 0.35345,
        "main_score": 0.476635,
        "hf_subset": "default",
        "languages": [
          "eng-Latn"
        ]
      }
    ]
  },
  "evaluation_time": 19.221261501312256,
  "kg_co2_emissions": null
}