{
  "dataset_revision": "4d8694f8f0e0100860b497b999b3dbed754a0513",
  "task_name": "STS16",
  "mteb_version": "1.26.3",
  "scores": {
    "test": [
      {
        "pearson": 0.774538,
        "spearman": 0.77968,
        "cosine_pearson": 0.774538,
        "cosine_spearman": 0.77968,
        "manhattan_pearson": 0.770861,
        "manhattan_spearman": 0.779318,
        "euclidean_pearson": 0.771236,
        "euclidean_spearman": 0.77968,
        "main_score": 0.77968,
        "hf_subset": "default",
        "languages": [
          "eng-Latn"
        ]
      }
    ]
  },
  "evaluation_time": 0.6879339218139648,
  "kg_co2_emissions": null
}