{
  "dataset_revision": "b0fddb56ed78048fa8b90373c8a3cfc37b684831",
  "task_name": "STSBenchmark",
  "mteb_version": "1.26.3",
  "scores": {
    "test": [
      {
        "pearson": 0.80753,
        "spearman": 0.799894,
        "cosine_pearson": 0.80753,
        "cosine_spearman": 0.799894,
        "manhattan_pearson": 0.806949,
        "manhattan_spearman": 0.798609,
        "euclidean_pearson": 0.807775,
        "euclidean_spearman": 0.799894,
        "main_score": 0.799894,
        "hf_subset": "default",
        "languages": [
          "eng-Latn"
        ]
      }
    ]
  },
  "evaluation_time": 0.5666089057922363,
  "kg_co2_emissions": null
}