{
  "dataset_revision": "6125ec4e24fa026cec8a478383ee943acfbd5449",
  "task_name": "TwentyNewsgroupsClustering",
  "mteb_version": "1.26.3",
  "scores": {
    "test": [
      {
        "v_measure": 0.286438,
        "v_measure_std": 0.021206,
        "v_measures": [
          0.284349,
          0.257191,
          0.28687,
          0.264726,
          0.256772,
          0.306304,
          0.281792,
          0.324097,
          0.304218,
          0.298059
        ],
        "main_score": 0.286438,
        "hf_subset": "default",
        "languages": [
          "eng-Latn"
        ]
      }
    ]
  },
  "evaluation_time": 10.496870279312134,
  "kg_co2_emissions": null
}