{
  "dataset_revision": "c22ab2a51041ffd869aaddef7af8d8215647e41a",
  "task_name": "ArguAna",
  "mteb_version": "1.26.3",
  "scores": {
    "test": [
      {
        "ndcg_at_1": 0.38976,
        "ndcg_at_3": 0.55281,
        "ndcg_at_5": 0.60172,
        "ndcg_at_10": 0.63666,
        "ndcg_at_20": 0.65253,
        "ndcg_at_100": 0.65819,
        "ndcg_at_1000": 0.65897,
        "map_at_1": 0.38976,
        "map_at_3": 0.5115,
        "map_at_5": 0.53863,
        "map_at_10": 0.55305,
        "map_at_20": 0.55753,
        "map_at_100": 0.55841,
        "map_at_1000": 0.55845,
        "recall_at_1": 0.38976,
        "recall_at_3": 0.67283,
        "recall_at_5": 0.79161,
        "recall_at_10": 0.89972,
        "recall_at_20": 0.96159,
        "recall_at_100": 0.99075,
        "recall_at_1000": 0.99644,
        "precision_at_1": 0.38976,
        "precision_at_3": 0.22428,
        "precision_at_5": 0.15832,
        "precision_at_10": 0.08997,
        "precision_at_20": 0.04808,
        "precision_at_100": 0.00991,
        "precision_at_1000": 0.001,
        "mrr_at_1": 0.389758,
        "mrr_at_3": 0.511617,
        "mrr_at_5": 0.538857,
        "mrr_at_10": 0.553144,
        "mrr_at_20": 0.55762,
        "mrr_at_100": 0.5585,
        "mrr_at_1000": 0.558539,
        "nauc_ndcg_at_1_max": -0.069224,
        "nauc_ndcg_at_1_std": -0.124929,
        "nauc_ndcg_at_1_diff1": 0.199696,
        "nauc_ndcg_at_3_max": -0.044974,
        "nauc_ndcg_at_3_std": -0.096199,
        "nauc_ndcg_at_3_diff1": 0.146373,
        "nauc_ndcg_at_5_max": -0.043365,
        "nauc_ndcg_at_5_std": -0.092286,
        "nauc_ndcg_at_5_diff1": 0.156082,
        "nauc_ndcg_at_10_max": -0.050194,
        "nauc_ndcg_at_10_std": -0.103464,
        "nauc_ndcg_at_10_diff1": 0.14638,
        "nauc_ndcg_at_20_max": -0.049792,
        "nauc_ndcg_at_20_std": -0.101909,
        "nauc_ndcg_at_20_diff1": 0.153381,
        "nauc_ndcg_at_100_max": -0.050862,
        "nauc_ndcg_at_100_std": -0.100131,
        "nauc_ndcg_at_100_diff1": 0.157967,
        "nauc_ndcg_at_1000_max": -0.051657,
        "nauc_ndcg_at_1000_std": -0.102018,
        "nauc_ndcg_at_1000_diff1": 0.1582,
        "nauc_map_at_1_max": -0.069224,
        "nauc_map_at_1_std": -0.124929,
        "nauc_map_at_1_diff1": 0.199696,
        "nauc_map_at_3_max": -0.053787,
        "nauc_map_at_3_std": -0.105439,
        "nauc_map_at_3_diff1": 0.15721,
        "nauc_map_at_5_max": -0.053437,
        "nauc_map_at_5_std": -0.10409,
        "nauc_map_at_5_diff1": 0.162507,
        "nauc_map_at_10_max": -0.055994,
        "nauc_map_at_10_std": -0.108359,
        "nauc_map_at_10_diff1": 0.159268,
        "nauc_map_at_20_max": -0.055947,
        "nauc_map_at_20_std": -0.108266,
        "nauc_map_at_20_diff1": 0.161173,
        "nauc_map_at_100_max": -0.055893,
        "nauc_map_at_100_std": -0.107816,
        "nauc_map_at_100_diff1": 0.161917,
        "nauc_map_at_1000_max": -0.055916,
        "nauc_map_at_1000_std": -0.107874,
        "nauc_map_at_1000_diff1": 0.16193,
        "nauc_recall_at_1_max": -0.069224,
        "nauc_recall_at_1_std": -0.124929,
        "nauc_recall_at_1_diff1": 0.199696,
        "nauc_recall_at_3_max": -0.013483,
        "nauc_recall_at_3_std": -0.063612,
        "nauc_recall_at_3_diff1": 0.110726,
        "nauc_recall_at_5_max": 0.005008,
        "nauc_recall_at_5_std": -0.035632,
        "nauc_recall_at_5_diff1": 0.131582,
        "nauc_recall_at_10_max": -0.006664,
        "nauc_recall_at_10_std": -0.071041,
        "nauc_recall_at_10_diff1": 0.035819,
        "nauc_recall_at_20_max": 0.070059,
        "nauc_recall_at_20_std": 0.027796,
        "nauc_recall_at_20_diff1": 0.017228,
        "nauc_recall_at_100_max": 0.218133,
        "nauc_recall_at_100_std": 0.564017,
        "nauc_recall_at_100_diff1": 0.102702,
        "nauc_recall_at_1000_max": 0.247752,
        "nauc_recall_at_1000_std": 0.700735,
        "nauc_recall_at_1000_diff1": 0.10263,
        "nauc_precision_at_1_max": -0.069224,
        "nauc_precision_at_1_std": -0.124929,
        "nauc_precision_at_1_diff1": 0.199696,
        "nauc_precision_at_3_max": -0.013483,
        "nauc_precision_at_3_std": -0.063612,
        "nauc_precision_at_3_diff1": 0.110726,
        "nauc_precision_at_5_max": 0.005008,
        "nauc_precision_at_5_std": -0.035632,
        "nauc_precision_at_5_diff1": 0.131582,
        "nauc_precision_at_10_max": -0.006664,
        "nauc_precision_at_10_std": -0.071041,
        "nauc_precision_at_10_diff1": 0.035819,
        "nauc_precision_at_20_max": 0.070059,
        "nauc_precision_at_20_std": 0.027796,
        "nauc_precision_at_20_diff1": 0.017228,
        "nauc_precision_at_100_max": 0.218133,
        "nauc_precision_at_100_std": 0.564017,
        "nauc_precision_at_100_diff1": 0.102702,
        "nauc_precision_at_1000_max": 0.247752,
        "nauc_precision_at_1000_std": 0.700735,
        "nauc_precision_at_1000_diff1": 0.10263,
        "nauc_mrr_at_1_max": -0.069224,
        "nauc_mrr_at_1_std": -0.124929,
        "nauc_mrr_at_1_diff1": 0.199696,
        "nauc_mrr_at_3_max": -0.054584,
        "nauc_mrr_at_3_std": -0.105249,
        "nauc_mrr_at_3_diff1": 0.156299,
        "nauc_mrr_at_5_max": -0.053983,
        "nauc_mrr_at_5_std": -0.104448,
        "nauc_mrr_at_5_diff1": 0.162229,
        "nauc_mrr_at_10_max": -0.05659,
        "nauc_mrr_at_10_std": -0.108329,
        "nauc_mrr_at_10_diff1": 0.15884,
        "nauc_mrr_at_20_max": -0.056552,
        "nauc_mrr_at_20_std": -0.108235,
        "nauc_mrr_at_20_diff1": 0.160738,
        "nauc_mrr_at_100_max": -0.056501,
        "nauc_mrr_at_100_std": -0.107785,
        "nauc_mrr_at_100_diff1": 0.161481,
        "nauc_mrr_at_1000_max": -0.056523,
        "nauc_mrr_at_1000_std": -0.107844,
        "nauc_mrr_at_1000_diff1": 0.161494,
        "main_score": 0.63666,
        "hf_subset": "default",
        "languages": [
          "eng-Latn"
        ]
      }
    ]
  },
  "evaluation_time": 62.11057257652283,
  "kg_co2_emissions": null
}