{
  "dataset_revision": "0fd18e25b25c072e09e0d92ab615fda904d66300",
  "task_name": "Banking77Classification",
  "mteb_version": "1.26.3",
  "scores": {
    "test": [
      {
        "accuracy": 0.860909,
        "f1": 0.860679,
        "f1_weighted": 0.860679,
        "scores_per_experiment": [
          {
            "accuracy": 0.861039,
            "f1": 0.860976,
            "f1_weighted": 0.860976
          },
          {
            "accuracy": 0.861039,
            "f1": 0.860624,
            "f1_weighted": 0.860624
          },
          {
            "accuracy": 0.870779,
            "f1": 0.870291,
            "f1_weighted": 0.870291
          },
          {
            "accuracy": 0.869481,
            "f1": 0.870312,
            "f1_weighted": 0.870312
          },
          {
            "accuracy": 0.868831,
            "f1": 0.869076,
            "f1_weighted": 0.869076
          },
          {
            "accuracy": 0.855195,
            "f1": 0.854171,
            "f1_weighted": 0.854171
          },
          {
            "accuracy": 0.850649,
            "f1": 0.850268,
            "f1_weighted": 0.850268
          },
          {
            "accuracy": 0.848052,
            "f1": 0.847252,
            "f1_weighted": 0.847252
          },
          {
            "accuracy": 0.862662,
            "f1": 0.862065,
            "f1_weighted": 0.862065
          },
          {
            "accuracy": 0.861364,
            "f1": 0.861749,
            "f1_weighted": 0.861749
          }
        ],
        "main_score": 0.860909,
        "hf_subset": "default",
        "languages": [
          "eng-Latn"
        ]
      }
    ]
  },
  "evaluation_time": 19.228774547576904,
  "kg_co2_emissions": null
}