{
  "dataset_revision": "258694dd0231531bc1fd9de6ceb52a0853c6d908",
  "task_name": "BiorxivClusteringS2S",
  "mteb_version": "1.26.3",
  "scores": {
    "test": [
      {
        "v_measure": 0.357911,
        "v_measure_std": 0.006859,
        "v_measures": [
          0.365642,
          0.369494,
          0.345755,
          0.35313,
          0.350924,
          0.359159,
          0.356396,
          0.364488,
          0.354998,
          0.359124
        ],
        "main_score": 0.357911,
        "hf_subset": "default",
        "languages": [
          "eng-Latn"
        ]
      }
    ]
  },
  "evaluation_time": 71.58611822128296,
  "kg_co2_emissions": null
}