{
  "dataset_revision": "4f58c6b202a23cf9a4da393831edf4f9183cad37",
  "task_name": "EmotionClassification",
  "mteb_version": "1.26.3",
  "scores": {
    "validation": [
      {
        "accuracy": 0.4927,
        "f1": 0.457297,
        "f1_weighted": 0.515352,
        "scores_per_experiment": [
          {
            "accuracy": 0.5165,
            "f1": 0.469239,
            "f1_weighted": 0.541986
          },
          {
            "accuracy": 0.5125,
            "f1": 0.467565,
            "f1_weighted": 0.529128
          },
          {
            "accuracy": 0.5205,
            "f1": 0.475376,
            "f1_weighted": 0.541426
          },
          {
            "accuracy": 0.4405,
            "f1": 0.43596,
            "f1_weighted": 0.468527
          },
          {
            "accuracy": 0.4925,
            "f1": 0.465188,
            "f1_weighted": 0.513013
          },
          {
            "accuracy": 0.523,
            "f1": 0.479037,
            "f1_weighted": 0.541005
          },
          {
            "accuracy": 0.5045,
            "f1": 0.464557,
            "f1_weighted": 0.532546
          },
          {
            "accuracy": 0.4425,
            "f1": 0.417515,
            "f1_weighted": 0.460029
          },
          {
            "accuracy": 0.5065,
            "f1": 0.459239,
            "f1_weighted": 0.526972
          },
          {
            "accuracy": 0.468,
            "f1": 0.439296,
            "f1_weighted": 0.498888
          }
        ],
        "main_score": 0.4927,
        "hf_subset": "default",
        "languages": [
          "eng-Latn"
        ]
      }
    ],
    "test": [
      {
        "accuracy": 0.48165,
        "f1": 0.441226,
        "f1_weighted": 0.509164,
        "scores_per_experiment": [
          {
            "accuracy": 0.496,
            "f1": 0.445914,
            "f1_weighted": 0.525544
          },
          {
            "accuracy": 0.4925,
            "f1": 0.443625,
            "f1_weighted": 0.514879
          },
          {
            "accuracy": 0.503,
            "f1": 0.449454,
            "f1_weighted": 0.527411
          },
          {
            "accuracy": 0.4295,
            "f1": 0.413192,
            "f1_weighted": 0.466204
          },
          {
            "accuracy": 0.484,
            "f1": 0.454565,
            "f1_weighted": 0.509748
          },
          {
            "accuracy": 0.499,
            "f1": 0.448962,
            "f1_weighted": 0.521925
          },
          {
            "accuracy": 0.4845,
            "f1": 0.441794,
            "f1_weighted": 0.514859
          },
          {
            "accuracy": 0.454,
            "f1": 0.425903,
            "f1_weighted": 0.474665
          },
          {
            "accuracy": 0.4935,
            "f1": 0.445764,
            "f1_weighted": 0.519256
          },
          {
            "accuracy": 0.4805,
            "f1": 0.443088,
            "f1_weighted": 0.51715
          }
        ],
        "main_score": 0.48165,
        "hf_subset": "default",
        "languages": [
          "eng-Latn"
        ]
      }
    ]
  },
  "evaluation_time": 14.603832006454468,
  "kg_co2_emissions": null
}