{
  "dataset_revision": "4672e20407010da34463acc759c162ca9734bca6",
  "task_name": "MassiveIntentClassification",
  "mteb_version": "1.26.3",
  "scores": {
    "validation": [
      {
        "accuracy": 0.735465,
        "f1": 0.719339,
        "f1_weighted": 0.735412,
        "scores_per_experiment": [
          {
            "accuracy": 0.731923,
            "f1": 0.716107,
            "f1_weighted": 0.735595
          },
          {
            "accuracy": 0.74668,
            "f1": 0.720135,
            "f1_weighted": 0.747054
          },
          {
            "accuracy": 0.725529,
            "f1": 0.708314,
            "f1_weighted": 0.723577
          },
          {
            "accuracy": 0.747172,
            "f1": 0.722651,
            "f1_weighted": 0.743264
          },
          {
            "accuracy": 0.730448,
            "f1": 0.714534,
            "f1_weighted": 0.727398
          },
          {
            "accuracy": 0.724545,
            "f1": 0.718164,
            "f1_weighted": 0.725038
          },
          {
            "accuracy": 0.745204,
            "f1": 0.721132,
            "f1_weighted": 0.744091
          },
          {
            "accuracy": 0.728972,
            "f1": 0.728074,
            "f1_weighted": 0.731211
          },
          {
            "accuracy": 0.73635,
            "f1": 0.723982,
            "f1_weighted": 0.74102
          },
          {
            "accuracy": 0.737826,
            "f1": 0.720293,
            "f1_weighted": 0.735867
          }
        ],
        "main_score": 0.735465,
        "hf_subset": "en",
        "languages": [
          "eng-Latn"
        ]
      }
    ],
    "test": [
      {
        "accuracy": 0.721318,
        "f1": 0.705972,
        "f1_weighted": 0.724792,
        "scores_per_experiment": [
          {
            "accuracy": 0.721923,
            "f1": 0.713732,
            "f1_weighted": 0.72882
          },
          {
            "accuracy": 0.736718,
            "f1": 0.712773,
            "f1_weighted": 0.735894
          },
          {
            "accuracy": 0.707128,
            "f1": 0.687264,
            "f1_weighted": 0.71045
          },
          {
            "accuracy": 0.741426,
            "f1": 0.726614,
            "f1_weighted": 0.742682
          },
          {
            "accuracy": 0.707465,
            "f1": 0.704809,
            "f1_weighted": 0.709343
          },
          {
            "accuracy": 0.70612,
            "f1": 0.686459,
            "f1_weighted": 0.708828
          },
          {
            "accuracy": 0.718897,
            "f1": 0.706317,
            "f1_weighted": 0.722402
          },
          {
            "accuracy": 0.715871,
            "f1": 0.703024,
            "f1_weighted": 0.723918
          },
          {
            "accuracy": 0.72226,
            "f1": 0.707004,
            "f1_weighted": 0.728404
          },
          {
            "accuracy": 0.735373,
            "f1": 0.711722,
            "f1_weighted": 0.737179
          }
        ],
        "main_score": 0.721318,
        "hf_subset": "en",
        "languages": [
          "eng-Latn"
        ]
      }
    ]
  },
  "evaluation_time": 14.551944255828857,
  "kg_co2_emissions": null
}