{
  "dataset_revision": "35191c8c0dca72d8ff3efcd72aa802307d469663",
  "task_name": "MedrxivClusteringS2S",
  "mteb_version": "1.26.3",
  "scores": {
    "test": [
      {
        "v_measure": 0.309552,
        "v_measure_std": 0.013686,
        "v_measures": [
          0.293718,
          0.290559,
          0.302526,
          0.300019,
          0.296815,
          0.325169,
          0.316382,
          0.331175,
          0.319685,
          0.319471
        ],
        "main_score": 0.309552,
        "hf_subset": "default",
        "languages": [
          "eng-Latn"
        ]
      }
    ]
  },
  "evaluation_time": 39.96152424812317,
  "kg_co2_emissions": null
}