{
  "dataset_revision": "ec0fa4fe99da2ff19ca1214b7966684033a58814",
  "task_name": "NFCorpus",
  "mteb_version": "1.26.3",
  "scores": {
    "test": [
      {
        "ndcg_at_1": 0.4582,
        "ndcg_at_3": 0.42195,
        "ndcg_at_5": 0.40466,
        "ndcg_at_10": 0.37703,
        "ndcg_at_20": 0.35994,
        "ndcg_at_100": 0.35691,
        "ndcg_at_1000": 0.44351,
        "map_at_1": 0.07055,
        "map_at_3": 0.10922,
        "map_at_5": 0.12636,
        "map_at_10": 0.14926,
        "map_at_20": 0.16793,
        "map_at_100": 0.19168,
        "map_at_1000": 0.20737,
        "recall_at_1": 0.07055,
        "recall_at_3": 0.11908,
        "recall_at_5": 0.15,
        "recall_at_10": 0.19247,
        "recall_at_20": 0.23945,
        "recall_at_100": 0.36619,
        "recall_at_1000": 0.67875,
        "precision_at_1": 0.47059,
        "precision_at_3": 0.39319,
        "precision_at_5": 0.34861,
        "precision_at_10": 0.27833,
        "precision_at_20": 0.21331,
        "precision_at_100": 0.08997,
        "precision_at_1000": 0.02202,
        "mrr_at_1": 0.470588,
        "mrr_at_3": 0.542312,
        "mrr_at_5": 0.55903,
        "mrr_at_10": 0.566421,
        "mrr_at_20": 0.569688,
        "mrr_at_100": 0.571674,
        "mrr_at_1000": 0.571977,
        "nauc_ndcg_at_1_max": 0.413821,
        "nauc_ndcg_at_1_std": 0.101118,
        "nauc_ndcg_at_1_diff1": 0.312462,
        "nauc_ndcg_at_3_max": 0.43532,
        "nauc_ndcg_at_3_std": 0.193266,
        "nauc_ndcg_at_3_diff1": 0.236315,
        "nauc_ndcg_at_5_max": 0.420484,
        "nauc_ndcg_at_5_std": 0.200579,
        "nauc_ndcg_at_5_diff1": 0.191557,
        "nauc_ndcg_at_10_max": 0.394513,
        "nauc_ndcg_at_10_std": 0.229251,
        "nauc_ndcg_at_10_diff1": 0.164524,
        "nauc_ndcg_at_20_max": 0.382254,
        "nauc_ndcg_at_20_std": 0.223228,
        "nauc_ndcg_at_20_diff1": 0.161635,
        "nauc_ndcg_at_100_max": 0.408922,
        "nauc_ndcg_at_100_std": 0.230742,
        "nauc_ndcg_at_100_diff1": 0.201665,
        "nauc_ndcg_at_1000_max": 0.473263,
        "nauc_ndcg_at_1000_std": 0.290027,
        "nauc_ndcg_at_1000_diff1": 0.218946,
        "nauc_map_at_1_max": 0.185858,
        "nauc_map_at_1_std": -0.164011,
        "nauc_map_at_1_diff1": 0.410328,
        "nauc_map_at_3_max": 0.206666,
        "nauc_map_at_3_std": -0.12649,
        "nauc_map_at_3_diff1": 0.385472,
        "nauc_map_at_5_max": 0.221651,
        "nauc_map_at_5_std": -0.098081,
        "nauc_map_at_5_diff1": 0.337935,
        "nauc_map_at_10_max": 0.238602,
        "nauc_map_at_10_std": -0.045915,
        "nauc_map_at_10_diff1": 0.303823,
        "nauc_map_at_20_max": 0.257523,
        "nauc_map_at_20_std": -0.007815,
        "nauc_map_at_20_diff1": 0.271961,
        "nauc_map_at_100_max": 0.295903,
        "nauc_map_at_100_std": 0.060372,
        "nauc_map_at_100_diff1": 0.250806,
        "nauc_map_at_1000_max": 0.307339,
        "nauc_map_at_1000_std": 0.100199,
        "nauc_map_at_1000_diff1": 0.235253,
        "nauc_recall_at_1_max": 0.185858,
        "nauc_recall_at_1_std": -0.164011,
        "nauc_recall_at_1_diff1": 0.410328,
        "nauc_recall_at_3_max": 0.185934,
        "nauc_recall_at_3_std": -0.112262,
        "nauc_recall_at_3_diff1": 0.365851,
        "nauc_recall_at_5_max": 0.176597,
        "nauc_recall_at_5_std": -0.0815,
        "nauc_recall_at_5_diff1": 0.282592,
        "nauc_recall_at_10_max": 0.184445,
        "nauc_recall_at_10_std": -0.016218,
        "nauc_recall_at_10_diff1": 0.23873,
        "nauc_recall_at_20_max": 0.193091,
        "nauc_recall_at_20_std": 0.013396,
        "nauc_recall_at_20_diff1": 0.189075,
        "nauc_recall_at_100_max": 0.227511,
        "nauc_recall_at_100_std": 0.106867,
        "nauc_recall_at_100_diff1": 0.118936,
        "nauc_recall_at_1000_max": 0.232502,
        "nauc_recall_at_1000_std": 0.200195,
        "nauc_recall_at_1000_diff1": 0.098259,
        "nauc_precision_at_1_max": 0.426764,
        "nauc_precision_at_1_std": 0.104589,
        "nauc_precision_at_1_diff1": 0.299419,
        "nauc_precision_at_3_max": 0.423483,
        "nauc_precision_at_3_std": 0.270332,
        "nauc_precision_at_3_diff1": 0.127807,
        "nauc_precision_at_5_max": 0.388392,
        "nauc_precision_at_5_std": 0.299009,
        "nauc_precision_at_5_diff1": 0.028778,
        "nauc_precision_at_10_max": 0.348009,
        "nauc_precision_at_10_std": 0.373451,
        "nauc_precision_at_10_diff1": -0.055729,
        "nauc_precision_at_20_max": 0.30631,
        "nauc_precision_at_20_std": 0.391411,
        "nauc_precision_at_20_diff1": -0.102996,
        "nauc_precision_at_100_max": 0.22053,
        "nauc_precision_at_100_std": 0.452808,
        "nauc_precision_at_100_diff1": -0.159016,
        "nauc_precision_at_1000_max": 0.091452,
        "nauc_precision_at_1000_std": 0.390752,
        "nauc_precision_at_1000_diff1": -0.19754,
        "nauc_mrr_at_1_max": 0.426764,
        "nauc_mrr_at_1_std": 0.104589,
        "nauc_mrr_at_1_diff1": 0.299419,
        "nauc_mrr_at_3_max": 0.46757,
        "nauc_mrr_at_3_std": 0.200879,
        "nauc_mrr_at_3_diff1": 0.295882,
        "nauc_mrr_at_5_max": 0.470913,
        "nauc_mrr_at_5_std": 0.209392,
        "nauc_mrr_at_5_diff1": 0.298339,
        "nauc_mrr_at_10_max": 0.47602,
        "nauc_mrr_at_10_std": 0.216534,
        "nauc_mrr_at_10_diff1": 0.291331,
        "nauc_mrr_at_20_max": 0.478819,
        "nauc_mrr_at_20_std": 0.217,
        "nauc_mrr_at_20_diff1": 0.293336,
        "nauc_mrr_at_100_max": 0.477863,
        "nauc_mrr_at_100_std": 0.21501,
        "nauc_mrr_at_100_diff1": 0.29207,
        "nauc_mrr_at_1000_max": 0.477577,
        "nauc_mrr_at_1000_std": 0.214592,
        "nauc_mrr_at_1000_diff1": 0.29205,
        "main_score": 0.37703,
        "hf_subset": "default",
        "languages": [
          "eng-Latn"
        ]
      }
    ]
  },
  "evaluation_time": 36.872485637664795,
  "kg_co2_emissions": null
}