{
  "dataset_revision": "d3c5e1fc0b855ab6097bf1cda04dd73947d7caab",
  "task_name": "SciDocsRR",
  "mteb_version": "1.26.3",
  "scores": {
    "test": [
      {
        "map": 0.867492,
        "mrr": 0.959464,
        "nAUC_map_max": 0.542625,
        "nAUC_map_std": 0.669581,
        "nAUC_map_diff1": -0.006198,
        "nAUC_mrr_max": 0.853718,
        "nAUC_mrr_std": 0.771105,
        "nAUC_mrr_diff1": 0.395411,
        "main_score": 0.867492,
        "hf_subset": "default",
        "languages": [
          "eng-Latn"
        ]
      }
    ]
  },
  "evaluation_time": 83.02138662338257,
  "kg_co2_emissions": null
}