{
  "dataset_revision": "0228b52cf27578f30900b9e5271d331663a030d7",
  "task_name": "SciFact",
  "mteb_version": "1.26.3",
  "scores": {
    "train": [
      {
        "ndcg_at_1": 0.66873,
        "ndcg_at_3": 0.74037,
        "ndcg_at_5": 0.75909,
        "ndcg_at_10": 0.77748,
        "ndcg_at_20": 0.78775,
        "ndcg_at_100": 0.79876,
        "ndcg_at_1000": 0.80167,
        "map_at_1": 0.64081,
        "map_at_3": 0.71636,
        "map_at_5": 0.72972,
        "map_at_10": 0.73892,
        "map_at_20": 0.74226,
        "map_at_100": 0.744,
        "map_at_1000": 0.74414,
        "recall_at_1": 0.64081,
        "recall_at_3": 0.78809,
        "recall_at_5": 0.83068,
        "recall_at_10": 0.8837,
        "recall_at_20": 0.9212,
        "recall_at_100": 0.97734,
        "recall_at_1000": 0.99876,
        "precision_at_1": 0.66873,
        "precision_at_3": 0.28883,
        "precision_at_5": 0.18591,
        "precision_at_10": 0.1,
        "precision_at_20": 0.05247,
        "precision_at_100": 0.01111,
        "precision_at_1000": 0.00113,
        "mrr_at_1": 0.668727,
        "mrr_at_3": 0.732798,
        "mrr_at_5": 0.741759,
        "mrr_at_10": 0.747647,
        "mrr_at_20": 0.74997,
        "mrr_at_100": 0.751548,
        "mrr_at_1000": 0.751659,
        "nauc_ndcg_at_1_max": 0.423877,
        "nauc_ndcg_at_1_std": 0.067784,
        "nauc_ndcg_at_1_diff1": 0.720986,
        "nauc_ndcg_at_3_max": 0.464469,
        "nauc_ndcg_at_3_std": 0.047696,
        "nauc_ndcg_at_3_diff1": 0.668949,
        "nauc_ndcg_at_5_max": 0.479425,
        "nauc_ndcg_at_5_std": 0.06937,
        "nauc_ndcg_at_5_diff1": 0.663029,
        "nauc_ndcg_at_10_max": 0.475926,
        "nauc_ndcg_at_10_std": 0.075847,
        "nauc_ndcg_at_10_diff1": 0.657314,
        "nauc_ndcg_at_20_max": 0.495429,
        "nauc_ndcg_at_20_std": 0.097122,
        "nauc_ndcg_at_20_diff1": 0.669341,
        "nauc_ndcg_at_100_max": 0.487827,
        "nauc_ndcg_at_100_std": 0.09886,
        "nauc_ndcg_at_100_diff1": 0.67427,
        "nauc_ndcg_at_1000_max": 0.482642,
        "nauc_ndcg_at_1000_std": 0.090774,
        "nauc_ndcg_at_1000_diff1": 0.674549,
        "nauc_map_at_1_max": 0.380375,
        "nauc_map_at_1_std": 0.022435,
        "nauc_map_at_1_diff1": 0.722369,
        "nauc_map_at_3_max": 0.4409,
        "nauc_map_at_3_std": 0.027368,
        "nauc_map_at_3_diff1": 0.682679,
        "nauc_map_at_5_max": 0.462588,
        "nauc_map_at_5_std": 0.048061,
        "nauc_map_at_5_diff1": 0.677712,
        "nauc_map_at_10_max": 0.464737,
        "nauc_map_at_10_std": 0.058516,
        "nauc_map_at_10_diff1": 0.675619,
        "nauc_map_at_20_max": 0.469885,
        "nauc_map_at_20_std": 0.065372,
        "nauc_map_at_20_diff1": 0.678526,
        "nauc_map_at_100_max": 0.468706,
        "nauc_map_at_100_std": 0.065778,
        "nauc_map_at_100_diff1": 0.679131,
        "nauc_map_at_1000_max": 0.468523,
        "nauc_map_at_1000_std": 0.065481,
        "nauc_map_at_1000_diff1": 0.679151,
        "nauc_recall_at_1_max": 0.380375,
        "nauc_recall_at_1_std": 0.022435,
        "nauc_recall_at_1_diff1": 0.722369,
        "nauc_recall_at_3_max": 0.466323,
        "nauc_recall_at_3_std": 0.020547,
        "nauc_recall_at_3_diff1": 0.62086,
        "nauc_recall_at_5_max": 0.503666,
        "nauc_recall_at_5_std": 0.071882,
        "nauc_recall_at_5_diff1": 0.589611,
        "nauc_recall_at_10_max": 0.486238,
        "nauc_recall_at_10_std": 0.064985,
        "nauc_recall_at_10_diff1": 0.542158,
        "nauc_recall_at_20_max": 0.669846,
        "nauc_recall_at_20_std": 0.240751,
        "nauc_recall_at_20_diff1": 0.610525,
        "nauc_recall_at_100_max": 0.806049,
        "nauc_recall_at_100_std": 0.610768,
        "nauc_recall_at_100_diff1": 0.672752,
        "nauc_recall_at_1000_max": 0.869263,
        "nauc_recall_at_1000_std": 1.0,
        "nauc_recall_at_1000_diff1": 0.869263,
        "nauc_precision_at_1_max": 0.423877,
        "nauc_precision_at_1_std": 0.067784,
        "nauc_precision_at_1_diff1": 0.720986,
        "nauc_precision_at_3_max": 0.471465,
        "nauc_precision_at_3_std": 0.153857,
        "nauc_precision_at_3_diff1": 0.284136,
        "nauc_precision_at_5_max": 0.460728,
        "nauc_precision_at_5_std": 0.261329,
        "nauc_precision_at_5_diff1": 0.126193,
        "nauc_precision_at_10_max": 0.373247,
        "nauc_precision_at_10_std": 0.311124,
        "nauc_precision_at_10_diff1": -0.020032,
        "nauc_precision_at_20_max": 0.363303,
        "nauc_precision_at_20_std": 0.375024,
        "nauc_precision_at_20_diff1": -0.08884,
        "nauc_precision_at_100_max": 0.276125,
        "nauc_precision_at_100_std": 0.415695,
        "nauc_precision_at_100_diff1": -0.245756,
        "nauc_precision_at_1000_max": 0.21468,
        "nauc_precision_at_1000_std": 0.383469,
        "nauc_precision_at_1000_diff1": -0.324601,
        "nauc_mrr_at_1_max": 0.423877,
        "nauc_mrr_at_1_std": 0.067784,
        "nauc_mrr_at_1_diff1": 0.720986,
        "nauc_mrr_at_3_max": 0.471899,
        "nauc_mrr_at_3_std": 0.08725,
        "nauc_mrr_at_3_diff1": 0.684716,
        "nauc_mrr_at_5_max": 0.470693,
        "nauc_mrr_at_5_std": 0.09418,
        "nauc_mrr_at_5_diff1": 0.683479,
        "nauc_mrr_at_10_max": 0.465732,
        "nauc_mrr_at_10_std": 0.089506,
        "nauc_mrr_at_10_diff1": 0.682191,
        "nauc_mrr_at_20_max": 0.469434,
        "nauc_mrr_at_20_std": 0.091774,
        "nauc_mrr_at_20_diff1": 0.685717,
        "nauc_mrr_at_100_max": 0.468217,
        "nauc_mrr_at_100_std": 0.092445,
        "nauc_mrr_at_100_diff1": 0.686181,
        "nauc_mrr_at_1000_max": 0.468043,
        "nauc_mrr_at_1000_std": 0.092177,
        "nauc_mrr_at_1000_diff1": 0.686211,
        "main_score": 0.77748,
        "hf_subset": "default",
        "languages": [
          "eng-Latn"
        ]
      }
    ],
    "test": [
      {
        "ndcg_at_1": 0.63667,
        "ndcg_at_3": 0.69491,
        "ndcg_at_5": 0.71553,
        "ndcg_at_10": 0.74513,
        "ndcg_at_20": 0.75752,
        "ndcg_at_100": 0.76652,
        "ndcg_at_1000": 0.77163,
        "map_at_1": 0.60928,
        "map_at_3": 0.67263,
        "map_at_5": 0.68739,
        "map_at_10": 0.7024,
        "map_at_20": 0.7063,
        "map_at_100": 0.70759,
        "map_at_1000": 0.70781,
        "recall_at_1": 0.60928,
        "recall_at_3": 0.73072,
        "recall_at_5": 0.78328,
        "recall_at_10": 0.86656,
        "recall_at_20": 0.91389,
        "recall_at_100": 0.96167,
        "recall_at_1000": 1.0,
        "precision_at_1": 0.63667,
        "precision_at_3": 0.26778,
        "precision_at_5": 0.17467,
        "precision_at_10": 0.09833,
        "precision_at_20": 0.052,
        "precision_at_100": 0.0109,
        "precision_at_1000": 0.00113,
        "mrr_at_1": 0.636667,
        "mrr_at_3": 0.688889,
        "mrr_at_5": 0.700556,
        "mrr_at_10": 0.711608,
        "mrr_at_20": 0.714287,
        "mrr_at_100": 0.715501,
        "mrr_at_1000": 0.715711,
        "nauc_ndcg_at_1_max": 0.632135,
        "nauc_ndcg_at_1_std": 0.059688,
        "nauc_ndcg_at_1_diff1": 0.786237,
        "nauc_ndcg_at_3_max": 0.62273,
        "nauc_ndcg_at_3_std": 0.06211,
        "nauc_ndcg_at_3_diff1": 0.742863,
        "nauc_ndcg_at_5_max": 0.606086,
        "nauc_ndcg_at_5_std": 0.052968,
        "nauc_ndcg_at_5_diff1": 0.730432,
        "nauc_ndcg_at_10_max": 0.648478,
        "nauc_ndcg_at_10_std": 0.074452,
        "nauc_ndcg_at_10_diff1": 0.750116,
        "nauc_ndcg_at_20_max": 0.649736,
        "nauc_ndcg_at_20_std": 0.102839,
        "nauc_ndcg_at_20_diff1": 0.745474,
        "nauc_ndcg_at_100_max": 0.645384,
        "nauc_ndcg_at_100_std": 0.094431,
        "nauc_ndcg_at_100_diff1": 0.749733,
        "nauc_ndcg_at_1000_max": 0.641851,
        "nauc_ndcg_at_1000_std": 0.086604,
        "nauc_ndcg_at_1000_diff1": 0.750567,
        "nauc_map_at_1_max": 0.562976,
        "nauc_map_at_1_std": -0.011274,
        "nauc_map_at_1_diff1": 0.788069,
        "nauc_map_at_3_max": 0.598999,
        "nauc_map_at_3_std": 0.0291,
        "nauc_map_at_3_diff1": 0.754253,
        "nauc_map_at_5_max": 0.598063,
        "nauc_map_at_5_std": 0.033846,
        "nauc_map_at_5_diff1": 0.74578,
        "nauc_map_at_10_max": 0.623113,
        "nauc_map_at_10_std": 0.053586,
        "nauc_map_at_10_diff1": 0.753496,
        "nauc_map_at_20_max": 0.624346,
        "nauc_map_at_20_std": 0.063075,
        "nauc_map_at_20_diff1": 0.752029,
        "nauc_map_at_100_max": 0.623915,
        "nauc_map_at_100_std": 0.061924,
        "nauc_map_at_100_diff1": 0.752658,
        "nauc_map_at_1000_max": 0.623811,
        "nauc_map_at_1000_std": 0.061651,
        "nauc_map_at_1000_diff1": 0.752697,
        "nauc_recall_at_1_max": 0.562976,
        "nauc_recall_at_1_std": -0.011274,
        "nauc_recall_at_1_diff1": 0.788069,
        "nauc_recall_at_3_max": 0.597405,
        "nauc_recall_at_3_std": 0.040214,
        "nauc_recall_at_3_diff1": 0.712522,
        "nauc_recall_at_5_max": 0.572068,
        "nauc_recall_at_5_std": 0.041288,
        "nauc_recall_at_5_diff1": 0.665468,
        "nauc_recall_at_10_max": 0.730173,
        "nauc_recall_at_10_std": 0.093406,
        "nauc_recall_at_10_diff1": 0.730221,
        "nauc_recall_at_20_max": 0.767094,
        "nauc_recall_at_20_std": 0.334249,
        "nauc_recall_at_20_diff1": 0.682139,
        "nauc_recall_at_100_max": 0.786201,
        "nauc_recall_at_100_std": 0.398287,
        "nauc_recall_at_100_diff1": 0.720639,
        "nauc_recall_at_1000_max": NaN,
        "nauc_recall_at_1000_std": NaN,
        "nauc_recall_at_1000_diff1": NaN,
        "nauc_precision_at_1_max": 0.632135,
        "nauc_precision_at_1_std": 0.059688,
        "nauc_precision_at_1_diff1": 0.786237,
        "nauc_precision_at_3_max": 0.535118,
        "nauc_precision_at_3_std": 0.245845,
        "nauc_precision_at_3_diff1": 0.401159,
        "nauc_precision_at_5_max": 0.460918,
        "nauc_precision_at_5_std": 0.279768,
        "nauc_precision_at_5_diff1": 0.250403,
        "nauc_precision_at_10_max": 0.447003,
        "nauc_precision_at_10_std": 0.382187,
        "nauc_precision_at_10_diff1": 0.086677,
        "nauc_precision_at_20_max": 0.363575,
        "nauc_precision_at_20_std": 0.477417,
        "nauc_precision_at_20_diff1": -0.051408,
        "nauc_precision_at_100_max": 0.283132,
        "nauc_precision_at_100_std": 0.505612,
        "nauc_precision_at_100_diff1": -0.185413,
        "nauc_precision_at_1000_max": 0.183209,
        "nauc_precision_at_1000_std": 0.500705,
        "nauc_precision_at_1000_diff1": -0.33548,
        "nauc_mrr_at_1_max": 0.632135,
        "nauc_mrr_at_1_std": 0.059688,
        "nauc_mrr_at_1_diff1": 0.786237,
        "nauc_mrr_at_3_max": 0.643018,
        "nauc_mrr_at_3_std": 0.086406,
        "nauc_mrr_at_3_diff1": 0.7582,
        "nauc_mrr_at_5_max": 0.637315,
        "nauc_mrr_at_5_std": 0.08542,
        "nauc_mrr_at_5_diff1": 0.750793,
        "nauc_mrr_at_10_max": 0.649791,
        "nauc_mrr_at_10_std": 0.085365,
        "nauc_mrr_at_10_diff1": 0.759611,
        "nauc_mrr_at_20_max": 0.647999,
        "nauc_mrr_at_20_std": 0.090019,
        "nauc_mrr_at_20_diff1": 0.758693,
        "nauc_mrr_at_100_max": 0.64752,
        "nauc_mrr_at_100_std": 0.088797,
        "nauc_mrr_at_100_diff1": 0.75941,
        "nauc_mrr_at_1000_max": 0.647444,
        "nauc_mrr_at_1000_std": 0.088585,
        "nauc_mrr_at_1000_diff1": 0.759441,
        "main_score": 0.74513,
        "hf_subset": "default",
        "languages": [
          "eng-Latn"
        ]
      }
    ]
  },
  "evaluation_time": 99.1244866847992,
  "kg_co2_emissions": null
}