{
  "dataset_revision": "20a6d6f312dd54037fe07a32d58e5e168867909d",
  "task_name": "SICK-R",
  "mteb_version": "1.26.3",
  "scores": {
    "test": [
      {
        "pearson": 0.858323,
        "spearman": 0.80715,
        "cosine_pearson": 0.858323,
        "cosine_spearman": 0.80715,
        "manhattan_pearson": 0.831998,
        "manhattan_spearman": 0.804383,
        "euclidean_pearson": 0.832074,
        "euclidean_spearman": 0.804498,
        "main_score": 0.80715,
        "hf_subset": "default",
        "languages": [
          "eng-Latn"
        ]
      }
    ]
  },
  "evaluation_time": 8.575292825698853,
  "kg_co2_emissions": null
}