{
  "dataset_revision": "d66bd1f72af766a5cc4b0ca5e00c162f89e8cc46",
  "task_name": "SprintDuplicateQuestions",
  "mteb_version": "1.26.3",
  "scores": {
    "validation": [
      {
        "similarity_accuracy": 0.998485,
        "similarity_accuracy_threshold": 0.760642,
        "similarity_f1": 0.923385,
        "similarity_f1_threshold": 0.760642,
        "similarity_precision": 0.924774,
        "similarity_recall": 0.922,
        "similarity_ap": 0.968781,
        "cosine_accuracy": 0.998485,
        "cosine_accuracy_threshold": 0.760642,
        "cosine_f1": 0.923385,
        "cosine_f1_threshold": 0.760642,
        "cosine_precision": 0.924774,
        "cosine_recall": 0.922,
        "cosine_ap": 0.968781,
        "manhattan_accuracy": 0.998426,
        "manhattan_accuracy_threshold": 325.813141,
        "manhattan_f1": 0.919899,
        "manhattan_f1_threshold": 326.27951,
        "manhattan_precision": 0.926904,
        "manhattan_recall": 0.913,
        "manhattan_ap": 0.966342,
        "euclidean_accuracy": 0.998426,
        "euclidean_accuracy_threshold": 12.8095,
        "euclidean_f1": 0.92006,
        "euclidean_f1_threshold": 12.844706,
        "euclidean_precision": 0.925177,
        "euclidean_recall": 0.915,
        "euclidean_ap": 0.967104,
        "dot_accuracy": 0.997911,
        "dot_accuracy_threshold": 261.892822,
        "dot_f1": 0.896922,
        "dot_f1_threshold": 261.892822,
        "dot_precision": 0.876791,
        "dot_recall": 0.918,
        "dot_ap": 0.948181,
        "max_accuracy": 0.998485,
        "max_f1": 0.923385,
        "max_precision": 0.926904,
        "max_recall": 0.922,
        "max_ap": 0.968781,
        "main_score": 0.968781,
        "hf_subset": "default",
        "languages": [
          "eng-Latn"
        ]
      }
    ],
    "test": [
      {
        "similarity_accuracy": 0.998465,
        "similarity_accuracy_threshold": 0.771214,
        "similarity_f1": 0.92112,
        "similarity_f1_threshold": 0.771214,
        "similarity_precision": 0.937824,
        "similarity_recall": 0.905,
        "similarity_ap": 0.962295,
        "cosine_accuracy": 0.998465,
        "cosine_accuracy_threshold": 0.771213,
        "cosine_f1": 0.92112,
        "cosine_f1_threshold": 0.771213,
        "cosine_precision": 0.937824,
        "cosine_recall": 0.905,
        "cosine_ap": 0.962295,
        "manhattan_accuracy": 0.998406,
        "manhattan_accuracy_threshold": 316.643188,
        "manhattan_f1": 0.917394,
        "manhattan_f1_threshold": 316.643188,
        "manhattan_precision": 0.942044,
        "manhattan_recall": 0.894,
        "manhattan_ap": 0.961624,
        "euclidean_accuracy": 0.998436,
        "euclidean_accuracy_threshold": 12.336825,
        "euclidean_f1": 0.918473,
        "euclidean_f1_threshold": 12.336825,
        "euclidean_precision": 0.948827,
        "euclidean_recall": 0.89,
        "euclidean_ap": 0.961888,
        "dot_accuracy": 0.997545,
        "dot_accuracy_threshold": 271.889496,
        "dot_f1": 0.876049,
        "dot_f1_threshold": 264.423737,
        "dot_precision": 0.865366,
        "dot_recall": 0.887,
        "dot_ap": 0.932015,
        "max_accuracy": 0.998465,
        "max_f1": 0.92112,
        "max_precision": 0.948827,
        "max_recall": 0.905,
        "max_ap": 0.962295,
        "main_score": 0.962295,
        "hf_subset": "default",
        "languages": [
          "eng-Latn"
        ]
      }
    ]
  },
  "evaluation_time": 111.86039423942566,
  "kg_co2_emissions": null
}