{
  "dataset_revision": "e185fbe320c72810689fc5848eb6114e1ef5ec69",
  "task_name": "StackOverflowDupQuestions",
  "mteb_version": "1.26.3",
  "scores": {
    "test": [
      {
        "map": 0.504425,
        "mrr": 0.513214,
        "nAUC_map_max": 0.125515,
        "nAUC_map_std": 0.082346,
        "nAUC_map_diff1": 0.360109,
        "nAUC_mrr_max": 0.136431,
        "nAUC_mrr_std": 0.091522,
        "nAUC_mrr_diff1": 0.355858,
        "main_score": 0.504425,
        "hf_subset": "default",
        "languages": [
          "eng-Latn"
        ]
      }
    ]
  },
  "evaluation_time": 53.506526708602905,
  "kg_co2_emissions": null
}