{
  "dataset_revision": "4d8694f8f0e0100860b497b999b3dbed754a0513",
  "task_name": "STS16",
  "mteb_version": "1.26.3",
  "scores": {
    "test": [
      {
        "pearson": 0.798187,
        "spearman": 0.804319,
        "cosine_pearson": 0.798187,
        "cosine_spearman": 0.804317,
        "manhattan_pearson": 0.790597,
        "manhattan_spearman": 0.800609,
        "euclidean_pearson": 0.790028,
        "euclidean_spearman": 0.800155,
        "main_score": 0.804317,
        "hf_subset": "default",
        "languages": [
          "eng-Latn"
        ]
      }
    ]
  },
  "evaluation_time": 1.5701379776000977,
  "kg_co2_emissions": null
}