{
  "dataset_revision": "b0fddb56ed78048fa8b90373c8a3cfc37b684831",
  "task_name": "STSBenchmark",
  "mteb_version": "1.26.3",
  "scores": {
    "test": [
      {
        "pearson": 0.845462,
        "spearman": 0.842266,
        "cosine_pearson": 0.845462,
        "cosine_spearman": 0.842266,
        "manhattan_pearson": 0.838285,
        "manhattan_spearman": 0.83805,
        "euclidean_pearson": 0.838489,
        "euclidean_spearman": 0.838393,
        "main_score": 0.842266,
        "hf_subset": "default",
        "languages": [
          "eng-Latn"
        ]
      }
    ]
  },
  "evaluation_time": 1.503715991973877,
  "kg_co2_emissions": null
}