{
  "dataset_revision": "6125ec4e24fa026cec8a478383ee943acfbd5449",
  "task_name": "TwentyNewsgroupsClustering",
  "mteb_version": "1.26.3",
  "scores": {
    "test": [
      {
        "v_measure": 0.404801,
        "v_measure_std": 0.025541,
        "v_measures": [
          0.411577,
          0.443114,
          0.400628,
          0.401797,
          0.421742,
          0.396036,
          0.443789,
          0.361337,
          0.397118,
          0.370869
        ],
        "main_score": 0.404801,
        "hf_subset": "default",
        "languages": [
          "eng-Latn"
        ]
      }
    ]
  },
  "evaluation_time": 31.44302225112915,
  "kg_co2_emissions": null
}