{
  "dataset_revision": "c22ab2a51041ffd869aaddef7af8d8215647e41a",
  "task_name": "ArguAna",
  "mteb_version": "1.26.3",
  "scores": {
    "test": [
      {
        "ndcg_at_1": 0.26245,
        "ndcg_at_3": 0.40991,
        "ndcg_at_5": 0.46184,
        "ndcg_at_10": 0.5113,
        "ndcg_at_20": 0.5428,
        "ndcg_at_100": 0.55523,
        "ndcg_at_1000": 0.55708,
        "map_at_1": 0.26245,
        "map_at_3": 0.3734,
        "map_at_5": 0.4021,
        "map_at_10": 0.42277,
        "map_at_20": 0.43153,
        "map_at_100": 0.43345,
        "map_at_1000": 0.43352,
        "recall_at_1": 0.26245,
        "recall_at_3": 0.51565,
        "recall_at_5": 0.64225,
        "recall_at_10": 0.79374,
        "recall_at_20": 0.9175,
        "recall_at_100": 0.98151,
        "recall_at_1000": 0.99573,
        "precision_at_1": 0.26245,
        "precision_at_3": 0.17188,
        "precision_at_5": 0.12845,
        "precision_at_10": 0.07937,
        "precision_at_20": 0.04587,
        "precision_at_100": 0.00982,
        "precision_at_1000": 0.001,
        "mrr_at_1": 0.262447,
        "mrr_at_3": 0.3734,
        "mrr_at_5": 0.402098,
        "mrr_at_10": 0.422777,
        "mrr_at_20": 0.431538,
        "mrr_at_100": 0.433453,
        "mrr_at_1000": 0.433527,
        "nauc_ndcg_at_1_max": -0.096557,
        "nauc_ndcg_at_1_std": -0.088859,
        "nauc_ndcg_at_1_diff1": 0.100147,
        "nauc_ndcg_at_3_max": -0.085422,
        "nauc_ndcg_at_3_std": -0.090631,
        "nauc_ndcg_at_3_diff1": 0.051779,
        "nauc_ndcg_at_5_max": -0.062343,
        "nauc_ndcg_at_5_std": -0.07578,
        "nauc_ndcg_at_5_diff1": 0.045079,
        "nauc_ndcg_at_10_max": -0.0582,
        "nauc_ndcg_at_10_std": -0.0744,
        "nauc_ndcg_at_10_diff1": 0.051931,
        "nauc_ndcg_at_20_max": -0.05158,
        "nauc_ndcg_at_20_std": -0.060415,
        "nauc_ndcg_at_20_diff1": 0.059318,
        "nauc_ndcg_at_100_max": -0.062932,
        "nauc_ndcg_at_100_std": -0.066617,
        "nauc_ndcg_at_100_diff1": 0.063833,
        "nauc_ndcg_at_1000_max": -0.066653,
        "nauc_ndcg_at_1000_std": -0.071045,
        "nauc_ndcg_at_1000_diff1": 0.062294,
        "nauc_map_at_1_max": -0.096557,
        "nauc_map_at_1_std": -0.088859,
        "nauc_map_at_1_diff1": 0.100147,
        "nauc_map_at_3_max": -0.089073,
        "nauc_map_at_3_std": -0.090405,
        "nauc_map_at_3_diff1": 0.062456,
        "nauc_map_at_5_max": -0.076671,
        "nauc_map_at_5_std": -0.081957,
        "nauc_map_at_5_diff1": 0.059326,
        "nauc_map_at_10_max": -0.076085,
        "nauc_map_at_10_std": -0.081733,
        "nauc_map_at_10_diff1": 0.062042,
        "nauc_map_at_20_max": -0.075012,
        "nauc_map_at_20_std": -0.078858,
        "nauc_map_at_20_diff1": 0.063984,
        "nauc_map_at_100_max": -0.076203,
        "nauc_map_at_100_std": -0.079363,
        "nauc_map_at_100_diff1": 0.064764,
        "nauc_map_at_1000_max": -0.076319,
        "nauc_map_at_1000_std": -0.079492,
        "nauc_map_at_1000_diff1": 0.064715,
        "nauc_recall_at_1_max": -0.096557,
        "nauc_recall_at_1_std": -0.088859,
        "nauc_recall_at_1_diff1": 0.100147,
        "nauc_recall_at_3_max": -0.074689,
        "nauc_recall_at_3_std": -0.091194,
        "nauc_recall_at_3_diff1": 0.021871,
        "nauc_recall_at_5_max": -0.011789,
        "nauc_recall_at_5_std": -0.053818,
        "nauc_recall_at_5_diff1": -0.001856,
        "nauc_recall_at_10_max": 0.036558,
        "nauc_recall_at_10_std": -0.035912,
        "nauc_recall_at_10_diff1": 0.009092,
        "nauc_recall_at_20_max": 0.243973,
        "nauc_recall_at_20_std": 0.192853,
        "nauc_recall_at_20_diff1": 0.044839,
        "nauc_recall_at_100_max": 0.404766,
        "nauc_recall_at_100_std": 0.559557,
        "nauc_recall_at_100_diff1": 0.257195,
        "nauc_recall_at_1000_max": 0.30747,
        "nauc_recall_at_1000_std": 0.643304,
        "nauc_recall_at_1000_diff1": 0.236622,
        "nauc_precision_at_1_max": -0.096557,
        "nauc_precision_at_1_std": -0.088859,
        "nauc_precision_at_1_diff1": 0.100147,
        "nauc_precision_at_3_max": -0.074689,
        "nauc_precision_at_3_std": -0.091194,
        "nauc_precision_at_3_diff1": 0.021871,
        "nauc_precision_at_5_max": -0.011789,
        "nauc_precision_at_5_std": -0.053818,
        "nauc_precision_at_5_diff1": -0.001856,
        "nauc_precision_at_10_max": 0.036558,
        "nauc_precision_at_10_std": -0.035912,
        "nauc_precision_at_10_diff1": 0.009092,
        "nauc_precision_at_20_max": 0.243973,
        "nauc_precision_at_20_std": 0.192853,
        "nauc_precision_at_20_diff1": 0.044839,
        "nauc_precision_at_100_max": 0.404766,
        "nauc_precision_at_100_std": 0.559557,
        "nauc_precision_at_100_diff1": 0.257195,
        "nauc_precision_at_1000_max": 0.30747,
        "nauc_precision_at_1000_std": 0.643304,
        "nauc_precision_at_1000_diff1": 0.236622,
        "nauc_mrr_at_1_max": -0.096557,
        "nauc_mrr_at_1_std": -0.088859,
        "nauc_mrr_at_1_diff1": 0.100147,
        "nauc_mrr_at_3_max": -0.089073,
        "nauc_mrr_at_3_std": -0.090405,
        "nauc_mrr_at_3_diff1": 0.062456,
        "nauc_mrr_at_5_max": -0.076671,
        "nauc_mrr_at_5_std": -0.081957,
        "nauc_mrr_at_5_diff1": 0.059326,
        "nauc_mrr_at_10_max": -0.076163,
        "nauc_mrr_at_10_std": -0.081749,
        "nauc_mrr_at_10_diff1": 0.061932,
        "nauc_mrr_at_20_max": -0.075091,
        "nauc_mrr_at_20_std": -0.078875,
        "nauc_mrr_at_20_diff1": 0.063872,
        "nauc_mrr_at_100_max": -0.076283,
        "nauc_mrr_at_100_std": -0.07938,
        "nauc_mrr_at_100_diff1": 0.06465,
        "nauc_mrr_at_1000_max": -0.076399,
        "nauc_mrr_at_1000_std": -0.079509,
        "nauc_mrr_at_1000_diff1": 0.064601,
        "main_score": 0.5113,
        "hf_subset": "default",
        "languages": [
          "eng-Latn"
        ]
      }
    ]
  },
  "evaluation_time": 20.83804440498352,
  "kg_co2_emissions": null
}