{
  "dataset_revision": "0fd18e25b25c072e09e0d92ab615fda904d66300",
  "task_name": "Banking77Classification",
  "mteb_version": "1.26.3",
  "scores": {
    "test": [
      {
        "accuracy": 0.748539,
        "f1": 0.739134,
        "f1_weighted": 0.739134,
        "scores_per_experiment": [
          {
            "accuracy": 0.74513,
            "f1": 0.733201,
            "f1_weighted": 0.733201
          },
          {
            "accuracy": 0.739935,
            "f1": 0.727096,
            "f1_weighted": 0.727096
          },
          {
            "accuracy": 0.759091,
            "f1": 0.751272,
            "f1_weighted": 0.751272
          },
          {
            "accuracy": 0.747727,
            "f1": 0.743448,
            "f1_weighted": 0.743448
          },
          {
            "accuracy": 0.748701,
            "f1": 0.740466,
            "f1_weighted": 0.740466
          },
          {
            "accuracy": 0.752922,
            "f1": 0.745863,
            "f1_weighted": 0.745863
          },
          {
            "accuracy": 0.736688,
            "f1": 0.723817,
            "f1_weighted": 0.723817
          },
          {
            "accuracy": 0.749026,
            "f1": 0.738351,
            "f1_weighted": 0.738351
          },
          {
            "accuracy": 0.765909,
            "f1": 0.757375,
            "f1_weighted": 0.757375
          },
          {
            "accuracy": 0.74026,
            "f1": 0.730449,
            "f1_weighted": 0.730449
          }
        ],
        "main_score": 0.748539,
        "hf_subset": "default",
        "languages": [
          "eng-Latn"
        ]
      }
    ]
  },
  "evaluation_time": 11.600813388824463,
  "kg_co2_emissions": null
}