{
  "dataset_revision": "258694dd0231531bc1fd9de6ceb52a0853c6d908",
  "task_name": "BiorxivClusteringS2S",
  "mteb_version": "1.26.3",
  "scores": {
    "test": [
      {
        "v_measure": 0.289443,
        "v_measure_std": 0.013146,
        "v_measures": [
          0.282586,
          0.286348,
          0.26628,
          0.304209,
          0.276411,
          0.279053,
          0.294355,
          0.298982,
          0.311789,
          0.294414
        ],
        "main_score": 0.289443,
        "hf_subset": "default",
        "languages": [
          "eng-Latn"
        ]
      }
    ]
  },
  "evaluation_time": 22.48462414741516,
  "kg_co2_emissions": null
}