{
  "dataset_revision": "4f58c6b202a23cf9a4da393831edf4f9183cad37",
  "task_name": "EmotionClassification",
  "mteb_version": "1.26.3",
  "scores": {
    "validation": [
      {
        "accuracy": 0.4979,
        "f1": 0.445903,
        "f1_weighted": 0.513201,
        "scores_per_experiment": [
          {
            "accuracy": 0.567,
            "f1": 0.492418,
            "f1_weighted": 0.575658
          },
          {
            "accuracy": 0.5335,
            "f1": 0.460308,
            "f1_weighted": 0.546068
          },
          {
            "accuracy": 0.519,
            "f1": 0.450019,
            "f1_weighted": 0.533323
          },
          {
            "accuracy": 0.4965,
            "f1": 0.426335,
            "f1_weighted": 0.509332
          },
          {
            "accuracy": 0.52,
            "f1": 0.458538,
            "f1_weighted": 0.536163
          },
          {
            "accuracy": 0.483,
            "f1": 0.443293,
            "f1_weighted": 0.502747
          },
          {
            "accuracy": 0.526,
            "f1": 0.470259,
            "f1_weighted": 0.542273
          },
          {
            "accuracy": 0.413,
            "f1": 0.398052,
            "f1_weighted": 0.422622
          },
          {
            "accuracy": 0.4545,
            "f1": 0.431126,
            "f1_weighted": 0.475557
          },
          {
            "accuracy": 0.4665,
            "f1": 0.428681,
            "f1_weighted": 0.488271
          }
        ],
        "main_score": 0.4979,
        "hf_subset": "default",
        "languages": [
          "eng-Latn"
        ]
      }
    ],
    "test": [
      {
        "accuracy": 0.4991,
        "f1": 0.43767,
        "f1_weighted": 0.516974,
        "scores_per_experiment": [
          {
            "accuracy": 0.5685,
            "f1": 0.487489,
            "f1_weighted": 0.57984
          },
          {
            "accuracy": 0.511,
            "f1": 0.436708,
            "f1_weighted": 0.525707
          },
          {
            "accuracy": 0.5075,
            "f1": 0.433129,
            "f1_weighted": 0.525057
          },
          {
            "accuracy": 0.493,
            "f1": 0.411902,
            "f1_weighted": 0.5074
          },
          {
            "accuracy": 0.535,
            "f1": 0.469481,
            "f1_weighted": 0.551269
          },
          {
            "accuracy": 0.4815,
            "f1": 0.425305,
            "f1_weighted": 0.501704
          },
          {
            "accuracy": 0.524,
            "f1": 0.452726,
            "f1_weighted": 0.543393
          },
          {
            "accuracy": 0.43,
            "f1": 0.400148,
            "f1_weighted": 0.446235
          },
          {
            "accuracy": 0.4685,
            "f1": 0.434402,
            "f1_weighted": 0.492888
          },
          {
            "accuracy": 0.472,
            "f1": 0.425408,
            "f1_weighted": 0.496249
          }
        ],
        "main_score": 0.4991,
        "hf_subset": "default",
        "languages": [
          "eng-Latn"
        ]
      }
    ]
  },
  "evaluation_time": 9.602840185165405,
  "kg_co2_emissions": null
}