{
  "dataset_revision": "4672e20407010da34463acc759c162ca9734bca6",
  "task_name": "MassiveIntentClassification",
  "mteb_version": "1.26.3",
  "scores": {
    "validation": [
      {
        "accuracy": 0.640334,
        "f1": 0.598757,
        "f1_weighted": 0.629165,
        "scores_per_experiment": [
          {
            "accuracy": 0.629611,
            "f1": 0.60017,
            "f1_weighted": 0.62708
          },
          {
            "accuracy": 0.656173,
            "f1": 0.621188,
            "f1_weighted": 0.651446
          },
          {
            "accuracy": 0.646335,
            "f1": 0.594272,
            "f1_weighted": 0.636347
          },
          {
            "accuracy": 0.649779,
            "f1": 0.594803,
            "f1_weighted": 0.6381
          },
          {
            "accuracy": 0.632071,
            "f1": 0.587358,
            "f1_weighted": 0.614871
          },
          {
            "accuracy": 0.627644,
            "f1": 0.597051,
            "f1_weighted": 0.618742
          },
          {
            "accuracy": 0.643876,
            "f1": 0.600314,
            "f1_weighted": 0.634554
          },
          {
            "accuracy": 0.63699,
            "f1": 0.59188,
            "f1_weighted": 0.624954
          },
          {
            "accuracy": 0.627152,
            "f1": 0.586764,
            "f1_weighted": 0.599556
          },
          {
            "accuracy": 0.653714,
            "f1": 0.613769,
            "f1_weighted": 0.646002
          }
        ],
        "main_score": 0.640334,
        "hf_subset": "en",
        "languages": [
          "eng-Latn"
        ]
      }
    ],
    "test": [
      {
        "accuracy": 0.630027,
        "f1": 0.6096,
        "f1_weighted": 0.617931,
        "scores_per_experiment": [
          {
            "accuracy": 0.639543,
            "f1": 0.616687,
            "f1_weighted": 0.633617
          },
          {
            "accuracy": 0.652656,
            "f1": 0.627913,
            "f1_weighted": 0.646149
          },
          {
            "accuracy": 0.627102,
            "f1": 0.599867,
            "f1_weighted": 0.614556
          },
          {
            "accuracy": 0.63349,
            "f1": 0.612212,
            "f1_weighted": 0.625231
          },
          {
            "accuracy": 0.622058,
            "f1": 0.596333,
            "f1_weighted": 0.608354
          },
          {
            "accuracy": 0.613315,
            "f1": 0.604488,
            "f1_weighted": 0.601687
          },
          {
            "accuracy": 0.624075,
            "f1": 0.603317,
            "f1_weighted": 0.609372
          },
          {
            "accuracy": 0.627774,
            "f1": 0.60321,
            "f1_weighted": 0.614743
          },
          {
            "accuracy": 0.623403,
            "f1": 0.610333,
            "f1_weighted": 0.596942
          },
          {
            "accuracy": 0.636853,
            "f1": 0.621638,
            "f1_weighted": 0.628656
          }
        ],
        "main_score": 0.630027,
        "hf_subset": "en",
        "languages": [
          "eng-Latn"
        ]
      }
    ]
  },
  "evaluation_time": 7.111533880233765,
  "kg_co2_emissions": null
}