{
  "dataset_revision": "35191c8c0dca72d8ff3efcd72aa802307d469663",
  "task_name": "MedrxivClusteringS2S",
  "mteb_version": "1.26.3",
  "scores": {
    "test": [
      {
        "v_measure": 0.265082,
        "v_measure_std": 0.017281,
        "v_measures": [
          0.249751,
          0.242014,
          0.254797,
          0.254576,
          0.247966,
          0.273473,
          0.283457,
          0.291289,
          0.289844,
          0.263649
        ],
        "main_score": 0.265082,
        "hf_subset": "default",
        "languages": [
          "eng-Latn"
        ]
      }
    ]
  },
  "evaluation_time": 13.508877515792847,
  "kg_co2_emissions": null
}