{
  "dataset_revision": "ec0fa4fe99da2ff19ca1214b7966684033a58814",
  "task_name": "NFCorpus",
  "mteb_version": "1.26.3",
  "scores": {
    "test": [
      {
        "ndcg_at_1": 0.47059,
        "ndcg_at_3": 0.42734,
        "ndcg_at_5": 0.40354,
        "ndcg_at_10": 0.3715,
        "ndcg_at_20": 0.34583,
        "ndcg_at_100": 0.33896,
        "ndcg_at_1000": 0.42158,
        "map_at_1": 0.07026,
        "map_at_3": 0.107,
        "map_at_5": 0.12537,
        "map_at_10": 0.14565,
        "map_at_20": 0.16059,
        "map_at_100": 0.18021,
        "map_at_1000": 0.19463,
        "recall_at_1": 0.07026,
        "recall_at_3": 0.11629,
        "recall_at_5": 0.14965,
        "recall_at_10": 0.18996,
        "recall_at_20": 0.22564,
        "recall_at_100": 0.33614,
        "recall_at_1000": 0.63391,
        "precision_at_1": 0.48916,
        "precision_at_3": 0.39628,
        "precision_at_5": 0.34303,
        "precision_at_10": 0.26997,
        "precision_at_20": 0.19706,
        "precision_at_100": 0.0831,
        "precision_at_1000": 0.02084,
        "mrr_at_1": 0.489164,
        "mrr_at_3": 0.561404,
        "mrr_at_5": 0.573942,
        "mrr_at_10": 0.581031,
        "mrr_at_20": 0.583706,
        "mrr_at_100": 0.586192,
        "mrr_at_1000": 0.586462,
        "nauc_ndcg_at_1_max": 0.398857,
        "nauc_ndcg_at_1_std": 0.289041,
        "nauc_ndcg_at_1_diff1": 0.338003,
        "nauc_ndcg_at_3_max": 0.409481,
        "nauc_ndcg_at_3_std": 0.323736,
        "nauc_ndcg_at_3_diff1": 0.283287,
        "nauc_ndcg_at_5_max": 0.423661,
        "nauc_ndcg_at_5_std": 0.338861,
        "nauc_ndcg_at_5_diff1": 0.290652,
        "nauc_ndcg_at_10_max": 0.406388,
        "nauc_ndcg_at_10_std": 0.363346,
        "nauc_ndcg_at_10_diff1": 0.288585,
        "nauc_ndcg_at_20_max": 0.391254,
        "nauc_ndcg_at_20_std": 0.354379,
        "nauc_ndcg_at_20_diff1": 0.276675,
        "nauc_ndcg_at_100_max": 0.393469,
        "nauc_ndcg_at_100_std": 0.315846,
        "nauc_ndcg_at_100_diff1": 0.305226,
        "nauc_ndcg_at_1000_max": 0.443653,
        "nauc_ndcg_at_1000_std": 0.364019,
        "nauc_ndcg_at_1000_diff1": 0.29862,
        "nauc_map_at_1_max": 0.121346,
        "nauc_map_at_1_std": -0.156605,
        "nauc_map_at_1_diff1": 0.473473,
        "nauc_map_at_3_max": 0.160961,
        "nauc_map_at_3_std": -0.100006,
        "nauc_map_at_3_diff1": 0.435069,
        "nauc_map_at_5_max": 0.195978,
        "nauc_map_at_5_std": -0.063523,
        "nauc_map_at_5_diff1": 0.417245,
        "nauc_map_at_10_max": 0.235319,
        "nauc_map_at_10_std": -0.007135,
        "nauc_map_at_10_diff1": 0.38663,
        "nauc_map_at_20_max": 0.267426,
        "nauc_map_at_20_std": 0.046692,
        "nauc_map_at_20_diff1": 0.353919,
        "nauc_map_at_100_max": 0.297533,
        "nauc_map_at_100_std": 0.118355,
        "nauc_map_at_100_diff1": 0.33008,
        "nauc_map_at_1000_max": 0.306887,
        "nauc_map_at_1000_std": 0.160798,
        "nauc_map_at_1000_diff1": 0.313088,
        "nauc_recall_at_1_max": 0.121346,
        "nauc_recall_at_1_std": -0.156605,
        "nauc_recall_at_1_diff1": 0.473473,
        "nauc_recall_at_3_max": 0.150051,
        "nauc_recall_at_3_std": -0.090926,
        "nauc_recall_at_3_diff1": 0.416888,
        "nauc_recall_at_5_max": 0.182356,
        "nauc_recall_at_5_std": -0.062285,
        "nauc_recall_at_5_diff1": 0.402047,
        "nauc_recall_at_10_max": 0.199946,
        "nauc_recall_at_10_std": -0.011472,
        "nauc_recall_at_10_diff1": 0.348316,
        "nauc_recall_at_20_max": 0.231536,
        "nauc_recall_at_20_std": 0.054715,
        "nauc_recall_at_20_diff1": 0.302641,
        "nauc_recall_at_100_max": 0.251878,
        "nauc_recall_at_100_std": 0.151808,
        "nauc_recall_at_100_diff1": 0.215181,
        "nauc_recall_at_1000_max": 0.229558,
        "nauc_recall_at_1000_std": 0.216699,
        "nauc_recall_at_1000_diff1": 0.116609,
        "nauc_precision_at_1_max": 0.400836,
        "nauc_precision_at_1_std": 0.293116,
        "nauc_precision_at_1_diff1": 0.320909,
        "nauc_precision_at_3_max": 0.432935,
        "nauc_precision_at_3_std": 0.41268,
        "nauc_precision_at_3_diff1": 0.169515,
        "nauc_precision_at_5_max": 0.437882,
        "nauc_precision_at_5_std": 0.451739,
        "nauc_precision_at_5_diff1": 0.114659,
        "nauc_precision_at_10_max": 0.406799,
        "nauc_precision_at_10_std": 0.528536,
        "nauc_precision_at_10_diff1": 0.051515,
        "nauc_precision_at_20_max": 0.36236,
        "nauc_precision_at_20_std": 0.556756,
        "nauc_precision_at_20_diff1": -0.032864,
        "nauc_precision_at_100_max": 0.233307,
        "nauc_precision_at_100_std": 0.57642,
        "nauc_precision_at_100_diff1": -0.120253,
        "nauc_precision_at_1000_max": 0.097976,
        "nauc_precision_at_1000_std": 0.468037,
        "nauc_precision_at_1000_diff1": -0.160059,
        "nauc_mrr_at_1_max": 0.400836,
        "nauc_mrr_at_1_std": 0.293116,
        "nauc_mrr_at_1_diff1": 0.320909,
        "nauc_mrr_at_3_max": 0.444524,
        "nauc_mrr_at_3_std": 0.361694,
        "nauc_mrr_at_3_diff1": 0.33858,
        "nauc_mrr_at_5_max": 0.450187,
        "nauc_mrr_at_5_std": 0.353672,
        "nauc_mrr_at_5_diff1": 0.345578,
        "nauc_mrr_at_10_max": 0.449563,
        "nauc_mrr_at_10_std": 0.356036,
        "nauc_mrr_at_10_diff1": 0.345855,
        "nauc_mrr_at_20_max": 0.4501,
        "nauc_mrr_at_20_std": 0.359985,
        "nauc_mrr_at_20_diff1": 0.343406,
        "nauc_mrr_at_100_max": 0.450664,
        "nauc_mrr_at_100_std": 0.359424,
        "nauc_mrr_at_100_diff1": 0.342954,
        "nauc_mrr_at_1000_max": 0.450454,
        "nauc_mrr_at_1000_std": 0.35925,
        "nauc_mrr_at_1000_diff1": 0.342914,
        "main_score": 0.3715,
        "hf_subset": "default",
        "languages": [
          "eng-Latn"
        ]
      }
    ]
  },
  "evaluation_time": 11.542817831039429,
  "kg_co2_emissions": null
}