{
  "dataset_revision": "d3c5e1fc0b855ab6097bf1cda04dd73947d7caab",
  "task_name": "SciDocsRR",
  "mteb_version": "1.26.3",
  "scores": {
    "test": [
      {
        "map": 0.798544,
        "mrr": 0.940455,
        "nAUC_map_max": 0.54325,
        "nAUC_map_std": 0.598585,
        "nAUC_map_diff1": 0.085701,
        "nAUC_mrr_max": 0.783991,
        "nAUC_mrr_std": 0.656377,
        "nAUC_mrr_diff1": 0.484292,
        "main_score": 0.798544,
        "hf_subset": "default",
        "languages": [
          "eng-Latn"
        ]
      }
    ]
  },
  "evaluation_time": 27.475828409194946,
  "kg_co2_emissions": null
}