{
  "dataset_revision": "0228b52cf27578f30900b9e5271d331663a030d7",
  "task_name": "SciFact",
  "mteb_version": "1.26.3",
  "scores": {
    "train": [
      {
        "ndcg_at_1": 0.57478,
        "ndcg_at_3": 0.66279,
        "ndcg_at_5": 0.68093,
        "ndcg_at_10": 0.70508,
        "ndcg_at_20": 0.71685,
        "ndcg_at_100": 0.7305,
        "ndcg_at_1000": 0.73696,
        "map_at_1": 0.55099,
        "map_at_3": 0.63387,
        "map_at_5": 0.64692,
        "map_at_10": 0.65855,
        "map_at_20": 0.6627,
        "map_at_100": 0.6646,
        "map_at_1000": 0.66484,
        "recall_at_1": 0.55099,
        "recall_at_3": 0.72052,
        "recall_at_5": 0.76331,
        "recall_at_10": 0.83181,
        "recall_at_20": 0.87429,
        "recall_at_100": 0.94767,
        "recall_at_1000": 0.99876,
        "precision_at_1": 0.57478,
        "precision_at_3": 0.26288,
        "precision_at_5": 0.16984,
        "precision_at_10": 0.09382,
        "precision_at_20": 0.04988,
        "precision_at_100": 0.0108,
        "precision_at_1000": 0.00113,
        "mrr_at_1": 0.574784,
        "mrr_at_3": 0.654512,
        "mrr_at_5": 0.662608,
        "mrr_at_10": 0.671195,
        "mrr_at_20": 0.673514,
        "mrr_at_100": 0.675114,
        "mrr_at_1000": 0.675338,
        "nauc_ndcg_at_1_max": 0.392079,
        "nauc_ndcg_at_1_std": 0.05891,
        "nauc_ndcg_at_1_diff1": 0.723331,
        "nauc_ndcg_at_3_max": 0.406964,
        "nauc_ndcg_at_3_std": 0.057691,
        "nauc_ndcg_at_3_diff1": 0.658501,
        "nauc_ndcg_at_5_max": 0.402618,
        "nauc_ndcg_at_5_std": 0.064475,
        "nauc_ndcg_at_5_diff1": 0.644856,
        "nauc_ndcg_at_10_max": 0.412975,
        "nauc_ndcg_at_10_std": 0.078081,
        "nauc_ndcg_at_10_diff1": 0.638934,
        "nauc_ndcg_at_20_max": 0.426453,
        "nauc_ndcg_at_20_std": 0.096037,
        "nauc_ndcg_at_20_diff1": 0.640375,
        "nauc_ndcg_at_100_max": 0.418872,
        "nauc_ndcg_at_100_std": 0.091796,
        "nauc_ndcg_at_100_diff1": 0.6464,
        "nauc_ndcg_at_1000_max": 0.416867,
        "nauc_ndcg_at_1000_std": 0.087011,
        "nauc_ndcg_at_1000_diff1": 0.652448,
        "nauc_map_at_1_max": 0.351502,
        "nauc_map_at_1_std": 0.02839,
        "nauc_map_at_1_diff1": 0.723229,
        "nauc_map_at_3_max": 0.388761,
        "nauc_map_at_3_std": 0.045193,
        "nauc_map_at_3_diff1": 0.676315,
        "nauc_map_at_5_max": 0.395705,
        "nauc_map_at_5_std": 0.056279,
        "nauc_map_at_5_diff1": 0.667798,
        "nauc_map_at_10_max": 0.40088,
        "nauc_map_at_10_std": 0.064238,
        "nauc_map_at_10_diff1": 0.66586,
        "nauc_map_at_20_max": 0.405289,
        "nauc_map_at_20_std": 0.071391,
        "nauc_map_at_20_diff1": 0.666075,
        "nauc_map_at_100_max": 0.404377,
        "nauc_map_at_100_std": 0.070802,
        "nauc_map_at_100_diff1": 0.666502,
        "nauc_map_at_1000_max": 0.404335,
        "nauc_map_at_1000_std": 0.070735,
        "nauc_map_at_1000_diff1": 0.666759,
        "nauc_recall_at_1_max": 0.351502,
        "nauc_recall_at_1_std": 0.02839,
        "nauc_recall_at_1_diff1": 0.723229,
        "nauc_recall_at_3_max": 0.408014,
        "nauc_recall_at_3_std": 0.044724,
        "nauc_recall_at_3_diff1": 0.597408,
        "nauc_recall_at_5_max": 0.394195,
        "nauc_recall_at_5_std": 0.061141,
        "nauc_recall_at_5_diff1": 0.553711,
        "nauc_recall_at_10_max": 0.429871,
        "nauc_recall_at_10_std": 0.099347,
        "nauc_recall_at_10_diff1": 0.500391,
        "nauc_recall_at_20_max": 0.530755,
        "nauc_recall_at_20_std": 0.219689,
        "nauc_recall_at_20_diff1": 0.485491,
        "nauc_recall_at_100_max": 0.498183,
        "nauc_recall_at_100_std": 0.298895,
        "nauc_recall_at_100_diff1": 0.445074,
        "nauc_recall_at_1000_max": 0.722159,
        "nauc_recall_at_1000_std": 1.0,
        "nauc_recall_at_1000_diff1": -0.170996,
        "nauc_precision_at_1_max": 0.392079,
        "nauc_precision_at_1_std": 0.05891,
        "nauc_precision_at_1_diff1": 0.723331,
        "nauc_precision_at_3_max": 0.426145,
        "nauc_precision_at_3_std": 0.162477,
        "nauc_precision_at_3_diff1": 0.406616,
        "nauc_precision_at_5_max": 0.387883,
        "nauc_precision_at_5_std": 0.208902,
        "nauc_precision_at_5_diff1": 0.263339,
        "nauc_precision_at_10_max": 0.347995,
        "nauc_precision_at_10_std": 0.268817,
        "nauc_precision_at_10_diff1": 0.106272,
        "nauc_precision_at_20_max": 0.331856,
        "nauc_precision_at_20_std": 0.330343,
        "nauc_precision_at_20_diff1": 0.009466,
        "nauc_precision_at_100_max": 0.241899,
        "nauc_precision_at_100_std": 0.340823,
        "nauc_precision_at_100_diff1": -0.130198,
        "nauc_precision_at_1000_max": 0.174903,
        "nauc_precision_at_1000_std": 0.344702,
        "nauc_precision_at_1000_diff1": -0.260209,
        "nauc_mrr_at_1_max": 0.392079,
        "nauc_mrr_at_1_std": 0.05891,
        "nauc_mrr_at_1_diff1": 0.723331,
        "nauc_mrr_at_3_max": 0.421208,
        "nauc_mrr_at_3_std": 0.074357,
        "nauc_mrr_at_3_diff1": 0.672404,
        "nauc_mrr_at_5_max": 0.41407,
        "nauc_mrr_at_5_std": 0.074393,
        "nauc_mrr_at_5_diff1": 0.666328,
        "nauc_mrr_at_10_max": 0.416487,
        "nauc_mrr_at_10_std": 0.077235,
        "nauc_mrr_at_10_diff1": 0.664763,
        "nauc_mrr_at_20_max": 0.417864,
        "nauc_mrr_at_20_std": 0.078599,
        "nauc_mrr_at_20_diff1": 0.665616,
        "nauc_mrr_at_100_max": 0.416868,
        "nauc_mrr_at_100_std": 0.07785,
        "nauc_mrr_at_100_diff1": 0.666295,
        "nauc_mrr_at_1000_max": 0.416812,
        "nauc_mrr_at_1000_std": 0.077803,
        "nauc_mrr_at_1000_diff1": 0.666526,
        "main_score": 0.70508,
        "hf_subset": "default",
        "languages": [
          "eng-Latn"
        ]
      }
    ],
    "test": [
      {
        "ndcg_at_1": 0.61667,
        "ndcg_at_3": 0.67144,
        "ndcg_at_5": 0.6956,
        "ndcg_at_10": 0.71355,
        "ndcg_at_20": 0.72864,
        "ndcg_at_100": 0.74437,
        "ndcg_at_1000": 0.74905,
        "map_at_1": 0.58494,
        "map_at_3": 0.64746,
        "map_at_5": 0.66446,
        "map_at_10": 0.67328,
        "map_at_20": 0.67815,
        "map_at_100": 0.68068,
        "map_at_1000": 0.68086,
        "recall_at_1": 0.58494,
        "recall_at_3": 0.7075,
        "recall_at_5": 0.76917,
        "recall_at_10": 0.82011,
        "recall_at_20": 0.87633,
        "recall_at_100": 0.95667,
        "recall_at_1000": 0.99333,
        "precision_at_1": 0.61667,
        "precision_at_3": 0.25889,
        "precision_at_5": 0.17133,
        "precision_at_10": 0.09233,
        "precision_at_20": 0.04967,
        "precision_at_100": 0.01087,
        "precision_at_1000": 0.00112,
        "mrr_at_1": 0.616667,
        "mrr_at_3": 0.668333,
        "mrr_at_5": 0.682167,
        "mrr_at_10": 0.688786,
        "mrr_at_20": 0.692204,
        "mrr_at_100": 0.694231,
        "mrr_at_1000": 0.694412,
        "nauc_ndcg_at_1_max": 0.332647,
        "nauc_ndcg_at_1_std": -0.019882,
        "nauc_ndcg_at_1_diff1": 0.663581,
        "nauc_ndcg_at_3_max": 0.386241,
        "nauc_ndcg_at_3_std": -0.009051,
        "nauc_ndcg_at_3_diff1": 0.649558,
        "nauc_ndcg_at_5_max": 0.392457,
        "nauc_ndcg_at_5_std": 0.023823,
        "nauc_ndcg_at_5_diff1": 0.636089,
        "nauc_ndcg_at_10_max": 0.393992,
        "nauc_ndcg_at_10_std": 0.059016,
        "nauc_ndcg_at_10_diff1": 0.621729,
        "nauc_ndcg_at_20_max": 0.402421,
        "nauc_ndcg_at_20_std": 0.066666,
        "nauc_ndcg_at_20_diff1": 0.612413,
        "nauc_ndcg_at_100_max": 0.385352,
        "nauc_ndcg_at_100_std": 0.04385,
        "nauc_ndcg_at_100_diff1": 0.619357,
        "nauc_ndcg_at_1000_max": 0.387915,
        "nauc_ndcg_at_1000_std": 0.043738,
        "nauc_ndcg_at_1000_diff1": 0.627555,
        "nauc_map_at_1_max": 0.296757,
        "nauc_map_at_1_std": -0.087238,
        "nauc_map_at_1_diff1": 0.666823,
        "nauc_map_at_3_max": 0.362665,
        "nauc_map_at_3_std": -0.038324,
        "nauc_map_at_3_diff1": 0.661685,
        "nauc_map_at_5_max": 0.370143,
        "nauc_map_at_5_std": -0.008969,
        "nauc_map_at_5_diff1": 0.649924,
        "nauc_map_at_10_max": 0.371165,
        "nauc_map_at_10_std": 0.007543,
        "nauc_map_at_10_diff1": 0.64434,
        "nauc_map_at_20_max": 0.375082,
        "nauc_map_at_20_std": 0.012563,
        "nauc_map_at_20_diff1": 0.642452,
        "nauc_map_at_100_max": 0.373294,
        "nauc_map_at_100_std": 0.009991,
        "nauc_map_at_100_diff1": 0.643624,
        "nauc_map_at_1000_max": 0.3733,
        "nauc_map_at_1000_std": 0.009944,
        "nauc_map_at_1000_diff1": 0.643733,
        "nauc_recall_at_1_max": 0.296757,
        "nauc_recall_at_1_std": -0.087238,
        "nauc_recall_at_1_diff1": 0.666823,
        "nauc_recall_at_3_max": 0.409293,
        "nauc_recall_at_3_std": -0.007957,
        "nauc_recall_at_3_diff1": 0.624662,
        "nauc_recall_at_5_max": 0.436036,
        "nauc_recall_at_5_std": 0.086717,
        "nauc_recall_at_5_diff1": 0.580385,
        "nauc_recall_at_10_max": 0.449106,
        "nauc_recall_at_10_std": 0.23546,
        "nauc_recall_at_10_diff1": 0.510341,
        "nauc_recall_at_20_max": 0.519586,
        "nauc_recall_at_20_std": 0.324772,
        "nauc_recall_at_20_diff1": 0.403577,
        "nauc_recall_at_100_max": 0.26309,
        "nauc_recall_at_100_std": 0.161639,
        "nauc_recall_at_100_diff1": 0.225382,
        "nauc_recall_at_1000_max": 0.348973,
        "nauc_recall_at_1000_std": 0.795752,
        "nauc_recall_at_1000_diff1": 0.422502,
        "nauc_precision_at_1_max": 0.332647,
        "nauc_precision_at_1_std": -0.019882,
        "nauc_precision_at_1_diff1": 0.663581,
        "nauc_precision_at_3_max": 0.387162,
        "nauc_precision_at_3_std": 0.139834,
        "nauc_precision_at_3_diff1": 0.434754,
        "nauc_precision_at_5_max": 0.393295,
        "nauc_precision_at_5_std": 0.295488,
        "nauc_precision_at_5_diff1": 0.292096,
        "nauc_precision_at_10_max": 0.336028,
        "nauc_precision_at_10_std": 0.398397,
        "nauc_precision_at_10_diff1": 0.153078,
        "nauc_precision_at_20_max": 0.313669,
        "nauc_precision_at_20_std": 0.455294,
        "nauc_precision_at_20_diff1": 0.008023,
        "nauc_precision_at_100_max": 0.169014,
        "nauc_precision_at_100_std": 0.397681,
        "nauc_precision_at_100_diff1": -0.156548,
        "nauc_precision_at_1000_max": 0.156659,
        "nauc_precision_at_1000_std": 0.453003,
        "nauc_precision_at_1000_diff1": -0.211044,
        "nauc_mrr_at_1_max": 0.332647,
        "nauc_mrr_at_1_std": -0.019882,
        "nauc_mrr_at_1_diff1": 0.663581,
        "nauc_mrr_at_3_max": 0.381952,
        "nauc_mrr_at_3_std": 0.011521,
        "nauc_mrr_at_3_diff1": 0.649262,
        "nauc_mrr_at_5_max": 0.386867,
        "nauc_mrr_at_5_std": 0.031049,
        "nauc_mrr_at_5_diff1": 0.643231,
        "nauc_mrr_at_10_max": 0.388317,
        "nauc_mrr_at_10_std": 0.043501,
        "nauc_mrr_at_10_diff1": 0.637936,
        "nauc_mrr_at_20_max": 0.387437,
        "nauc_mrr_at_20_std": 0.041153,
        "nauc_mrr_at_20_diff1": 0.636117,
        "nauc_mrr_at_100_max": 0.38519,
        "nauc_mrr_at_100_std": 0.038038,
        "nauc_mrr_at_100_diff1": 0.637425,
        "nauc_mrr_at_1000_max": 0.385204,
        "nauc_mrr_at_1000_std": 0.03801,
        "nauc_mrr_at_1000_diff1": 0.637532,
        "main_score": 0.71355,
        "hf_subset": "default",
        "languages": [
          "eng-Latn"
        ]
      }
    ]
  },
  "evaluation_time": 31.496484518051147,
  "kg_co2_emissions": null
}