{
  "dataset_revision": "20a6d6f312dd54037fe07a32d58e5e168867909d",
  "task_name": "SICK-R",
  "mteb_version": "1.26.3",
  "scores": {
    "test": [
      {
        "pearson": 0.817538,
        "spearman": 0.76007,
        "cosine_pearson": 0.817538,
        "cosine_spearman": 0.76007,
        "manhattan_pearson": 0.78577,
        "manhattan_spearman": 0.758839,
        "euclidean_pearson": 0.786736,
        "euclidean_spearman": 0.76007,
        "main_score": 0.76007,
        "hf_subset": "default",
        "languages": [
          "eng-Latn"
        ]
      }
    ]
  },
  "evaluation_time": 3.2857909202575684,
  "kg_co2_emissions": null
}