{
  "dataset_revision": "d66bd1f72af766a5cc4b0ca5e00c162f89e8cc46",
  "task_name": "SprintDuplicateQuestions",
  "mteb_version": "1.26.3",
  "scores": {
    "validation": [
      {
        "similarity_accuracy": 0.99699,
        "similarity_accuracy_threshold": 0.876234,
        "similarity_f1": 0.848334,
        "similarity_f1_threshold": 0.870281,
        "similarity_precision": 0.843719,
        "similarity_recall": 0.853,
        "similarity_ap": 0.91502,
        "cosine_accuracy": 0.99699,
        "cosine_accuracy_threshold": 0.876234,
        "cosine_f1": 0.848334,
        "cosine_f1_threshold": 0.870281,
        "cosine_precision": 0.843719,
        "cosine_recall": 0.853,
        "cosine_ap": 0.91502,
        "manhattan_accuracy": 0.99695,
        "manhattan_accuracy_threshold": 11.100311,
        "manhattan_f1": 0.845029,
        "manhattan_f1_threshold": 11.385221,
        "manhattan_precision": 0.824144,
        "manhattan_recall": 0.867,
        "manhattan_ap": 0.913433,
        "euclidean_accuracy": 0.99699,
        "euclidean_accuracy_threshold": 0.497527,
        "euclidean_f1": 0.848334,
        "euclidean_f1_threshold": 0.509351,
        "euclidean_precision": 0.843719,
        "euclidean_recall": 0.853,
        "euclidean_ap": 0.91502,
        "dot_accuracy": 0.99699,
        "dot_accuracy_threshold": 0.876234,
        "dot_f1": 0.848334,
        "dot_f1_threshold": 0.870281,
        "dot_precision": 0.843719,
        "dot_recall": 0.853,
        "dot_ap": 0.91502,
        "max_accuracy": 0.99699,
        "max_f1": 0.848334,
        "max_precision": 0.843719,
        "max_recall": 0.867,
        "max_ap": 0.91502,
        "main_score": 0.91502,
        "hf_subset": "default",
        "languages": [
          "eng-Latn"
        ]
      }
    ],
    "test": [
      {
        "similarity_accuracy": 0.997218,
        "similarity_accuracy_threshold": 0.880621,
        "similarity_f1": 0.857717,
        "similarity_f1_threshold": 0.878464,
        "similarity_precision": 0.862487,
        "similarity_recall": 0.853,
        "similarity_ap": 0.913664,
        "cosine_accuracy": 0.997218,
        "cosine_accuracy_threshold": 0.880621,
        "cosine_f1": 0.857717,
        "cosine_f1_threshold": 0.878464,
        "cosine_precision": 0.862487,
        "cosine_recall": 0.853,
        "cosine_ap": 0.913664,
        "manhattan_accuracy": 0.997109,
        "manhattan_accuracy_threshold": 10.837917,
        "manhattan_f1": 0.852095,
        "manhattan_f1_threshold": 10.871744,
        "manhattan_precision": 0.860347,
        "manhattan_recall": 0.844,
        "manhattan_ap": 0.912262,
        "euclidean_accuracy": 0.997218,
        "euclidean_accuracy_threshold": 0.488629,
        "euclidean_f1": 0.857717,
        "euclidean_f1_threshold": 0.493024,
        "euclidean_precision": 0.862487,
        "euclidean_recall": 0.853,
        "euclidean_ap": 0.913664,
        "dot_accuracy": 0.997218,
        "dot_accuracy_threshold": 0.880621,
        "dot_f1": 0.857717,
        "dot_f1_threshold": 0.878464,
        "dot_precision": 0.862487,
        "dot_recall": 0.853,
        "dot_ap": 0.913664,
        "max_accuracy": 0.997218,
        "max_f1": 0.857717,
        "max_precision": 0.862487,
        "max_recall": 0.853,
        "max_ap": 0.913664,
        "main_score": 0.913664,
        "hf_subset": "default",
        "languages": [
          "eng-Latn"
        ]
      }
    ]
  },
  "evaluation_time": 44.30483436584473,
  "kg_co2_emissions": null
}