{
  "dataset_revision": "e185fbe320c72810689fc5848eb6114e1ef5ec69",
  "task_name": "StackOverflowDupQuestions",
  "mteb_version": "1.26.3",
  "scores": {
    "test": [
      {
        "map": 0.441079,
        "mrr": 0.445867,
        "nAUC_map_max": 0.111172,
        "nAUC_map_std": 0.062662,
        "nAUC_map_diff1": 0.321833,
        "nAUC_mrr_max": 0.11674,
        "nAUC_mrr_std": 0.071967,
        "nAUC_mrr_diff1": 0.31686,
        "main_score": 0.441079,
        "hf_subset": "default",
        "languages": [
          "eng-Latn"
        ]
      }
    ]
  },
  "evaluation_time": 17.977967977523804,
  "kg_co2_emissions": null
}