{
  "dataset_revision": "4d8694f8f0e0100860b497b999b3dbed754a0513",
  "task_name": "STS16",
  "mteb_version": "1.26.3",
  "scores": {
    "test": [
      {
        "pearson": 0.774579,
        "spearman": 0.781713,
        "cosine_pearson": 0.774579,
        "cosine_spearman": 0.781713,
        "manhattan_pearson": 0.766934,
        "manhattan_spearman": 0.78077,
        "euclidean_pearson": 0.767305,
        "euclidean_spearman": 0.781713,
        "main_score": 0.781713,
        "hf_subset": "default",
        "languages": [
          "eng-Latn"
        ]
      }
    ]
  },
  "evaluation_time": 0.5602176189422607,
  "kg_co2_emissions": null
}