{
  "dataset_revision": "b0fddb56ed78048fa8b90373c8a3cfc37b684831",
  "task_name": "STSBenchmark",
  "mteb_version": "1.26.3",
  "scores": {
    "test": [
      {
        "pearson": 0.804536,
        "spearman": 0.79424,
        "cosine_pearson": 0.804536,
        "cosine_spearman": 0.794241,
        "manhattan_pearson": 0.797224,
        "manhattan_spearman": 0.794176,
        "euclidean_pearson": 0.797655,
        "euclidean_spearman": 0.794241,
        "main_score": 0.794241,
        "hf_subset": "default",
        "languages": [
          "eng-Latn"
        ]
      }
    ]
  },
  "evaluation_time": 0.5542416572570801,
  "kg_co2_emissions": null
}