{
  "dataset_revision": "6125ec4e24fa026cec8a478383ee943acfbd5449",
  "task_name": "TwentyNewsgroupsClustering",
  "mteb_version": "1.26.3",
  "scores": {
    "test": [
      {
        "v_measure": 0.221486,
        "v_measure_std": 0.029925,
        "v_measures": [
          0.278214,
          0.217779,
          0.201404,
          0.250754,
          0.219264,
          0.215183,
          0.224022,
          0.236884,
          0.157299,
          0.214059
        ],
        "main_score": 0.221486,
        "hf_subset": "default",
        "languages": [
          "eng-Latn"
        ]
      }
    ]
  },
  "evaluation_time": 10.755088090896606,
  "kg_co2_emissions": null
}