{
  "dataset_revision": "c22ab2a51041ffd869aaddef7af8d8215647e41a",
  "task_name": "ArguAna",
  "mteb_version": "1.26.3",
  "scores": {
    "test": [
      {
        "ndcg_at_1": 0.40754,
        "ndcg_at_3": 0.55717,
        "ndcg_at_5": 0.59461,
        "ndcg_at_10": 0.63616,
        "ndcg_at_20": 0.65131,
        "ndcg_at_100": 0.66063,
        "ndcg_at_1000": 0.6613,
        "map_at_1": 0.40754,
        "map_at_3": 0.51932,
        "map_at_5": 0.54023,
        "map_at_10": 0.55773,
        "map_at_20": 0.56202,
        "map_at_100": 0.56344,
        "map_at_1000": 0.56347,
        "recall_at_1": 0.40754,
        "recall_at_3": 0.66714,
        "recall_at_5": 0.75747,
        "recall_at_10": 0.88407,
        "recall_at_20": 0.9431,
        "recall_at_100": 0.99147,
        "recall_at_1000": 0.99644,
        "precision_at_1": 0.40754,
        "precision_at_3": 0.22238,
        "precision_at_5": 0.15149,
        "precision_at_10": 0.08841,
        "precision_at_20": 0.04716,
        "precision_at_100": 0.00991,
        "precision_at_1000": 0.001,
        "mrr_at_1": 0.41394,
        "mrr_at_3": 0.5211,
        "mrr_at_5": 0.542508,
        "mrr_at_10": 0.560245,
        "mrr_at_20": 0.564528,
        "mrr_at_100": 0.565947,
        "mrr_at_1000": 0.565978,
        "nauc_ndcg_at_1_max": -0.097055,
        "nauc_ndcg_at_1_std": -0.147265,
        "nauc_ndcg_at_1_diff1": 0.173462,
        "nauc_ndcg_at_3_max": -0.054322,
        "nauc_ndcg_at_3_std": -0.128411,
        "nauc_ndcg_at_3_diff1": 0.152565,
        "nauc_ndcg_at_5_max": -0.043561,
        "nauc_ndcg_at_5_std": -0.129426,
        "nauc_ndcg_at_5_diff1": 0.152362,
        "nauc_ndcg_at_10_max": -0.036223,
        "nauc_ndcg_at_10_std": -0.112846,
        "nauc_ndcg_at_10_diff1": 0.165702,
        "nauc_ndcg_at_20_max": -0.041471,
        "nauc_ndcg_at_20_std": -0.115987,
        "nauc_ndcg_at_20_diff1": 0.162317,
        "nauc_ndcg_at_100_max": -0.052815,
        "nauc_ndcg_at_100_std": -0.123473,
        "nauc_ndcg_at_100_diff1": 0.160409,
        "nauc_ndcg_at_1000_max": -0.054579,
        "nauc_ndcg_at_1000_std": -0.124573,
        "nauc_ndcg_at_1000_diff1": 0.1592,
        "nauc_map_at_1_max": -0.097055,
        "nauc_map_at_1_std": -0.147265,
        "nauc_map_at_1_diff1": 0.173462,
        "nauc_map_at_3_max": -0.066902,
        "nauc_map_at_3_std": -0.134409,
        "nauc_map_at_3_diff1": 0.1562,
        "nauc_map_at_5_max": -0.062553,
        "nauc_map_at_5_std": -0.135536,
        "nauc_map_at_5_diff1": 0.15578,
        "nauc_map_at_10_max": -0.060963,
        "nauc_map_at_10_std": -0.130041,
        "nauc_map_at_10_diff1": 0.160573,
        "nauc_map_at_20_max": -0.062593,
        "nauc_map_at_20_std": -0.130971,
        "nauc_map_at_20_diff1": 0.159563,
        "nauc_map_at_100_max": -0.063896,
        "nauc_map_at_100_std": -0.131645,
        "nauc_map_at_100_diff1": 0.159348,
        "nauc_map_at_1000_max": -0.063962,
        "nauc_map_at_1000_std": -0.131688,
        "nauc_map_at_1000_diff1": 0.159305,
        "nauc_recall_at_1_max": -0.097055,
        "nauc_recall_at_1_std": -0.147265,
        "nauc_recall_at_1_diff1": 0.173462,
        "nauc_recall_at_3_max": -0.010771,
        "nauc_recall_at_3_std": -0.107449,
        "nauc_recall_at_3_diff1": 0.141089,
        "nauc_recall_at_5_max": 0.039775,
        "nauc_recall_at_5_std": -0.102922,
        "nauc_recall_at_5_diff1": 0.14013,
        "nauc_recall_at_10_max": 0.168239,
        "nauc_recall_at_10_std": 0.037721,
        "nauc_recall_at_10_diff1": 0.222797,
        "nauc_recall_at_20_max": 0.289231,
        "nauc_recall_at_20_std": 0.135228,
        "nauc_recall_at_20_diff1": 0.230257,
        "nauc_recall_at_100_max": 0.474013,
        "nauc_recall_at_100_std": 0.34564,
        "nauc_recall_at_100_diff1": 0.321186,
        "nauc_recall_at_1000_max": 0.363083,
        "nauc_recall_at_1000_std": 0.477219,
        "nauc_recall_at_1000_diff1": -0.038791,
        "nauc_precision_at_1_max": -0.097055,
        "nauc_precision_at_1_std": -0.147265,
        "nauc_precision_at_1_diff1": 0.173462,
        "nauc_precision_at_3_max": -0.010771,
        "nauc_precision_at_3_std": -0.107449,
        "nauc_precision_at_3_diff1": 0.141089,
        "nauc_precision_at_5_max": 0.039775,
        "nauc_precision_at_5_std": -0.102922,
        "nauc_precision_at_5_diff1": 0.14013,
        "nauc_precision_at_10_max": 0.168239,
        "nauc_precision_at_10_std": 0.037721,
        "nauc_precision_at_10_diff1": 0.222797,
        "nauc_precision_at_20_max": 0.289231,
        "nauc_precision_at_20_std": 0.135228,
        "nauc_precision_at_20_diff1": 0.230257,
        "nauc_precision_at_100_max": 0.474013,
        "nauc_precision_at_100_std": 0.34564,
        "nauc_precision_at_100_diff1": 0.321186,
        "nauc_precision_at_1000_max": 0.363083,
        "nauc_precision_at_1000_std": 0.477219,
        "nauc_precision_at_1000_diff1": -0.038791,
        "nauc_mrr_at_1_max": -0.101736,
        "nauc_mrr_at_1_std": -0.148814,
        "nauc_mrr_at_1_diff1": 0.156104,
        "nauc_mrr_at_3_max": -0.079911,
        "nauc_mrr_at_3_std": -0.136223,
        "nauc_mrr_at_3_diff1": 0.134775,
        "nauc_mrr_at_5_max": -0.073478,
        "nauc_mrr_at_5_std": -0.137012,
        "nauc_mrr_at_5_diff1": 0.136172,
        "nauc_mrr_at_10_max": -0.071386,
        "nauc_mrr_at_10_std": -0.131145,
        "nauc_mrr_at_10_diff1": 0.141152,
        "nauc_mrr_at_20_max": -0.073185,
        "nauc_mrr_at_20_std": -0.132106,
        "nauc_mrr_at_20_diff1": 0.139851,
        "nauc_mrr_at_100_max": -0.07455,
        "nauc_mrr_at_100_std": -0.132788,
        "nauc_mrr_at_100_diff1": 0.139524,
        "nauc_mrr_at_1000_max": -0.074617,
        "nauc_mrr_at_1000_std": -0.132831,
        "nauc_mrr_at_1000_diff1": 0.139479,
        "main_score": 0.63616,
        "hf_subset": "default",
        "languages": [
          "eng-Latn"
        ]
      }
    ]
  },
  "evaluation_time": 19.263596296310425,
  "kg_co2_emissions": null
}