{
  "dataset_revision": "0fd18e25b25c072e09e0d92ab615fda904d66300",
  "task_name": "Banking77Classification",
  "mteb_version": "1.26.3",
  "scores": {
    "test": [
      {
        "accuracy": 0.839903,
        "f1": 0.833422,
        "f1_weighted": 0.833422,
        "scores_per_experiment": [
          {
            "accuracy": 0.836039,
            "f1": 0.827799,
            "f1_weighted": 0.827799
          },
          {
            "accuracy": 0.841883,
            "f1": 0.834626,
            "f1_weighted": 0.834626
          },
          {
            "accuracy": 0.840909,
            "f1": 0.833188,
            "f1_weighted": 0.833188
          },
          {
            "accuracy": 0.842208,
            "f1": 0.837631,
            "f1_weighted": 0.837631
          },
          {
            "accuracy": 0.838961,
            "f1": 0.832879,
            "f1_weighted": 0.832879
          },
          {
            "accuracy": 0.845779,
            "f1": 0.841574,
            "f1_weighted": 0.841574
          },
          {
            "accuracy": 0.837987,
            "f1": 0.832651,
            "f1_weighted": 0.832651
          },
          {
            "accuracy": 0.837013,
            "f1": 0.829621,
            "f1_weighted": 0.829621
          },
          {
            "accuracy": 0.843506,
            "f1": 0.835904,
            "f1_weighted": 0.835904
          },
          {
            "accuracy": 0.83474,
            "f1": 0.82835,
            "f1_weighted": 0.82835
          }
        ],
        "main_score": 0.839903,
        "hf_subset": "default",
        "languages": [
          "eng-Latn"
        ]
      }
    ]
  },
  "evaluation_time": 11.250344276428223,
  "kg_co2_emissions": null
}