{
  "dataset_revision": "258694dd0231531bc1fd9de6ceb52a0853c6d908",
  "task_name": "BiorxivClusteringS2S",
  "mteb_version": "1.26.3",
  "scores": {
    "test": [
      {
        "v_measure": 0.36618,
        "v_measure_std": 0.011531,
        "v_measures": [
          0.36115,
          0.368914,
          0.361637,
          0.363034,
          0.35451,
          0.352799,
          0.370189,
          0.386003,
          0.356303,
          0.387265
        ],
        "main_score": 0.36618,
        "hf_subset": "default",
        "languages": [
          "eng-Latn"
        ]
      }
    ]
  },
  "evaluation_time": 20.469049215316772,
  "kg_co2_emissions": null
}