{
  "dataset_revision": "4f58c6b202a23cf9a4da393831edf4f9183cad37",
  "task_name": "EmotionClassification",
  "mteb_version": "1.26.3",
  "scores": {
    "validation": [
      {
        "accuracy": 0.5428,
        "f1": 0.485776,
        "f1_weighted": 0.555687,
        "scores_per_experiment": [
          {
            "accuracy": 0.574,
            "f1": 0.509071,
            "f1_weighted": 0.583973
          },
          {
            "accuracy": 0.5225,
            "f1": 0.467077,
            "f1_weighted": 0.526301
          },
          {
            "accuracy": 0.541,
            "f1": 0.480872,
            "f1_weighted": 0.557849
          },
          {
            "accuracy": 0.5435,
            "f1": 0.480935,
            "f1_weighted": 0.55818
          },
          {
            "accuracy": 0.561,
            "f1": 0.505411,
            "f1_weighted": 0.575175
          },
          {
            "accuracy": 0.568,
            "f1": 0.505952,
            "f1_weighted": 0.579723
          },
          {
            "accuracy": 0.5635,
            "f1": 0.492387,
            "f1_weighted": 0.576705
          },
          {
            "accuracy": 0.4875,
            "f1": 0.451664,
            "f1_weighted": 0.50234
          },
          {
            "accuracy": 0.53,
            "f1": 0.481772,
            "f1_weighted": 0.545364
          },
          {
            "accuracy": 0.537,
            "f1": 0.482624,
            "f1_weighted": 0.551265
          }
        ],
        "main_score": 0.5428,
        "hf_subset": "default",
        "languages": [
          "eng-Latn"
        ]
      }
    ],
    "test": [
      {
        "accuracy": 0.54605,
        "f1": 0.479151,
        "f1_weighted": 0.561524,
        "scores_per_experiment": [
          {
            "accuracy": 0.58,
            "f1": 0.502781,
            "f1_weighted": 0.592893
          },
          {
            "accuracy": 0.5365,
            "f1": 0.476334,
            "f1_weighted": 0.543534
          },
          {
            "accuracy": 0.5355,
            "f1": 0.463005,
            "f1_weighted": 0.554753
          },
          {
            "accuracy": 0.552,
            "f1": 0.481464,
            "f1_weighted": 0.56839
          },
          {
            "accuracy": 0.57,
            "f1": 0.508366,
            "f1_weighted": 0.584433
          },
          {
            "accuracy": 0.557,
            "f1": 0.484702,
            "f1_weighted": 0.569392
          },
          {
            "accuracy": 0.553,
            "f1": 0.468917,
            "f1_weighted": 0.570215
          },
          {
            "accuracy": 0.483,
            "f1": 0.442651,
            "f1_weighted": 0.501687
          },
          {
            "accuracy": 0.5485,
            "f1": 0.487949,
            "f1_weighted": 0.566086
          },
          {
            "accuracy": 0.545,
            "f1": 0.475339,
            "f1_weighted": 0.563856
          }
        ],
        "main_score": 0.54605,
        "hf_subset": "default",
        "languages": [
          "eng-Latn"
        ]
      }
    ]
  },
  "evaluation_time": 9.498891830444336,
  "kg_co2_emissions": null
}