{
  "dataset_revision": "4672e20407010da34463acc759c162ca9734bca6",
  "task_name": "MassiveIntentClassification",
  "mteb_version": "1.26.3",
  "scores": {
    "validation": [
      {
        "accuracy": 0.734678,
        "f1": 0.700139,
        "f1_weighted": 0.722375,
        "scores_per_experiment": [
          {
            "accuracy": 0.740777,
            "f1": 0.708845,
            "f1_weighted": 0.731565
          },
          {
            "accuracy": 0.757501,
            "f1": 0.720465,
            "f1_weighted": 0.749512
          },
          {
            "accuracy": 0.730448,
            "f1": 0.685153,
            "f1_weighted": 0.715882
          },
          {
            "accuracy": 0.745696,
            "f1": 0.703218,
            "f1_weighted": 0.736174
          },
          {
            "accuracy": 0.728972,
            "f1": 0.687018,
            "f1_weighted": 0.712165
          },
          {
            "accuracy": 0.714215,
            "f1": 0.691073,
            "f1_weighted": 0.697438
          },
          {
            "accuracy": 0.735858,
            "f1": 0.707398,
            "f1_weighted": 0.724162
          },
          {
            "accuracy": 0.725037,
            "f1": 0.685039,
            "f1_weighted": 0.715395
          },
          {
            "accuracy": 0.720118,
            "f1": 0.701511,
            "f1_weighted": 0.697945
          },
          {
            "accuracy": 0.748155,
            "f1": 0.711672,
            "f1_weighted": 0.743511
          }
        ],
        "main_score": 0.734678,
        "hf_subset": "en",
        "languages": [
          "eng-Latn"
        ]
      }
    ],
    "test": [
      {
        "accuracy": 0.726362,
        "f1": 0.707033,
        "f1_weighted": 0.715589,
        "scores_per_experiment": [
          {
            "accuracy": 0.734028,
            "f1": 0.718211,
            "f1_weighted": 0.723625
          },
          {
            "accuracy": 0.756221,
            "f1": 0.732057,
            "f1_weighted": 0.748894
          },
          {
            "accuracy": 0.71957,
            "f1": 0.69253,
            "f1_weighted": 0.706763
          },
          {
            "accuracy": 0.740753,
            "f1": 0.710987,
            "f1_weighted": 0.734299
          },
          {
            "accuracy": 0.712845,
            "f1": 0.68542,
            "f1_weighted": 0.696545
          },
          {
            "accuracy": 0.704102,
            "f1": 0.698,
            "f1_weighted": 0.691103
          },
          {
            "accuracy": 0.721587,
            "f1": 0.706946,
            "f1_weighted": 0.709175
          },
          {
            "accuracy": 0.727303,
            "f1": 0.697645,
            "f1_weighted": 0.720628
          },
          {
            "accuracy": 0.705447,
            "f1": 0.70461,
            "f1_weighted": 0.686225
          },
          {
            "accuracy": 0.741762,
            "f1": 0.723927,
            "f1_weighted": 0.73863
          }
        ],
        "main_score": 0.726362,
        "hf_subset": "en",
        "languages": [
          "eng-Latn"
        ]
      }
    ]
  },
  "evaluation_time": 6.494386434555054,
  "kg_co2_emissions": null
}