{
  "dataset_revision": "35191c8c0dca72d8ff3efcd72aa802307d469663",
  "task_name": "MedrxivClusteringS2S",
  "mteb_version": "1.26.3",
  "scores": {
    "test": [
      {
        "v_measure": 0.316789,
        "v_measure_std": 0.015661,
        "v_measures": [
          0.297069,
          0.306524,
          0.296163,
          0.303344,
          0.307596,
          0.33163,
          0.328488,
          0.339708,
          0.335831,
          0.321541
        ],
        "main_score": 0.316789,
        "hf_subset": "default",
        "languages": [
          "eng-Latn"
        ]
      }
    ]
  },
  "evaluation_time": 12.200965404510498,
  "kg_co2_emissions": null
}