{
  "dataset_revision": "ec0fa4fe99da2ff19ca1214b7966684033a58814",
  "task_name": "NFCorpus",
  "mteb_version": "1.26.3",
  "scores": {
    "test": [
      {
        "ndcg_at_1": 0.45046,
        "ndcg_at_3": 0.42771,
        "ndcg_at_5": 0.40478,
        "ndcg_at_10": 0.3681,
        "ndcg_at_20": 0.34485,
        "ndcg_at_100": 0.33721,
        "ndcg_at_1000": 0.42631,
        "map_at_1": 0.06352,
        "map_at_3": 0.10554,
        "map_at_5": 0.1223,
        "map_at_10": 0.14183,
        "map_at_20": 0.1579,
        "map_at_100": 0.17945,
        "map_at_1000": 0.19455,
        "recall_at_1": 0.06352,
        "recall_at_3": 0.11623,
        "recall_at_5": 0.14109,
        "recall_at_10": 0.1756,
        "recall_at_20": 0.21513,
        "recall_at_100": 0.332,
        "recall_at_1000": 0.65927,
        "precision_at_1": 0.47059,
        "precision_at_3": 0.40454,
        "precision_at_5": 0.35294,
        "precision_at_10": 0.27307,
        "precision_at_20": 0.20294,
        "precision_at_100": 0.08529,
        "precision_at_1000": 0.02152,
        "mrr_at_1": 0.47678,
        "mrr_at_3": 0.549536,
        "mrr_at_5": 0.563158,
        "mrr_at_10": 0.56857,
        "mrr_at_20": 0.571628,
        "mrr_at_100": 0.573794,
        "mrr_at_1000": 0.574205,
        "nauc_ndcg_at_1_max": 0.371077,
        "nauc_ndcg_at_1_std": 0.220052,
        "nauc_ndcg_at_1_diff1": 0.397729,
        "nauc_ndcg_at_3_max": 0.396279,
        "nauc_ndcg_at_3_std": 0.257904,
        "nauc_ndcg_at_3_diff1": 0.260723,
        "nauc_ndcg_at_5_max": 0.395597,
        "nauc_ndcg_at_5_std": 0.263654,
        "nauc_ndcg_at_5_diff1": 0.235411,
        "nauc_ndcg_at_10_max": 0.390402,
        "nauc_ndcg_at_10_std": 0.294916,
        "nauc_ndcg_at_10_diff1": 0.230653,
        "nauc_ndcg_at_20_max": 0.376583,
        "nauc_ndcg_at_20_std": 0.295312,
        "nauc_ndcg_at_20_diff1": 0.243557,
        "nauc_ndcg_at_100_max": 0.406272,
        "nauc_ndcg_at_100_std": 0.308285,
        "nauc_ndcg_at_100_diff1": 0.270074,
        "nauc_ndcg_at_1000_max": 0.449572,
        "nauc_ndcg_at_1000_std": 0.357383,
        "nauc_ndcg_at_1000_diff1": 0.26622,
        "nauc_map_at_1_max": 0.148313,
        "nauc_map_at_1_std": -0.158781,
        "nauc_map_at_1_diff1": 0.505171,
        "nauc_map_at_3_max": 0.1882,
        "nauc_map_at_3_std": -0.092316,
        "nauc_map_at_3_diff1": 0.423091,
        "nauc_map_at_5_max": 0.215199,
        "nauc_map_at_5_std": -0.056863,
        "nauc_map_at_5_diff1": 0.393273,
        "nauc_map_at_10_max": 0.255733,
        "nauc_map_at_10_std": 0.016525,
        "nauc_map_at_10_diff1": 0.357724,
        "nauc_map_at_20_max": 0.277143,
        "nauc_map_at_20_std": 0.064729,
        "nauc_map_at_20_diff1": 0.339699,
        "nauc_map_at_100_max": 0.302969,
        "nauc_map_at_100_std": 0.135335,
        "nauc_map_at_100_diff1": 0.307017,
        "nauc_map_at_1000_max": 0.309776,
        "nauc_map_at_1000_std": 0.173892,
        "nauc_map_at_1000_diff1": 0.283829,
        "nauc_recall_at_1_max": 0.148313,
        "nauc_recall_at_1_std": -0.158781,
        "nauc_recall_at_1_diff1": 0.505171,
        "nauc_recall_at_3_max": 0.182594,
        "nauc_recall_at_3_std": -0.083815,
        "nauc_recall_at_3_diff1": 0.404745,
        "nauc_recall_at_5_max": 0.198142,
        "nauc_recall_at_5_std": -0.046667,
        "nauc_recall_at_5_diff1": 0.365564,
        "nauc_recall_at_10_max": 0.244814,
        "nauc_recall_at_10_std": 0.048945,
        "nauc_recall_at_10_diff1": 0.337143,
        "nauc_recall_at_20_max": 0.265779,
        "nauc_recall_at_20_std": 0.122603,
        "nauc_recall_at_20_diff1": 0.319082,
        "nauc_recall_at_100_max": 0.288285,
        "nauc_recall_at_100_std": 0.238531,
        "nauc_recall_at_100_diff1": 0.238676,
        "nauc_recall_at_1000_max": 0.216379,
        "nauc_recall_at_1000_std": 0.274029,
        "nauc_recall_at_1000_diff1": 0.096033,
        "nauc_precision_at_1_max": 0.386087,
        "nauc_precision_at_1_std": 0.228951,
        "nauc_precision_at_1_diff1": 0.411037,
        "nauc_precision_at_3_max": 0.40522,
        "nauc_precision_at_3_std": 0.327567,
        "nauc_precision_at_3_diff1": 0.141238,
        "nauc_precision_at_5_max": 0.385698,
        "nauc_precision_at_5_std": 0.349683,
        "nauc_precision_at_5_diff1": 0.057594,
        "nauc_precision_at_10_max": 0.359881,
        "nauc_precision_at_10_std": 0.41795,
        "nauc_precision_at_10_diff1": -0.022981,
        "nauc_precision_at_20_max": 0.294723,
        "nauc_precision_at_20_std": 0.431993,
        "nauc_precision_at_20_diff1": -0.067849,
        "nauc_precision_at_100_max": 0.191361,
        "nauc_precision_at_100_std": 0.477654,
        "nauc_precision_at_100_diff1": -0.181128,
        "nauc_precision_at_1000_max": 0.048988,
        "nauc_precision_at_1000_std": 0.366789,
        "nauc_precision_at_1000_diff1": -0.24578,
        "nauc_mrr_at_1_max": 0.380993,
        "nauc_mrr_at_1_std": 0.219981,
        "nauc_mrr_at_1_diff1": 0.394402,
        "nauc_mrr_at_3_max": 0.443875,
        "nauc_mrr_at_3_std": 0.287169,
        "nauc_mrr_at_3_diff1": 0.386323,
        "nauc_mrr_at_5_max": 0.441254,
        "nauc_mrr_at_5_std": 0.294979,
        "nauc_mrr_at_5_diff1": 0.387925,
        "nauc_mrr_at_10_max": 0.448461,
        "nauc_mrr_at_10_std": 0.296883,
        "nauc_mrr_at_10_diff1": 0.389707,
        "nauc_mrr_at_20_max": 0.449638,
        "nauc_mrr_at_20_std": 0.298699,
        "nauc_mrr_at_20_diff1": 0.388984,
        "nauc_mrr_at_100_max": 0.449031,
        "nauc_mrr_at_100_std": 0.298036,
        "nauc_mrr_at_100_diff1": 0.387794,
        "nauc_mrr_at_1000_max": 0.448637,
        "nauc_mrr_at_1000_std": 0.297755,
        "nauc_mrr_at_1000_diff1": 0.387704,
        "main_score": 0.3681,
        "hf_subset": "default",
        "languages": [
          "eng-Latn"
        ]
      }
    ]
  },
  "evaluation_time": 11.0994553565979,
  "kg_co2_emissions": null
}