{
  "dataset_revision": "d3c5e1fc0b855ab6097bf1cda04dd73947d7caab",
  "task_name": "SciDocsRR",
  "mteb_version": "1.26.3",
  "scores": {
    "test": [
      {
        "map": 0.874941,
        "mrr": 0.964104,
        "nAUC_map_max": 0.528004,
        "nAUC_map_std": 0.672256,
        "nAUC_map_diff1": -0.057844,
        "nAUC_mrr_max": 0.850564,
        "nAUC_mrr_std": 0.794744,
        "nAUC_mrr_diff1": 0.306086,
        "main_score": 0.874941,
        "hf_subset": "default",
        "languages": [
          "eng-Latn"
        ]
      }
    ]
  },
  "evaluation_time": 20.093344688415527,
  "kg_co2_emissions": null
}