{
  "dataset_revision": "0228b52cf27578f30900b9e5271d331663a030d7",
  "task_name": "SciFact",
  "mteb_version": "1.26.3",
  "scores": {
    "train": [
      {
        "ndcg_at_1": 0.65884,
        "ndcg_at_3": 0.7323,
        "ndcg_at_5": 0.75378,
        "ndcg_at_10": 0.77066,
        "ndcg_at_20": 0.78389,
        "ndcg_at_100": 0.79287,
        "ndcg_at_1000": 0.79542,
        "map_at_1": 0.62684,
        "map_at_3": 0.70651,
        "map_at_5": 0.72129,
        "map_at_10": 0.72968,
        "map_at_20": 0.73386,
        "map_at_100": 0.73518,
        "map_at_1000": 0.73529,
        "recall_at_1": 0.62684,
        "recall_at_3": 0.78284,
        "recall_at_5": 0.83428,
        "recall_at_10": 0.88201,
        "recall_at_20": 0.9316,
        "recall_at_100": 0.97919,
        "recall_at_1000": 0.99876,
        "precision_at_1": 0.65884,
        "precision_at_3": 0.2876,
        "precision_at_5": 0.1864,
        "precision_at_10": 0.1,
        "precision_at_20": 0.0529,
        "precision_at_100": 0.01114,
        "precision_at_1000": 0.00113,
        "mrr_at_1": 0.658838,
        "mrr_at_3": 0.725587,
        "mrr_at_5": 0.735723,
        "mrr_at_10": 0.741129,
        "mrr_at_20": 0.744353,
        "mrr_at_100": 0.745379,
        "mrr_at_1000": 0.745472,
        "nauc_ndcg_at_1_max": 0.474058,
        "nauc_ndcg_at_1_std": 0.147043,
        "nauc_ndcg_at_1_diff1": 0.656233,
        "nauc_ndcg_at_3_max": 0.478519,
        "nauc_ndcg_at_3_std": 0.151587,
        "nauc_ndcg_at_3_diff1": 0.621565,
        "nauc_ndcg_at_5_max": 0.482877,
        "nauc_ndcg_at_5_std": 0.155533,
        "nauc_ndcg_at_5_diff1": 0.612804,
        "nauc_ndcg_at_10_max": 0.500287,
        "nauc_ndcg_at_10_std": 0.191988,
        "nauc_ndcg_at_10_diff1": 0.608407,
        "nauc_ndcg_at_20_max": 0.492415,
        "nauc_ndcg_at_20_std": 0.188333,
        "nauc_ndcg_at_20_diff1": 0.60912,
        "nauc_ndcg_at_100_max": 0.49408,
        "nauc_ndcg_at_100_std": 0.18309,
        "nauc_ndcg_at_100_diff1": 0.615048,
        "nauc_ndcg_at_1000_max": 0.491469,
        "nauc_ndcg_at_1000_std": 0.177357,
        "nauc_ndcg_at_1000_diff1": 0.616463,
        "nauc_map_at_1_max": 0.401699,
        "nauc_map_at_1_std": 0.089339,
        "nauc_map_at_1_diff1": 0.671818,
        "nauc_map_at_3_max": 0.457001,
        "nauc_map_at_3_std": 0.118388,
        "nauc_map_at_3_diff1": 0.638164,
        "nauc_map_at_5_max": 0.473911,
        "nauc_map_at_5_std": 0.128656,
        "nauc_map_at_5_diff1": 0.630688,
        "nauc_map_at_10_max": 0.481629,
        "nauc_map_at_10_std": 0.148657,
        "nauc_map_at_10_diff1": 0.627632,
        "nauc_map_at_20_max": 0.479464,
        "nauc_map_at_20_std": 0.148507,
        "nauc_map_at_20_diff1": 0.627793,
        "nauc_map_at_100_max": 0.479867,
        "nauc_map_at_100_std": 0.148317,
        "nauc_map_at_100_diff1": 0.628302,
        "nauc_map_at_1000_max": 0.479818,
        "nauc_map_at_1000_std": 0.148175,
        "nauc_map_at_1000_diff1": 0.628361,
        "nauc_recall_at_1_max": 0.401699,
        "nauc_recall_at_1_std": 0.089339,
        "nauc_recall_at_1_diff1": 0.671818,
        "nauc_recall_at_3_max": 0.470822,
        "nauc_recall_at_3_std": 0.163138,
        "nauc_recall_at_3_diff1": 0.587075,
        "nauc_recall_at_5_max": 0.479456,
        "nauc_recall_at_5_std": 0.184607,
        "nauc_recall_at_5_diff1": 0.54883,
        "nauc_recall_at_10_max": 0.56723,
        "nauc_recall_at_10_std": 0.351123,
        "nauc_recall_at_10_diff1": 0.521013,
        "nauc_recall_at_20_max": 0.534277,
        "nauc_recall_at_20_std": 0.406402,
        "nauc_recall_at_20_diff1": 0.47655,
        "nauc_recall_at_100_max": 0.714528,
        "nauc_recall_at_100_std": 0.631958,
        "nauc_recall_at_100_diff1": 0.512429,
        "nauc_recall_at_1000_max": 1.0,
        "nauc_recall_at_1000_std": 1.0,
        "nauc_recall_at_1000_diff1": 0.357762,
        "nauc_precision_at_1_max": 0.474058,
        "nauc_precision_at_1_std": 0.147043,
        "nauc_precision_at_1_diff1": 0.656233,
        "nauc_precision_at_3_max": 0.457546,
        "nauc_precision_at_3_std": 0.246677,
        "nauc_precision_at_3_diff1": 0.255347,
        "nauc_precision_at_5_max": 0.425104,
        "nauc_precision_at_5_std": 0.282809,
        "nauc_precision_at_5_diff1": 0.096548,
        "nauc_precision_at_10_max": 0.374509,
        "nauc_precision_at_10_std": 0.384442,
        "nauc_precision_at_10_diff1": -0.043741,
        "nauc_precision_at_20_max": 0.284752,
        "nauc_precision_at_20_std": 0.377635,
        "nauc_precision_at_20_diff1": -0.16658,
        "nauc_precision_at_100_max": 0.213077,
        "nauc_precision_at_100_std": 0.363908,
        "nauc_precision_at_100_diff1": -0.292541,
        "nauc_precision_at_1000_max": 0.165639,
        "nauc_precision_at_1000_std": 0.331628,
        "nauc_precision_at_1000_diff1": -0.356907,
        "nauc_mrr_at_1_max": 0.474058,
        "nauc_mrr_at_1_std": 0.147043,
        "nauc_mrr_at_1_diff1": 0.656233,
        "nauc_mrr_at_3_max": 0.496259,
        "nauc_mrr_at_3_std": 0.184152,
        "nauc_mrr_at_3_diff1": 0.619225,
        "nauc_mrr_at_5_max": 0.49054,
        "nauc_mrr_at_5_std": 0.182877,
        "nauc_mrr_at_5_diff1": 0.617049,
        "nauc_mrr_at_10_max": 0.494838,
        "nauc_mrr_at_10_std": 0.188222,
        "nauc_mrr_at_10_diff1": 0.617707,
        "nauc_mrr_at_20_max": 0.492785,
        "nauc_mrr_at_20_std": 0.18615,
        "nauc_mrr_at_20_diff1": 0.618131,
        "nauc_mrr_at_100_max": 0.49303,
        "nauc_mrr_at_100_std": 0.185054,
        "nauc_mrr_at_100_diff1": 0.618797,
        "nauc_mrr_at_1000_max": 0.492991,
        "nauc_mrr_at_1000_std": 0.184958,
        "nauc_mrr_at_1000_diff1": 0.618864,
        "main_score": 0.77066,
        "hf_subset": "default",
        "languages": [
          "eng-Latn"
        ]
      }
    ],
    "test": [
      {
        "ndcg_at_1": 0.61,
        "ndcg_at_3": 0.70163,
        "ndcg_at_5": 0.72175,
        "ndcg_at_10": 0.73763,
        "ndcg_at_20": 0.75013,
        "ndcg_at_100": 0.76046,
        "ndcg_at_1000": 0.76387,
        "map_at_1": 0.58094,
        "map_at_3": 0.67024,
        "map_at_5": 0.68404,
        "map_at_10": 0.69185,
        "map_at_20": 0.69582,
        "map_at_100": 0.69718,
        "map_at_1000": 0.69731,
        "recall_at_1": 0.58094,
        "recall_at_3": 0.7695,
        "recall_at_5": 0.82094,
        "recall_at_10": 0.86589,
        "recall_at_20": 0.91322,
        "recall_at_100": 0.97,
        "recall_at_1000": 0.99667,
        "precision_at_1": 0.61,
        "precision_at_3": 0.28111,
        "precision_at_5": 0.18333,
        "precision_at_10": 0.098,
        "precision_at_20": 0.05183,
        "precision_at_100": 0.011,
        "precision_at_1000": 0.00113,
        "mrr_at_1": 0.61,
        "mrr_at_3": 0.682778,
        "mrr_at_5": 0.694778,
        "mrr_at_10": 0.700366,
        "mrr_at_20": 0.703148,
        "mrr_at_100": 0.704281,
        "mrr_at_1000": 0.704406,
        "nauc_ndcg_at_1_max": 0.507682,
        "nauc_ndcg_at_1_std": 0.024857,
        "nauc_ndcg_at_1_diff1": 0.760962,
        "nauc_ndcg_at_3_max": 0.530254,
        "nauc_ndcg_at_3_std": 0.030243,
        "nauc_ndcg_at_3_diff1": 0.703233,
        "nauc_ndcg_at_5_max": 0.541733,
        "nauc_ndcg_at_5_std": 0.036773,
        "nauc_ndcg_at_5_diff1": 0.71003,
        "nauc_ndcg_at_10_max": 0.569832,
        "nauc_ndcg_at_10_std": 0.052083,
        "nauc_ndcg_at_10_diff1": 0.708784,
        "nauc_ndcg_at_20_max": 0.565822,
        "nauc_ndcg_at_20_std": 0.068683,
        "nauc_ndcg_at_20_diff1": 0.714633,
        "nauc_ndcg_at_100_max": 0.558543,
        "nauc_ndcg_at_100_std": 0.068542,
        "nauc_ndcg_at_100_diff1": 0.714556,
        "nauc_ndcg_at_1000_max": 0.554576,
        "nauc_ndcg_at_1000_std": 0.060267,
        "nauc_ndcg_at_1000_diff1": 0.718424,
        "nauc_map_at_1_max": 0.444381,
        "nauc_map_at_1_std": -0.056027,
        "nauc_map_at_1_diff1": 0.780115,
        "nauc_map_at_3_max": 0.509992,
        "nauc_map_at_3_std": -0.00234,
        "nauc_map_at_3_diff1": 0.725229,
        "nauc_map_at_5_max": 0.526629,
        "nauc_map_at_5_std": 0.014673,
        "nauc_map_at_5_diff1": 0.72472,
        "nauc_map_at_10_max": 0.540498,
        "nauc_map_at_10_std": 0.026883,
        "nauc_map_at_10_diff1": 0.723879,
        "nauc_map_at_20_max": 0.53871,
        "nauc_map_at_20_std": 0.032686,
        "nauc_map_at_20_diff1": 0.725212,
        "nauc_map_at_100_max": 0.538253,
        "nauc_map_at_100_std": 0.032693,
        "nauc_map_at_100_diff1": 0.725136,
        "nauc_map_at_1000_max": 0.538146,
        "nauc_map_at_1000_std": 0.032491,
        "nauc_map_at_1000_diff1": 0.725241,
        "nauc_recall_at_1_max": 0.444381,
        "nauc_recall_at_1_std": -0.056027,
        "nauc_recall_at_1_diff1": 0.780115,
        "nauc_recall_at_3_max": 0.506575,
        "nauc_recall_at_3_std": 0.003954,
        "nauc_recall_at_3_diff1": 0.638131,
        "nauc_recall_at_5_max": 0.562648,
        "nauc_recall_at_5_std": 0.048625,
        "nauc_recall_at_5_diff1": 0.635381,
        "nauc_recall_at_10_max": 0.696394,
        "nauc_recall_at_10_std": 0.100131,
        "nauc_recall_at_10_diff1": 0.617122,
        "nauc_recall_at_20_max": 0.728897,
        "nauc_recall_at_20_std": 0.257064,
        "nauc_recall_at_20_diff1": 0.637735,
        "nauc_recall_at_100_max": 0.748988,
        "nauc_recall_at_100_std": 0.605353,
        "nauc_recall_at_100_diff1": 0.527544,
        "nauc_recall_at_1000_max": 0.358077,
        "nauc_recall_at_1000_std": 0.869281,
        "nauc_recall_at_1000_diff1": 0.869281,
        "nauc_precision_at_1_max": 0.507682,
        "nauc_precision_at_1_std": 0.024857,
        "nauc_precision_at_1_diff1": 0.760962,
        "nauc_precision_at_3_max": 0.47995,
        "nauc_precision_at_3_std": 0.251743,
        "nauc_precision_at_3_diff1": 0.296069,
        "nauc_precision_at_5_max": 0.481643,
        "nauc_precision_at_5_std": 0.357441,
        "nauc_precision_at_5_diff1": 0.17454,
        "nauc_precision_at_10_max": 0.480208,
        "nauc_precision_at_10_std": 0.445431,
        "nauc_precision_at_10_diff1": 0.044013,
        "nauc_precision_at_20_max": 0.384649,
        "nauc_precision_at_20_std": 0.524307,
        "nauc_precision_at_20_diff1": -0.053483,
        "nauc_precision_at_100_max": 0.285469,
        "nauc_precision_at_100_std": 0.589828,
        "nauc_precision_at_100_diff1": -0.227813,
        "nauc_precision_at_1000_max": 0.22594,
        "nauc_precision_at_1000_std": 0.591857,
        "nauc_precision_at_1000_diff1": -0.310607,
        "nauc_mrr_at_1_max": 0.507682,
        "nauc_mrr_at_1_std": 0.024857,
        "nauc_mrr_at_1_diff1": 0.760962,
        "nauc_mrr_at_3_max": 0.538257,
        "nauc_mrr_at_3_std": 0.048148,
        "nauc_mrr_at_3_diff1": 0.723535,
        "nauc_mrr_at_5_max": 0.546176,
        "nauc_mrr_at_5_std": 0.059293,
        "nauc_mrr_at_5_diff1": 0.725739,
        "nauc_mrr_at_10_max": 0.553498,
        "nauc_mrr_at_10_std": 0.056833,
        "nauc_mrr_at_10_diff1": 0.72623,
        "nauc_mrr_at_20_max": 0.552271,
        "nauc_mrr_at_20_std": 0.058436,
        "nauc_mrr_at_20_diff1": 0.727228,
        "nauc_mrr_at_100_max": 0.551361,
        "nauc_mrr_at_100_std": 0.058118,
        "nauc_mrr_at_100_diff1": 0.727274,
        "nauc_mrr_at_1000_max": 0.55126,
        "nauc_mrr_at_1000_std": 0.057926,
        "nauc_mrr_at_1000_diff1": 0.727382,
        "main_score": 0.73763,
        "hf_subset": "default",
        "languages": [
          "eng-Latn"
        ]
      }
    ]
  },
  "evaluation_time": 30.127219438552856,
  "kg_co2_emissions": null
}