{
  "dataset_revision": "20a6d6f312dd54037fe07a32d58e5e168867909d",
  "task_name": "SICK-R",
  "mteb_version": "1.26.3",
  "scores": {
    "test": [
      {
        "pearson": 0.841264,
        "spearman": 0.803011,
        "cosine_pearson": 0.841264,
        "cosine_spearman": 0.803011,
        "manhattan_pearson": 0.814221,
        "manhattan_spearman": 0.802822,
        "euclidean_pearson": 0.814418,
        "euclidean_spearman": 0.803011,
        "main_score": 0.803011,
        "hf_subset": "default",
        "languages": [
          "eng-Latn"
        ]
      }
    ]
  },
  "evaluation_time": 3.3836233615875244,
  "kg_co2_emissions": null
}