{
  "dataset_revision": "d66bd1f72af766a5cc4b0ca5e00c162f89e8cc46",
  "task_name": "SprintDuplicateQuestions",
  "mteb_version": "1.26.3",
  "scores": {
    "validation": [
      {
        "similarity_accuracy": 0.998376,
        "similarity_accuracy_threshold": 0.801008,
        "similarity_f1": 0.918408,
        "similarity_f1_threshold": 0.799855,
        "similarity_precision": 0.913861,
        "similarity_recall": 0.923,
        "similarity_ap": 0.966654,
        "cosine_accuracy": 0.998376,
        "cosine_accuracy_threshold": 0.801008,
        "cosine_f1": 0.918408,
        "cosine_f1_threshold": 0.799854,
        "cosine_precision": 0.913861,
        "cosine_recall": 0.923,
        "cosine_ap": 0.966654,
        "manhattan_accuracy": 0.998366,
        "manhattan_accuracy_threshold": 13.659047,
        "manhattan_f1": 0.918065,
        "manhattan_f1_threshold": 14.083826,
        "manhattan_precision": 0.906433,
        "manhattan_recall": 0.93,
        "manhattan_ap": 0.966704,
        "euclidean_accuracy": 0.998376,
        "euclidean_accuracy_threshold": 0.63086,
        "euclidean_f1": 0.918408,
        "euclidean_f1_threshold": 0.632686,
        "euclidean_precision": 0.913861,
        "euclidean_recall": 0.923,
        "euclidean_ap": 0.966654,
        "dot_accuracy": 0.998376,
        "dot_accuracy_threshold": 0.801008,
        "dot_f1": 0.918408,
        "dot_f1_threshold": 0.799855,
        "dot_precision": 0.913861,
        "dot_recall": 0.923,
        "dot_ap": 0.966654,
        "max_accuracy": 0.998376,
        "max_f1": 0.918408,
        "max_precision": 0.913861,
        "max_recall": 0.93,
        "max_ap": 0.966704,
        "main_score": 0.966704,
        "hf_subset": "default",
        "languages": [
          "eng-Latn"
        ]
      }
    ],
    "test": [
      {
        "similarity_accuracy": 0.998495,
        "similarity_accuracy_threshold": 0.815212,
        "similarity_f1": 0.923077,
        "similarity_f1_threshold": 0.814471,
        "similarity_precision": 0.934426,
        "similarity_recall": 0.912,
        "similarity_ap": 0.963288,
        "cosine_accuracy": 0.998495,
        "cosine_accuracy_threshold": 0.815212,
        "cosine_f1": 0.923077,
        "cosine_f1_threshold": 0.814471,
        "cosine_precision": 0.934426,
        "cosine_recall": 0.912,
        "cosine_ap": 0.963288,
        "manhattan_accuracy": 0.998505,
        "manhattan_accuracy_threshold": 13.242711,
        "manhattan_f1": 0.922762,
        "manhattan_f1_threshold": 13.242711,
        "manhattan_precision": 0.944503,
        "manhattan_recall": 0.902,
        "manhattan_ap": 0.963707,
        "euclidean_accuracy": 0.998495,
        "euclidean_accuracy_threshold": 0.607927,
        "euclidean_f1": 0.923077,
        "euclidean_f1_threshold": 0.609146,
        "euclidean_precision": 0.934426,
        "euclidean_recall": 0.912,
        "euclidean_ap": 0.963288,
        "dot_accuracy": 0.998495,
        "dot_accuracy_threshold": 0.815212,
        "dot_f1": 0.923077,
        "dot_f1_threshold": 0.814471,
        "dot_precision": 0.934426,
        "dot_recall": 0.912,
        "dot_ap": 0.963288,
        "max_accuracy": 0.998505,
        "max_f1": 0.923077,
        "max_precision": 0.944503,
        "max_recall": 0.912,
        "max_ap": 0.963707,
        "main_score": 0.963707,
        "hf_subset": "default",
        "languages": [
          "eng-Latn"
        ]
      }
    ]
  },
  "evaluation_time": 19.36458969116211,
  "kg_co2_emissions": null
}