{
  "dataset_revision": "e185fbe320c72810689fc5848eb6114e1ef5ec69",
  "task_name": "StackOverflowDupQuestions",
  "mteb_version": "1.26.3",
  "scores": {
    "test": [
      {
        "map": 0.546166,
        "mrr": 0.555239,
        "nAUC_map_max": 0.126215,
        "nAUC_map_std": 0.081987,
        "nAUC_map_diff1": 0.404141,
        "nAUC_mrr_max": 0.137068,
        "nAUC_mrr_std": 0.08859,
        "nAUC_mrr_diff1": 0.400119,
        "main_score": 0.546166,
        "hf_subset": "default",
        "languages": [
          "eng-Latn"
        ]
      }
    ]
  },
  "evaluation_time": 15.342496156692505,
  "kg_co2_emissions": null
}