{
  "dataset_revision": "7e90230a92c190f1bf69ae9002b8cea547a64cca",
  "task_name": "STS13",
  "mteb_version": "1.26.3",
  "scores": {
    "test": [
      {
        "pearson": 0.825023,
        "spearman": 0.841836,
        "cosine_pearson": 0.825023,
        "cosine_spearman": 0.841836,
        "manhattan_pearson": 0.832649,
        "manhattan_spearman": 0.840575,
        "euclidean_pearson": 0.833809,
        "euclidean_spearman": 0.841836,
        "main_score": 0.841836,
        "hf_subset": "default",
        "languages": [
          "eng-Latn"
        ]
      }
    ]
  },
  "evaluation_time": 0.5599327087402344,
  "kg_co2_emissions": null
}