{
  "dataset_revision": "4d8694f8f0e0100860b497b999b3dbed754a0513",
  "task_name": "STS16",
  "mteb_version": "1.26.3",
  "scores": {
    "test": [
      {
        "pearson": 0.835237,
        "spearman": 0.854741,
        "cosine_pearson": 0.835237,
        "cosine_spearman": 0.854741,
        "manhattan_pearson": 0.845581,
        "manhattan_spearman": 0.854997,
        "euclidean_pearson": 0.845423,
        "euclidean_spearman": 0.854741,
        "main_score": 0.854741,
        "hf_subset": "default",
        "languages": [
          "eng-Latn"
        ]
      }
    ]
  },
  "evaluation_time": 0.5315823554992676,
  "kg_co2_emissions": null
}