{
  "dataset_revision": "b0fddb56ed78048fa8b90373c8a3cfc37b684831",
  "task_name": "STSBenchmark",
  "mteb_version": "1.26.3",
  "scores": {
    "test": [
      {
        "pearson": 0.846476,
        "spearman": 0.86418,
        "cosine_pearson": 0.846476,
        "cosine_spearman": 0.86418,
        "manhattan_pearson": 0.857684,
        "manhattan_spearman": 0.864182,
        "euclidean_pearson": 0.857601,
        "euclidean_spearman": 0.86418,
        "main_score": 0.86418,
        "hf_subset": "default",
        "languages": [
          "eng-Latn"
        ]
      }
    ]
  },
  "evaluation_time": 0.5400712490081787,
  "kg_co2_emissions": null
}