{
  "dataset_revision": "6125ec4e24fa026cec8a478383ee943acfbd5449",
  "task_name": "TwentyNewsgroupsClustering",
  "mteb_version": "1.26.3",
  "scores": {
    "test": [
      {
        "v_measure": 0.50754,
        "v_measure_std": 0.011873,
        "v_measures": [
          0.516507,
          0.500759,
          0.511741,
          0.532504,
          0.500819,
          0.511845,
          0.505062,
          0.512124,
          0.497935,
          0.486105
        ],
        "main_score": 0.50754,
        "hf_subset": "default",
        "languages": [
          "eng-Latn"
        ]
      }
    ]
  },
  "evaluation_time": 9.832462310791016,
  "kg_co2_emissions": null
}